screen/route,file:line,component,element,token,role/size,floor,x_band_dp,alignment,vertical_position,density,verification,parent_chain_note,bare_kind
DuplicateReview,src/components/CandidateCardGrid.tsx:154,CandidateCardGrid,Text,textSecondary,Text ?,4.5,0..W-0,centered(alignItems),static-body(non-scrolling),dense (veil galaxy 0.22 / standard 0.30),"ESTIMATED(AST-traced, not hand-read)",View@153{progress} < ⟨CandidateCardGrid⟩ < <CandidateCardGrid>@src/screens/DuplicateReviewScreen.tsx:306 < View@291{root} < ⟨DuplicateReviewScreen⟩ < route:DuplicateReview@src/navigation/tabs/SettingsStack.tsx || View@153{progress} < ⟨CandidateCardGrid⟩ < <CandidateCardGrid>@src/screens/DuplicateReviewScreen.tsx:342 < View@291{root} < ⟨DuplicateReviewScreen⟩ < route:DuplicateReview@src/navigation/tabs/SettingsStack.tsx || View@153{progress} < ⟨CandidateCardGrid⟩ < <CandidateCardGrid>@src/screens/ReconcileGridScreen.tsx:451 < View@432{root} < ⟨ReconcileGridScreen⟩ < route:ReconcileGrid@src/navigation/tabs/SettingsStack.tsx,bare
ReconcileGrid,src/components/CandidateCardGrid.tsx:154,CandidateCardGrid,Text,textSecondary,Text ?,4.5,0..W-0,centered(alignItems),static-body(non-scrolling),dense (veil galaxy 0.22 / standard 0.30),"ESTIMATED(AST-traced, not hand-read)",View@153{progress} < ⟨CandidateCardGrid⟩ < <CandidateCardGrid>@src/screens/DuplicateReviewScreen.tsx:306 < View@291{root} < ⟨DuplicateReviewScreen⟩ < route:DuplicateReview@src/navigation/tabs/SettingsStack.tsx || View@153{progress} < ⟨CandidateCardGrid⟩ < <CandidateCardGrid>@src/screens/DuplicateReviewScreen.tsx:342 < View@291{root} < ⟨DuplicateReviewScreen⟩ < route:DuplicateReview@src/navigation/tabs/SettingsStack.tsx || View@153{progress} < ⟨CandidateCardGrid⟩ < <CandidateCardGrid>@src/screens/ReconcileGridScreen.tsx:451 < View@432{root} < ⟨ReconcileGridScreen⟩ < route:ReconcileGrid@src/navigation/tabs/SettingsStack.tsx,bare
ImportReview,src/components/ContactMethodsEditor.tsx:64,ContactMethodsEditor,Text,textPrimary,"Text 16/""600""",4.5,16..W-16,left,scrolling,dense (veil galaxy 0.22 / standard 0.30),VERIFIED,View@63{group} < ⟨local group⟩ < View@200{container} < ⟨ContactMethodsEditor⟩ < <ContactMethodsEditor>@src/screens/ImportReviewScreen.tsx:526 < View@525{field} < ScrollView@368 < ⟨ImportReviewScreen⟩ < route:ImportReview@src/navigation/tabs/SettingsStack.tsx || View@63{group} < ⟨local group⟩ < View@200{container} < ⟨ContactMethodsEditor⟩ < <ContactMethodsEditor>@src/screens/UpdateContactScreen.tsx:595 < EditorFrame@594 < ⟨ContactMethodFocusedEditor⟩ < <ContactMethodFocusedEditor>@src/screens/UpdateContactScreen.tsx:915 < ⟨local renderActiveEditor⟩ < ScrollView@958 < View@956{root} < ⟨UpdateContactScreen⟩ < route:UpdateContact@src/navigation/tabs/DashboardStack.tsx || View@63{group} < ⟨local group⟩ < View@200{container} < ⟨ContactMethodsEditor⟩ < <ContactMethodsEditor>@src/screens/ImportReviewScreen.tsx:526 < View@525{field} < ScrollView@368 < ⟨ImportReviewScreen⟩ < route:ImportReview@src/navigation/tabs/SettingsStack.tsx ; pads: ScrollView@368{cc.padding=16} ; BACKED under: opaque:slot AccordionSection.children → View style bg=colors.surface@src/components/ui/AccordionSection.tsx:72,mixed
UpdateContact,src/components/ContactMethodsEditor.tsx:64,ContactMethodsEditor,Text,textPrimary,"Text 16/""600""",4.5,16..W-16,left,scrolling,dense (veil galaxy 0.22 / standard 0.30),VERIFIED,View@63{group} < ⟨local group⟩ < View@200{container} < ⟨ContactMethodsEditor⟩ < <ContactMethodsEditor>@src/screens/ImportReviewScreen.tsx:526 < View@525{field} < ScrollView@368 < ⟨ImportReviewScreen⟩ < route:ImportReview@src/navigation/tabs/SettingsStack.tsx || View@63{group} < ⟨local group⟩ < View@200{container} < ⟨ContactMethodsEditor⟩ < <ContactMethodsEditor>@src/screens/UpdateContactScreen.tsx:595 < EditorFrame@594 < ⟨ContactMethodFocusedEditor⟩ < <ContactMethodFocusedEditor>@src/screens/UpdateContactScreen.tsx:915 < ⟨local renderActiveEditor⟩ < ScrollView@958 < View@956{root} < ⟨UpdateContactScreen⟩ < route:UpdateContact@src/navigation/tabs/DashboardStack.tsx || View@63{group} < ⟨local group⟩ < View@200{container} < ⟨ContactMethodsEditor⟩ < <ContactMethodsEditor>@src/screens/ImportReviewScreen.tsx:526 < View@525{field} < ScrollView@368 < ⟨ImportReviewScreen⟩ < route:ImportReview@src/navigation/tabs/SettingsStack.tsx ; pads: ScrollView@368{cc.padding=16} ; BACKED under: opaque:slot AccordionSection.children → View style bg=colors.surface@src/components/ui/AccordionSection.tsx:72,mixed
ImportReview,src/components/ContactMethodsEditor.tsx:68,ContactMethodsEditor,Text,textSecondary,Text 13,4.5,16..W-16,left,scrolling,dense (veil galaxy 0.22 / standard 0.30),VERIFIED,View@63{group} < ⟨local group⟩ < View@200{container} < ⟨ContactMethodsEditor⟩ < <ContactMethodsEditor>@src/screens/ImportReviewScreen.tsx:526 < View@525{field} < ScrollView@368 < ⟨ImportReviewScreen⟩ < route:ImportReview@src/navigation/tabs/SettingsStack.tsx || View@63{group} < ⟨local group⟩ < View@200{container} < ⟨ContactMethodsEditor⟩ < <ContactMethodsEditor>@src/screens/UpdateContactScreen.tsx:595 < EditorFrame@594 < ⟨ContactMethodFocusedEditor⟩ < <ContactMethodFocusedEditor>@src/screens/UpdateContactScreen.tsx:915 < ⟨local renderActiveEditor⟩ < ScrollView@958 < View@956{root} < ⟨UpdateContactScreen⟩ < route:UpdateContact@src/navigation/tabs/DashboardStack.tsx || View@63{group} < ⟨local group⟩ < View@200{container} < ⟨ContactMethodsEditor⟩ < <ContactMethodsEditor>@src/screens/ImportReviewScreen.tsx:526 < View@525{field} < ScrollView@368 < ⟨ImportReviewScreen⟩ < route:ImportReview@src/navigation/tabs/SettingsStack.tsx ; pads: ScrollView@368{cc.padding=16} ; BACKED under: opaque:slot AccordionSection.children → View style bg=colors.surface@src/components/ui/AccordionSection.tsx:72,mixed
UpdateContact,src/components/ContactMethodsEditor.tsx:68,ContactMethodsEditor,Text,textSecondary,Text 13,4.5,16..W-16,left,scrolling,dense (veil galaxy 0.22 / standard 0.30),VERIFIED,View@63{group} < ⟨local group⟩ < View@200{container} < ⟨ContactMethodsEditor⟩ < <ContactMethodsEditor>@src/screens/ImportReviewScreen.tsx:526 < View@525{field} < ScrollView@368 < ⟨ImportReviewScreen⟩ < route:ImportReview@src/navigation/tabs/SettingsStack.tsx || View@63{group} < ⟨local group⟩ < View@200{container} < ⟨ContactMethodsEditor⟩ < <ContactMethodsEditor>@src/screens/UpdateContactScreen.tsx:595 < EditorFrame@594 < ⟨ContactMethodFocusedEditor⟩ < <ContactMethodFocusedEditor>@src/screens/UpdateContactScreen.tsx:915 < ⟨local renderActiveEditor⟩ < ScrollView@958 < View@956{root} < ⟨UpdateContactScreen⟩ < route:UpdateContact@src/navigation/tabs/DashboardStack.tsx || View@63{group} < ⟨local group⟩ < View@200{container} < ⟨ContactMethodsEditor⟩ < <ContactMethodsEditor>@src/screens/ImportReviewScreen.tsx:526 < View@525{field} < ScrollView@368 < ⟨ImportReviewScreen⟩ < route:ImportReview@src/navigation/tabs/SettingsStack.tsx ; pads: ScrollView@368{cc.padding=16} ; BACKED under: opaque:slot AccordionSection.children → View style bg=colors.surface@src/components/ui/AccordionSection.tsx:72,mixed
ImportReview,src/components/ContactMethodsEditor.tsx:181,ContactMethodsEditor,Text,textSecondary,Text 13,4.5,16..W-16,left,scrolling,dense (veil galaxy 0.22 / standard 0.30),VERIFIED,View@63{group} < ⟨local group⟩ < View@200{container} < ⟨ContactMethodsEditor⟩ < <ContactMethodsEditor>@src/screens/ImportReviewScreen.tsx:526 < View@525{field} < ScrollView@368 < ⟨ImportReviewScreen⟩ < route:ImportReview@src/navigation/tabs/SettingsStack.tsx || View@63{group} < ⟨local group⟩ < View@200{container} < ⟨ContactMethodsEditor⟩ < <ContactMethodsEditor>@src/screens/UpdateContactScreen.tsx:595 < EditorFrame@594 < ⟨ContactMethodFocusedEditor⟩ < <ContactMethodFocusedEditor>@src/screens/UpdateContactScreen.tsx:915 < ⟨local renderActiveEditor⟩ < ScrollView@958 < View@956{root} < ⟨UpdateContactScreen⟩ < route:UpdateContact@src/navigation/tabs/DashboardStack.tsx || View@63{group} < ⟨local group⟩ < View@200{container} < ⟨ContactMethodsEditor⟩ < <ContactMethodsEditor>@src/screens/ImportReviewScreen.tsx:526 < View@525{field} < ScrollView@368 < ⟨ImportReviewScreen⟩ < route:ImportReview@src/navigation/tabs/SettingsStack.tsx ; pads: ScrollView@368{cc.padding=16} ; BACKED under: opaque:slot AccordionSection.children → View style bg=colors.surface@src/components/ui/AccordionSection.tsx:72,mixed
UpdateContact,src/components/ContactMethodsEditor.tsx:181,ContactMethodsEditor,Text,textSecondary,Text 13,4.5,16..W-16,left,scrolling,dense (veil galaxy 0.22 / standard 0.30),VERIFIED,View@63{group} < ⟨local group⟩ < View@200{container} < ⟨ContactMethodsEditor⟩ < <ContactMethodsEditor>@src/screens/ImportReviewScreen.tsx:526 < View@525{field} < ScrollView@368 < ⟨ImportReviewScreen⟩ < route:ImportReview@src/navigation/tabs/SettingsStack.tsx || View@63{group} < ⟨local group⟩ < View@200{container} < ⟨ContactMethodsEditor⟩ < <ContactMethodsEditor>@src/screens/UpdateContactScreen.tsx:595 < EditorFrame@594 < ⟨ContactMethodFocusedEditor⟩ < <ContactMethodFocusedEditor>@src/screens/UpdateContactScreen.tsx:915 < ⟨local renderActiveEditor⟩ < ScrollView@958 < View@956{root} < ⟨UpdateContactScreen⟩ < route:UpdateContact@src/navigation/tabs/DashboardStack.tsx || View@63{group} < ⟨local group⟩ < View@200{container} < ⟨ContactMethodsEditor⟩ < <ContactMethodsEditor>@src/screens/ImportReviewScreen.tsx:526 < View@525{field} < ScrollView@368 < ⟨ImportReviewScreen⟩ < route:ImportReview@src/navigation/tabs/SettingsStack.tsx ; pads: ScrollView@368{cc.padding=16} ; BACKED under: opaque:slot AccordionSection.children → View style bg=colors.surface@src/components/ui/AccordionSection.tsx:72,mixed
ImportReview,src/components/ContactMethodsEditor.tsx:192,ContactMethodsEditor,Text,accent,"Text ?/""600""",4.5,16..W-16,left,scrolling,dense (veil galaxy 0.22 / standard 0.30),VERIFIED,Pressable@185{add} < View@63{group} < ⟨local group⟩ < View@200{container} < ⟨ContactMethodsEditor⟩ < <ContactMethodsEditor>@src/screens/ImportReviewScreen.tsx:526 < View@525{field} < ScrollView@368 < ⟨ImportReviewScreen⟩ < route:ImportReview@src/navigation/tabs/SettingsStack.tsx || Pressable@185{add} < View@63{group} < ⟨local group⟩ < View@200{container} < ⟨ContactMethodsEditor⟩ < <ContactMethodsEditor>@src/screens/UpdateContactScreen.tsx:595 < EditorFrame@594 < ⟨ContactMethodFocusedEditor⟩ < <ContactMethodFocusedEditor>@src/screens/UpdateContactScreen.tsx:915 < ⟨local renderActiveEditor⟩ < ScrollView@958 < View@956{root} < ⟨UpdateContactScreen⟩ < route:UpdateContact@src/navigation/tabs/DashboardStack.tsx || Pressable@185{add} < View@63{group} < ⟨local group⟩ < View@200{container} < ⟨ContactMethodsEditor⟩ < <ContactMethodsEditor>@src/screens/ImportReviewScreen.tsx:526 < View@525{field} < ScrollView@368 < ⟨ImportReviewScreen⟩ < route:ImportReview@src/navigation/tabs/SettingsStack.tsx ; pads: ScrollView@368{cc.padding=16} ; BACKED under: opaque:slot AccordionSection.children → View style bg=colors.surface@src/components/ui/AccordionSection.tsx:72,mixed
UpdateContact,src/components/ContactMethodsEditor.tsx:192,ContactMethodsEditor,Text,accent,"Text ?/""600""",4.5,16..W-16,left,scrolling,dense (veil galaxy 0.22 / standard 0.30),VERIFIED,Pressable@185{add} < View@63{group} < ⟨local group⟩ < View@200{container} < ⟨ContactMethodsEditor⟩ < <ContactMethodsEditor>@src/screens/ImportReviewScreen.tsx:526 < View@525{field} < ScrollView@368 < ⟨ImportReviewScreen⟩ < route:ImportReview@src/navigation/tabs/SettingsStack.tsx || Pressable@185{add} < View@63{group} < ⟨local group⟩ < View@200{container} < ⟨ContactMethodsEditor⟩ < <ContactMethodsEditor>@src/screens/UpdateContactScreen.tsx:595 < EditorFrame@594 < ⟨ContactMethodFocusedEditor⟩ < <ContactMethodFocusedEditor>@src/screens/UpdateContactScreen.tsx:915 < ⟨local renderActiveEditor⟩ < ScrollView@958 < View@956{root} < ⟨UpdateContactScreen⟩ < route:UpdateContact@src/navigation/tabs/DashboardStack.tsx || Pressable@185{add} < View@63{group} < ⟨local group⟩ < View@200{container} < ⟨ContactMethodsEditor⟩ < <ContactMethodsEditor>@src/screens/ImportReviewScreen.tsx:526 < View@525{field} < ScrollView@368 < ⟨ImportReviewScreen⟩ < route:ImportReview@src/navigation/tabs/SettingsStack.tsx ; pads: ScrollView@368{cc.padding=16} ; BACKED under: opaque:slot AccordionSection.children → View style bg=colors.surface@src/components/ui/AccordionSection.tsx:72,mixed
LegacyContactPicker,src/components/ContactPicker.tsx:364,PickerMessage,Text,textSecondary,Text 15,4.5,16..W-16,centered(textAlign),static-body(non-scrolling)|empty-state(in list),dense (veil galaxy 0.22 / standard 0.30),VERIFIED,⟨PickerMessage⟩ < <PickerMessage>@src/screens/LegacyContactPickerScreen.tsx:199 < View@180{root} < ⟨LegacyContactPickerScreen⟩ < route:LegacyContactPicker@src/navigation/tabs/SettingsStack.tsx || ⟨PickerMessage⟩ < <PickerMessage>@src/screens/LegacyContactPickerScreen.tsx:228 < View@180{root} < ⟨LegacyContactPickerScreen⟩ < route:LegacyContactPicker@src/navigation/tabs/SettingsStack.tsx || ⟨PickerMessage⟩ < <PickerMessage>@src/screens/LegacyContactPickerScreen.tsx:260 < FlatList@255[ListEmptyComponent] < View@180{root} < ⟨LegacyContactPickerScreen⟩ < route:LegacyContactPicker@src/navigation/tabs/SettingsStack.tsx ; pads: View@180{padding=16} ; BACKED under: opaque:View style bg=colors.surfaceElevated@src/components/ContactPicker.tsx:191,mixed
MergeConflicts,src/components/FieldChoiceGroup.tsx:59,FieldChoiceGroup,Text,textSecondary,"Text 13/""600""",4.5,20..W-20 / 16..W-16,left,scrolling,dense (veil galaxy 0.22 / standard 0.30),"ESTIMATED(AST-traced, not hand-read)",View@58{group} < ⟨FieldChoiceGroup⟩ < <FieldChoiceGroup>@src/screens/MergeConflictsScreen.tsx:294 < ScrollView@286 < ⟨MergeConflictsScreen⟩ < route:MergeConflicts@src/navigation/tabs/DashboardStack.tsx || View@58{group} < ⟨FieldChoiceGroup⟩ < <FieldChoiceGroup>@src/screens/MergeConflictsScreen.tsx:294 < ScrollView@286 < ⟨MergeConflictsScreen⟩ < route:MergeConflicts@src/navigation/tabs/DigestStack.tsx || View@58{group} < ⟨FieldChoiceGroup⟩ < <FieldChoiceGroup>@src/screens/MergeConflictsScreen.tsx:294 < ScrollView@286 < ⟨MergeConflictsScreen⟩ < route:MergeConflicts@src/navigation/tabs/EventsStack.tsx ; pads: ScrollView@286{cc.padding=20},bare
ReconcileDetail,src/components/FieldChoiceGroup.tsx:59,FieldChoiceGroup,Text,textSecondary,"Text 13/""600""",4.5,20..W-20 / 16..W-16,left,scrolling,dense (veil galaxy 0.22 / standard 0.30),"ESTIMATED(AST-traced, not hand-read)",View@58{group} < ⟨FieldChoiceGroup⟩ < <FieldChoiceGroup>@src/screens/MergeConflictsScreen.tsx:294 < ScrollView@286 < ⟨MergeConflictsScreen⟩ < route:MergeConflicts@src/navigation/tabs/DashboardStack.tsx || View@58{group} < ⟨FieldChoiceGroup⟩ < <FieldChoiceGroup>@src/screens/MergeConflictsScreen.tsx:294 < ScrollView@286 < ⟨MergeConflictsScreen⟩ < route:MergeConflicts@src/navigation/tabs/DigestStack.tsx || View@58{group} < ⟨FieldChoiceGroup⟩ < <FieldChoiceGroup>@src/screens/MergeConflictsScreen.tsx:294 < ScrollView@286 < ⟨MergeConflictsScreen⟩ < route:MergeConflicts@src/navigation/tabs/EventsStack.tsx ; pads: ScrollView@286{cc.padding=20},bare
CustomFields,src/components/FieldDefForm.tsx:203,FieldDefForm,Text,textPrimary,"Text 22/""700""",3.0,16..W-16,left,scrolling,dense (veil galaxy 0.22 / standard 0.30),"ESTIMATED(AST-traced, not hand-read)",ScrollView@198 < ⟨FieldDefForm⟩ < <FieldDefForm>@src/screens/CustomFieldsScreen.tsx:324 < ⟨CustomFieldsScreen⟩ < <CustomFieldsScreen>@src/navigation/tabs/SettingsStack.tsx:66 < ⟨CustomFieldsRoute⟩ < route:CustomFields@src/navigation/tabs/SettingsStack.tsx || ScrollView@198 < ⟨FieldDefForm⟩ < <FieldDefForm>@src/screens/CustomFieldsScreen.tsx:336 < ⟨CustomFieldsScreen⟩ < <CustomFieldsScreen>@src/navigation/tabs/SettingsStack.tsx:66 < ⟨CustomFieldsRoute⟩ < route:CustomFields@src/navigation/tabs/SettingsStack.tsx ; pads: ScrollView@198{cc.padding=16},bare
CustomFields,src/components/FieldDefForm.tsx:208,FieldDefForm,Text,textSecondary,"Text 13/""600""",4.5,16..W-16,left,scrolling,dense (veil galaxy 0.22 / standard 0.30),"ESTIMATED(AST-traced, not hand-read)",ScrollView@198 < ⟨FieldDefForm⟩ < <FieldDefForm>@src/screens/CustomFieldsScreen.tsx:324 < ⟨CustomFieldsScreen⟩ < <CustomFieldsScreen>@src/navigation/tabs/SettingsStack.tsx:66 < ⟨CustomFieldsRoute⟩ < route:CustomFields@src/navigation/tabs/SettingsStack.tsx || ScrollView@198 < ⟨FieldDefForm⟩ < <FieldDefForm>@src/screens/CustomFieldsScreen.tsx:336 < ⟨CustomFieldsScreen⟩ < <CustomFieldsScreen>@src/navigation/tabs/SettingsStack.tsx:66 < ⟨CustomFieldsRoute⟩ < route:CustomFields@src/navigation/tabs/SettingsStack.tsx ; pads: ScrollView@198{cc.padding=16},bare
CustomFields,src/components/FieldDefForm.tsx:229,FieldDefForm,Text,textSecondary,"Text 13/""600""",4.5,16..W-16,left,scrolling,dense (veil galaxy 0.22 / standard 0.30),"ESTIMATED(AST-traced, not hand-read)",ScrollView@198 < ⟨FieldDefForm⟩ < <FieldDefForm>@src/screens/CustomFieldsScreen.tsx:324 < ⟨CustomFieldsScreen⟩ < <CustomFieldsScreen>@src/navigation/tabs/SettingsStack.tsx:66 < ⟨CustomFieldsRoute⟩ < route:CustomFields@src/navigation/tabs/SettingsStack.tsx || ScrollView@198 < ⟨FieldDefForm⟩ < <FieldDefForm>@src/screens/CustomFieldsScreen.tsx:336 < ⟨CustomFieldsScreen⟩ < <CustomFieldsScreen>@src/navigation/tabs/SettingsStack.tsx:66 < ⟨CustomFieldsRoute⟩ < route:CustomFields@src/navigation/tabs/SettingsStack.tsx ; pads: ScrollView@198{cc.padding=16},bare
CustomFields,src/components/FieldDefForm.tsx:266,FieldDefForm,Text,textSecondary,"Text 13/""600""",4.5,16..W-16,left,scrolling,dense (veil galaxy 0.22 / standard 0.30),"ESTIMATED(AST-traced, not hand-read)",View@265 < ScrollView@198 < ⟨FieldDefForm⟩ < <FieldDefForm>@src/screens/CustomFieldsScreen.tsx:324 < ⟨CustomFieldsScreen⟩ < <CustomFieldsScreen>@src/navigation/tabs/SettingsStack.tsx:66 < ⟨CustomFieldsRoute⟩ < route:CustomFields@src/navigation/tabs/SettingsStack.tsx || View@265 < ScrollView@198 < ⟨FieldDefForm⟩ < <FieldDefForm>@src/screens/CustomFieldsScreen.tsx:336 < ⟨CustomFieldsScreen⟩ < <CustomFieldsScreen>@src/navigation/tabs/SettingsStack.tsx:66 < ⟨CustomFieldsRoute⟩ < route:CustomFields@src/navigation/tabs/SettingsStack.tsx ; pads: ScrollView@198{cc.padding=16},bare
CustomFields,src/components/FieldDefForm.tsx:296,FieldDefForm,Text,textSecondary,Text ?,4.5,28..W-28,left(row),scrolling,dense (veil galaxy 0.22 / standard 0.30),"ESTIMATED(AST-traced, not hand-read)",Pressable@289{removeBtn} < View@271{optionRow} < View@265 < ScrollView@198 < ⟨FieldDefForm⟩ < <FieldDefForm>@src/screens/CustomFieldsScreen.tsx:324 < ⟨CustomFieldsScreen⟩ < <CustomFieldsScreen>@src/navigation/tabs/SettingsStack.tsx:66 < ⟨CustomFieldsRoute⟩ < route:CustomFields@src/navigation/tabs/SettingsStack.tsx || Pressable@289{removeBtn} < View@271{optionRow} < View@265 < ScrollView@198 < ⟨FieldDefForm⟩ < <FieldDefForm>@src/screens/CustomFieldsScreen.tsx:336 < ⟨CustomFieldsScreen⟩ < <CustomFieldsScreen>@src/navigation/tabs/SettingsStack.tsx:66 < ⟨CustomFieldsRoute⟩ < route:CustomFields@src/navigation/tabs/SettingsStack.tsx ; pads: Pressable@289{paddingHorizontal=12} ScrollView@198{cc.padding=16},bare
CustomFields,src/components/FieldDefForm.tsx:307,FieldDefForm,Text,accent,Text ?,4.5,28..W-28,centered(alignItems),scrolling,dense (veil galaxy 0.22 / standard 0.30),"ESTIMATED(AST-traced, not hand-read)",Pressable@300{addBtn} < View@265 < ScrollView@198 < ⟨FieldDefForm⟩ < <FieldDefForm>@src/screens/CustomFieldsScreen.tsx:324 < ⟨CustomFieldsScreen⟩ < <CustomFieldsScreen>@src/navigation/tabs/SettingsStack.tsx:66 < ⟨CustomFieldsRoute⟩ < route:CustomFields@src/navigation/tabs/SettingsStack.tsx || Pressable@300{addBtn} < View@265 < ScrollView@198 < ⟨FieldDefForm⟩ < <FieldDefForm>@src/screens/CustomFieldsScreen.tsx:336 < ⟨CustomFieldsScreen⟩ < <CustomFieldsScreen>@src/navigation/tabs/SettingsStack.tsx:66 < ⟨CustomFieldsRoute⟩ < route:CustomFields@src/navigation/tabs/SettingsStack.tsx ; pads: Pressable@300{paddingHorizontal=12} ScrollView@198{cc.padding=16},bare
CustomFields,src/components/FieldDefForm.tsx:314,FieldDefForm,Text,textPrimary,Text 15,4.5,16..W-16,left(row),scrolling,dense (veil galaxy 0.22 / standard 0.30),"ESTIMATED(AST-traced, not hand-read)",View@313{switchRow} < ScrollView@198 < ⟨FieldDefForm⟩ < <FieldDefForm>@src/screens/CustomFieldsScreen.tsx:324 < ⟨CustomFieldsScreen⟩ < <CustomFieldsScreen>@src/navigation/tabs/SettingsStack.tsx:66 < ⟨CustomFieldsRoute⟩ < route:CustomFields@src/navigation/tabs/SettingsStack.tsx || View@313{switchRow} < ScrollView@198 < ⟨FieldDefForm⟩ < <FieldDefForm>@src/screens/CustomFieldsScreen.tsx:336 < ⟨CustomFieldsScreen⟩ < <CustomFieldsScreen>@src/navigation/tabs/SettingsStack.tsx:66 < ⟨CustomFieldsRoute⟩ < route:CustomFields@src/navigation/tabs/SettingsStack.tsx ; pads: ScrollView@198{cc.padding=16},bare
CustomFields,src/components/FieldDefForm.tsx:327,FieldDefForm,Text,textPrimary,Text 15,4.5,16..W-16,left(row),scrolling,dense (veil galaxy 0.22 / standard 0.30),"ESTIMATED(AST-traced, not hand-read)",View@326{switchRow} < ScrollView@198 < ⟨FieldDefForm⟩ < <FieldDefForm>@src/screens/CustomFieldsScreen.tsx:324 < ⟨CustomFieldsScreen⟩ < <CustomFieldsScreen>@src/navigation/tabs/SettingsStack.tsx:66 < ⟨CustomFieldsRoute⟩ < route:CustomFields@src/navigation/tabs/SettingsStack.tsx || View@326{switchRow} < ScrollView@198 < ⟨FieldDefForm⟩ < <FieldDefForm>@src/screens/CustomFieldsScreen.tsx:336 < ⟨CustomFieldsScreen⟩ < <CustomFieldsScreen>@src/navigation/tabs/SettingsStack.tsx:66 < ⟨CustomFieldsRoute⟩ < route:CustomFields@src/navigation/tabs/SettingsStack.tsx ; pads: ScrollView@198{cc.padding=16},bare
CustomFields,src/components/FieldDefForm.tsx:343,FieldDefForm,Text,textPrimary,Text 15,4.5,16..W-16,left(row),scrolling,dense (veil galaxy 0.22 / standard 0.30),"ESTIMATED(AST-traced, not hand-read)",View@342{switchRow} < ScrollView@198 < ⟨FieldDefForm⟩ < <FieldDefForm>@src/screens/CustomFieldsScreen.tsx:324 < ⟨CustomFieldsScreen⟩ < <CustomFieldsScreen>@src/navigation/tabs/SettingsStack.tsx:66 < ⟨CustomFieldsRoute⟩ < route:CustomFields@src/navigation/tabs/SettingsStack.tsx || View@342{switchRow} < ScrollView@198 < ⟨FieldDefForm⟩ < <FieldDefForm>@src/screens/CustomFieldsScreen.tsx:336 < ⟨CustomFieldsScreen⟩ < <CustomFieldsScreen>@src/navigation/tabs/SettingsStack.tsx:66 < ⟨CustomFieldsRoute⟩ < route:CustomFields@src/navigation/tabs/SettingsStack.tsx ; pads: ScrollView@198{cc.padding=16},bare
CustomFields,src/components/FieldDefForm.tsx:355,FieldDefForm,Text,textSecondary,Text 13,4.5,16..W-16,left,scrolling,dense (veil galaxy 0.22 / standard 0.30),"ESTIMATED(AST-traced, not hand-read)",ScrollView@198 < ⟨FieldDefForm⟩ < <FieldDefForm>@src/screens/CustomFieldsScreen.tsx:324 < ⟨CustomFieldsScreen⟩ < <CustomFieldsScreen>@src/navigation/tabs/SettingsStack.tsx:66 < ⟨CustomFieldsRoute⟩ < route:CustomFields@src/navigation/tabs/SettingsStack.tsx || ScrollView@198 < ⟨FieldDefForm⟩ < <FieldDefForm>@src/screens/CustomFieldsScreen.tsx:336 < ⟨CustomFieldsScreen⟩ < <CustomFieldsScreen>@src/navigation/tabs/SettingsStack.tsx:66 < ⟨CustomFieldsRoute⟩ < route:CustomFields@src/navigation/tabs/SettingsStack.tsx ; pads: ScrollView@198{cc.padding=16},bare
CustomFields,src/components/FieldDefForm.tsx:361,FieldDefForm,Text,textSecondary,"Text 13/""600""",4.5,16..W-16,left,scrolling,dense (veil galaxy 0.22 / standard 0.30),"ESTIMATED(AST-traced, not hand-read)",ScrollView@198 < ⟨FieldDefForm⟩ < <FieldDefForm>@src/screens/CustomFieldsScreen.tsx:324 < ⟨CustomFieldsScreen⟩ < <CustomFieldsScreen>@src/navigation/tabs/SettingsStack.tsx:66 < ⟨CustomFieldsRoute⟩ < route:CustomFields@src/navigation/tabs/SettingsStack.tsx || ScrollView@198 < ⟨FieldDefForm⟩ < <FieldDefForm>@src/screens/CustomFieldsScreen.tsx:336 < ⟨CustomFieldsScreen⟩ < <CustomFieldsScreen>@src/navigation/tabs/SettingsStack.tsx:66 < ⟨CustomFieldsRoute⟩ < route:CustomFields@src/navigation/tabs/SettingsStack.tsx ; pads: ScrollView@198{cc.padding=16},bare
CustomFields,src/components/FieldDefForm.tsx:387,FieldDefForm,Text,textSecondary,Text ?,4.5,36..W-36,left(row),scrolling,dense (veil galaxy 0.22 / standard 0.30),"ESTIMATED(AST-traced, not hand-read)",Pressable@380{actionBtn} < View@379{actions} < ScrollView@198 < ⟨FieldDefForm⟩ < <FieldDefForm>@src/screens/CustomFieldsScreen.tsx:324 < ⟨CustomFieldsScreen⟩ < <CustomFieldsScreen>@src/navigation/tabs/SettingsStack.tsx:66 < ⟨CustomFieldsRoute⟩ < route:CustomFields@src/navigation/tabs/SettingsStack.tsx || Pressable@380{actionBtn} < View@379{actions} < ScrollView@198 < ⟨FieldDefForm⟩ < <FieldDefForm>@src/screens/CustomFieldsScreen.tsx:336 < ⟨CustomFieldsScreen⟩ < <CustomFieldsScreen>@src/navigation/tabs/SettingsStack.tsx:66 < ⟨CustomFieldsRoute⟩ < route:CustomFields@src/navigation/tabs/SettingsStack.tsx ; pads: Pressable@380{paddingHorizontal=20} ScrollView@198{cc.padding=16},bare
ImportReview,src/components/FrequencyPicker.tsx:212,FrequencyPicker,Text,danger,"Text 13/""600""",4.5,16..W-16,left,scrolling,dense (veil galaxy 0.22 / standard 0.30),VERIFIED,View@160{customArea} < View@106{group} < ⟨FrequencyPicker⟩ < <FrequencyPicker>@src/screens/ImportReviewScreen.tsx:516 < View@512{field} < ScrollView@368 < ⟨ImportReviewScreen⟩ < route:ImportReview@src/navigation/tabs/SettingsStack.tsx || View@160{customArea} < View@106{group} < ⟨FrequencyPicker⟩ < <FrequencyPicker>@src/screens/UpdateContactScreen.tsx:667 < EditorFrame@666 < ⟨ContactFrequencyFocusedEditor⟩ < <ContactFrequencyFocusedEditor>@src/screens/UpdateContactScreen.tsx:923 < ⟨local renderActiveEditor⟩ < ScrollView@958 < View@956{root} < ⟨UpdateContactScreen⟩ < route:UpdateContact@src/navigation/tabs/DashboardStack.tsx ; pads: ScrollView@368{cc.padding=16} ; BACKED under: opaque:View style bg=colors.surface@src/screens/ContactProfileScreen.tsx:456 | opaque:slot AccordionSection.children → View style bg=colors.surface@src/components/ui/AccordionSection.tsx:72,mixed
UpdateContact,src/components/FrequencyPicker.tsx:212,FrequencyPicker,Text,danger,"Text 13/""600""",4.5,16..W-16,left,scrolling,dense (veil galaxy 0.22 / standard 0.30),VERIFIED,View@160{customArea} < View@106{group} < ⟨FrequencyPicker⟩ < <FrequencyPicker>@src/screens/ImportReviewScreen.tsx:516 < View@512{field} < ScrollView@368 < ⟨ImportReviewScreen⟩ < route:ImportReview@src/navigation/tabs/SettingsStack.tsx || View@160{customArea} < View@106{group} < ⟨FrequencyPicker⟩ < <FrequencyPicker>@src/screens/UpdateContactScreen.tsx:667 < EditorFrame@666 < ⟨ContactFrequencyFocusedEditor⟩ < <ContactFrequencyFocusedEditor>@src/screens/UpdateContactScreen.tsx:923 < ⟨local renderActiveEditor⟩ < ScrollView@958 < View@956{root} < ⟨UpdateContactScreen⟩ < route:UpdateContact@src/navigation/tabs/DashboardStack.tsx ; pads: ScrollView@368{cc.padding=16} ; BACKED under: opaque:View style bg=colors.surface@src/screens/ContactProfileScreen.tsx:456 | opaque:slot AccordionSection.children → View style bg=colors.surface@src/components/ui/AccordionSection.tsx:72,mixed
OffLimitsEditor,src/components/FuelEditor.tsx:532,FuelEditor,Text,textSecondary,"Text 13/""600""",4.5,16..W-16,left,scrolling,dense (veil galaxy 0.22 / standard 0.30),VERIFIED,View@530{container} < ⟨FuelEditor⟩ < <FuelEditor>@src/screens/OffLimitsEditorScreen.tsx:86 < ScrollView@72 < ⟨OffLimitsEditorScreen⟩ < route:OffLimitsEditor@src/navigation/tabs/DashboardStack.tsx || View@530{container} < ⟨FuelEditor⟩ < <FuelEditor>@src/screens/OffLimitsEditorScreen.tsx:86 < ScrollView@72 < ⟨OffLimitsEditorScreen⟩ < route:OffLimitsEditor@src/navigation/tabs/DigestStack.tsx || View@530{container} < ⟨FuelEditor⟩ < <FuelEditor>@src/screens/OffLimitsEditorScreen.tsx:86 < ScrollView@72 < ⟨OffLimitsEditorScreen⟩ < route:OffLimitsEditor@src/navigation/tabs/EventsStack.tsx ; pads: ScrollView@72{cc.padding=SPACING.base} ; BACKED under: opaque:slot AccordionSection.children → View style bg=colors.surface@src/components/ui/AccordionSection.tsx:72,mixed
OffLimitsEditor,src/components/FuelEditor.tsx:562,FuelEditor,Text,accent,"Text ?/""600""",4.5,16..W-16,left,scrolling,dense (veil galaxy 0.22 / standard 0.30),VERIFIED,Pressable@554{addBtn} < View@530{container} < ⟨FuelEditor⟩ < <FuelEditor>@src/screens/OffLimitsEditorScreen.tsx:86 < ScrollView@72 < ⟨OffLimitsEditorScreen⟩ < route:OffLimitsEditor@src/navigation/tabs/DashboardStack.tsx || Pressable@554{addBtn} < View@530{container} < ⟨FuelEditor⟩ < <FuelEditor>@src/screens/OffLimitsEditorScreen.tsx:86 < ScrollView@72 < ⟨OffLimitsEditorScreen⟩ < route:OffLimitsEditor@src/navigation/tabs/DigestStack.tsx || Pressable@554{addBtn} < View@530{container} < ⟨FuelEditor⟩ < <FuelEditor>@src/screens/OffLimitsEditorScreen.tsx:86 < ScrollView@72 < ⟨OffLimitsEditorScreen⟩ < route:OffLimitsEditor@src/navigation/tabs/EventsStack.tsx ; pads: ScrollView@72{cc.padding=SPACING.base} ; BACKED under: opaque:slot AccordionSection.children → View style bg=colors.surface@src/components/ui/AccordionSection.tsx:72,mixed
Memory,src/components/MemoryEditor.tsx:271,MemoryEditor,AppText,accent,body 16/400,4.5,28..W-28 / 44..W-44,centered(alignItems),scrolling,dense (veil galaxy 0.22 / standard 0.30),VERIFIED,Pressable@265{action} < View@255{container} < ⟨MemoryEditor⟩ < <MemoryEditor>@src/screens/MemoryScreen.tsx:283 < ScrollView@257 < View@255{root} < ⟨MemoryScreen⟩ < route:Memory@src/navigation/tabs/DashboardStack.tsx || Pressable@265{action} < View@255{container} < ⟨MemoryEditor⟩ < <MemoryEditor>@src/screens/ThingsToRememberScreen.tsx:616 < View@610{group} < ScrollView@435 < ⟨ThingsToRememberScreen⟩ < route:ThingsToRemember@src/navigation/tabs/DashboardStack.tsx || Pressable@265{action} < View@255{container} < ⟨MemoryEditor⟩ < <MemoryEditor>@src/screens/ThingsToRememberScreen.tsx:616 < View@610{group} < ScrollView@435 < ⟨ThingsToRememberScreen⟩ < route:ThingsToRemember@src/navigation/tabs/DigestStack.tsx ; pads: Pressable@265{paddingHorizontal=SPACING.md} ScrollView@257{cc.padding=SPACING.base} ; BACKED under: overlay:Sheet@src/components/PostLogNoteEditor.tsx:303 | opaque:slot AccordionSection.children → View style bg=colors.surface@src/components/ui/AccordionSection.tsx:72,mixed
ThingsToRemember,src/components/MemoryEditor.tsx:271,MemoryEditor,AppText,accent,body 16/400,4.5,28..W-28 / 44..W-44,centered(alignItems),scrolling,presentation (veil galaxy 0.02 / standard 0.05),VERIFIED,Pressable@265{action} < View@255{container} < ⟨MemoryEditor⟩ < <MemoryEditor>@src/screens/MemoryScreen.tsx:283 < ScrollView@257 < View@255{root} < ⟨MemoryScreen⟩ < route:Memory@src/navigation/tabs/DashboardStack.tsx || Pressable@265{action} < View@255{container} < ⟨MemoryEditor⟩ < <MemoryEditor>@src/screens/ThingsToRememberScreen.tsx:616 < View@610{group} < ScrollView@435 < ⟨ThingsToRememberScreen⟩ < route:ThingsToRemember@src/navigation/tabs/DashboardStack.tsx || Pressable@265{action} < View@255{container} < ⟨MemoryEditor⟩ < <MemoryEditor>@src/screens/ThingsToRememberScreen.tsx:616 < View@610{group} < ScrollView@435 < ⟨ThingsToRememberScreen⟩ < route:ThingsToRemember@src/navigation/tabs/DigestStack.tsx ; pads: Pressable@265{paddingHorizontal=SPACING.md} ScrollView@257{cc.padding=SPACING.base} ; BACKED under: overlay:Sheet@src/components/PostLogNoteEditor.tsx:303 | opaque:slot AccordionSection.children → View style bg=colors.surface@src/components/ui/AccordionSection.tsx:72,mixed
MergeImpactSummary,src/components/MergeImpactSummary.tsx:111,MergeImpactSummary,Text,textPrimary,"Text 24/""600""",3.0,20..W-20,left,static-body(non-scrolling),dense (veil galaxy 0.22 / standard 0.30),VERIFIED,View@110{root} < ⟨MergeImpactSummary⟩ < route:MergeImpactSummary@src/navigation/tabs/DashboardStack.tsx || View@110{root} < ⟨MergeImpactSummary⟩ < route:MergeImpactSummary@src/navigation/tabs/DigestStack.tsx || View@110{root} < ⟨MergeImpactSummary⟩ < route:MergeImpactSummary@src/navigation/tabs/EventsStack.tsx ; pads: View@110{padding=20},bare
MergeImpactSummary,src/components/MergeImpactSummary.tsx:126,MergeImpactSummary,Text,danger,Text ?,4.5,34..W-34,left,static-body(non-scrolling),dense (veil galaxy 0.22 / standard 0.30),VERIFIED,View@125{warning} < View@110{root} < ⟨MergeImpactSummary⟩ < route:MergeImpactSummary@src/navigation/tabs/DashboardStack.tsx || View@125{warning} < View@110{root} < ⟨MergeImpactSummary⟩ < route:MergeImpactSummary@src/navigation/tabs/DigestStack.tsx || View@125{warning} < View@110{root} < ⟨MergeImpactSummary⟩ < route:MergeImpactSummary@src/navigation/tabs/EventsStack.tsx ; pads: View@125{padding=14} View@110{padding=20},bare
MergeImpactSummary,src/components/MergeImpactSummary.tsx:129,MergeImpactSummary,Text,textSecondary,Text ?,4.5,34..W-34,left,static-body(non-scrolling),dense (veil galaxy 0.22 / standard 0.30),VERIFIED,View@125{warning} < View@110{root} < ⟨MergeImpactSummary⟩ < route:MergeImpactSummary@src/navigation/tabs/DashboardStack.tsx || View@125{warning} < View@110{root} < ⟨MergeImpactSummary⟩ < route:MergeImpactSummary@src/navigation/tabs/DigestStack.tsx || View@125{warning} < View@110{root} < ⟨MergeImpactSummary⟩ < route:MergeImpactSummary@src/navigation/tabs/EventsStack.tsx ; pads: View@125{padding=14} View@110{padding=20},bare
MergeImpactSummary,src/components/MergeImpactSummary.tsx:134,MergeImpactSummary,Text,danger,Text ?,4.5,20..W-20,left,static-body(non-scrolling),dense (veil galaxy 0.22 / standard 0.30),VERIFIED,View@110{root} < ⟨MergeImpactSummary⟩ < route:MergeImpactSummary@src/navigation/tabs/DashboardStack.tsx || View@110{root} < ⟨MergeImpactSummary⟩ < route:MergeImpactSummary@src/navigation/tabs/DigestStack.tsx || View@110{root} < ⟨MergeImpactSummary⟩ < route:MergeImpactSummary@src/navigation/tabs/EventsStack.tsx ; pads: View@110{padding=20},bare
MergeConflicts,src/components/PhotoChoice.tsx:43,PhotoChoice,Text,textSecondary,"Text 13/""600""",4.5,20..W-20 / 16..W-16,left,scrolling,dense (veil galaxy 0.22 / standard 0.30),"ESTIMATED(AST-traced, not hand-read)",View@42{group} < ⟨PhotoChoice⟩ < <PhotoChoice>@src/screens/MergeConflictsScreen.tsx:324 < ScrollView@286 < ⟨MergeConflictsScreen⟩ < route:MergeConflicts@src/navigation/tabs/DashboardStack.tsx || View@42{group} < ⟨PhotoChoice⟩ < <PhotoChoice>@src/screens/MergeConflictsScreen.tsx:324 < ScrollView@286 < ⟨MergeConflictsScreen⟩ < route:MergeConflicts@src/navigation/tabs/DigestStack.tsx || View@42{group} < ⟨PhotoChoice⟩ < <PhotoChoice>@src/screens/MergeConflictsScreen.tsx:324 < ScrollView@286 < ⟨MergeConflictsScreen⟩ < route:MergeConflicts@src/navigation/tabs/EventsStack.tsx ; pads: ScrollView@286{cc.padding=20},bare
ReconcileDetail,src/components/PhotoChoice.tsx:43,PhotoChoice,Text,textSecondary,"Text 13/""600""",4.5,20..W-20 / 16..W-16,left,scrolling,dense (veil galaxy 0.22 / standard 0.30),"ESTIMATED(AST-traced, not hand-read)",View@42{group} < ⟨PhotoChoice⟩ < <PhotoChoice>@src/screens/MergeConflictsScreen.tsx:324 < ScrollView@286 < ⟨MergeConflictsScreen⟩ < route:MergeConflicts@src/navigation/tabs/DashboardStack.tsx || View@42{group} < ⟨PhotoChoice⟩ < <PhotoChoice>@src/screens/MergeConflictsScreen.tsx:324 < ScrollView@286 < ⟨MergeConflictsScreen⟩ < route:MergeConflicts@src/navigation/tabs/DigestStack.tsx || View@42{group} < ⟨PhotoChoice⟩ < <PhotoChoice>@src/screens/MergeConflictsScreen.tsx:324 < ScrollView@286 < ⟨MergeConflictsScreen⟩ < route:MergeConflicts@src/navigation/tabs/EventsStack.tsx ; pads: ScrollView@286{cc.padding=20},bare
UpdateContact,src/components/PhotoSourcePicker.tsx:320,PhotoSourcePicker,Text,accent,"Text 16/""600""",4.5,16..W-16,left(row),scrolling,dense (veil galaxy 0.22 / standard 0.30),VERIFIED,Pressable@313{actionBtn} < View@312{actions} < View@303{root} < ⟨PhotoSourcePicker⟩ < <PhotoSourcePicker>@src/components/field-widgets/PhotoFieldWidget.tsx:84 < View@83 < ⟨PhotoFieldWidget⟩ < <PhotoFieldWidget>@src/components/FieldValueInput.tsx:94 < ⟨FieldValueInput⟩ < <FieldValueInput>@src/screens/UpdateContactScreen.tsx:741 < EditorFrame@740 < ⟨CustomFieldFocusedEditor⟩ < <CustomFieldFocusedEditor>@src/screens/UpdateContactScreen.tsx:778 < ⟨GenericCustomFieldsFocusedEditor⟩ < <GenericCustomFieldsFocusedEditor>@src/screens/UpdateContactScreen.tsx:943 < ⟨local renderActiveEditor⟩ < ScrollView@958 < View@956{root} < ⟨UpdateContactScreen⟩ < route:UpdateContact@src/navigation/tabs/DashboardStack.tsx || Pressable@313{actionBtn} < View@312{actions} < View@303{root} < ⟨PhotoSourcePicker⟩ < <PhotoSourcePicker>@src/components/field-widgets/PhotoFieldWidget.tsx:84 < View@83 < ⟨PhotoFieldWidget⟩ < <PhotoFieldWidget>@src/components/FieldValueInput.tsx:94 < ⟨FieldValueInput⟩ < <FieldValueInput>@src/screens/UpdateContactScreen.tsx:741 < EditorFrame@740 < ⟨CustomFieldFocusedEditor⟩ < <CustomFieldFocusedEditor>@src/screens/UpdateContactScreen.tsx:933 < ⟨local renderActiveEditor⟩ < ScrollView@958 < View@956{root} < ⟨UpdateContactScreen⟩ < route:UpdateContact@src/navigation/tabs/DashboardStack.tsx ; pads: ScrollView@958{cc.padding=SPACING.base} ; BACKED under: opaque:View style bg=colors.surface@src/components/FieldDefForm.tsx:364 | opaque:slot AccordionSection.children → View style bg=colors.surface@src/components/ui/AccordionSection.tsx:72 | opaque:View style bg=colors.surface@src/screens/SettingsAppearanceScreen.tsx:858,mixed
UpdateContact,src/components/PhotoSourcePicker.tsx:333,PhotoSourcePicker,Text,danger,"Text 16/""600""",4.5,16..W-16,left(row),scrolling,dense (veil galaxy 0.22 / standard 0.30),VERIFIED,Pressable@326{actionBtn} < View@312{actions} < View@303{root} < ⟨PhotoSourcePicker⟩ < <PhotoSourcePicker>@src/components/field-widgets/PhotoFieldWidget.tsx:84 < View@83 < ⟨PhotoFieldWidget⟩ < <PhotoFieldWidget>@src/components/FieldValueInput.tsx:94 < ⟨FieldValueInput⟩ < <FieldValueInput>@src/screens/UpdateContactScreen.tsx:741 < EditorFrame@740 < ⟨CustomFieldFocusedEditor⟩ < <CustomFieldFocusedEditor>@src/screens/UpdateContactScreen.tsx:778 < ⟨GenericCustomFieldsFocusedEditor⟩ < <GenericCustomFieldsFocusedEditor>@src/screens/UpdateContactScreen.tsx:943 < ⟨local renderActiveEditor⟩ < ScrollView@958 < View@956{root} < ⟨UpdateContactScreen⟩ < route:UpdateContact@src/navigation/tabs/DashboardStack.tsx || Pressable@326{actionBtn} < View@312{actions} < View@303{root} < ⟨PhotoSourcePicker⟩ < <PhotoSourcePicker>@src/components/field-widgets/PhotoFieldWidget.tsx:84 < View@83 < ⟨PhotoFieldWidget⟩ < <PhotoFieldWidget>@src/components/FieldValueInput.tsx:94 < ⟨FieldValueInput⟩ < <FieldValueInput>@src/screens/UpdateContactScreen.tsx:741 < EditorFrame@740 < ⟨CustomFieldFocusedEditor⟩ < <CustomFieldFocusedEditor>@src/screens/UpdateContactScreen.tsx:933 < ⟨local renderActiveEditor⟩ < ScrollView@958 < View@956{root} < ⟨UpdateContactScreen⟩ < route:UpdateContact@src/navigation/tabs/DashboardStack.tsx ; pads: ScrollView@958{cc.padding=SPACING.base} ; BACKED under: opaque:View style bg=colors.surface@src/components/FieldDefForm.tsx:364 | opaque:slot AccordionSection.children → View style bg=colors.surface@src/components/ui/AccordionSection.tsx:72 | opaque:View style bg=colors.surface@src/screens/SettingsAppearanceScreen.tsx:858,mixed
UpdateContact,src/components/PhotoSourcePicker.tsx:388,PhotoSourcePicker,Text,textSecondary,"Text 16/""600""",4.5,16..W-16,left(row),scrolling,dense (veil galaxy 0.22 / standard 0.30),VERIFIED,Pressable@381{actionBtn} < View@312{actions} < View@303{root} < ⟨PhotoSourcePicker⟩ < <PhotoSourcePicker>@src/components/field-widgets/PhotoFieldWidget.tsx:84 < View@83 < ⟨PhotoFieldWidget⟩ < <PhotoFieldWidget>@src/components/FieldValueInput.tsx:94 < ⟨FieldValueInput⟩ < <FieldValueInput>@src/screens/UpdateContactScreen.tsx:741 < EditorFrame@740 < ⟨CustomFieldFocusedEditor⟩ < <CustomFieldFocusedEditor>@src/screens/UpdateContactScreen.tsx:778 < ⟨GenericCustomFieldsFocusedEditor⟩ < <GenericCustomFieldsFocusedEditor>@src/screens/UpdateContactScreen.tsx:943 < ⟨local renderActiveEditor⟩ < ScrollView@958 < View@956{root} < ⟨UpdateContactScreen⟩ < route:UpdateContact@src/navigation/tabs/DashboardStack.tsx || Pressable@381{actionBtn} < View@312{actions} < View@303{root} < ⟨PhotoSourcePicker⟩ < <PhotoSourcePicker>@src/components/field-widgets/PhotoFieldWidget.tsx:84 < View@83 < ⟨PhotoFieldWidget⟩ < <PhotoFieldWidget>@src/components/FieldValueInput.tsx:94 < ⟨FieldValueInput⟩ < <FieldValueInput>@src/screens/UpdateContactScreen.tsx:741 < EditorFrame@740 < ⟨CustomFieldFocusedEditor⟩ < <CustomFieldFocusedEditor>@src/screens/UpdateContactScreen.tsx:933 < ⟨local renderActiveEditor⟩ < ScrollView@958 < View@956{root} < ⟨UpdateContactScreen⟩ < route:UpdateContact@src/navigation/tabs/DashboardStack.tsx ; pads: ScrollView@958{cc.padding=SPACING.base} ; BACKED under: opaque:View style bg=colors.surface@src/components/FieldDefForm.tsx:364 | opaque:slot AccordionSection.children → View style bg=colors.surface@src/components/ui/AccordionSection.tsx:72 | opaque:View style bg=colors.surface@src/screens/SettingsAppearanceScreen.tsx:858,mixed
EditInteraction,src/components/TouchpointRefineForm.tsx:258,TouchpointRefineForm,Text,textSecondary,"Text 13/""600""",4.5,16..W-16,left,scrolling,presentation (veil galaxy 0.02 / standard 0.05),VERIFIED,View@257{field} < ⟨local renderField⟩ < Fragment@538 < View@536{form} < ⟨TouchpointRefineForm⟩ < <TouchpointRefineForm>@src/screens/EditInteractionScreen.tsx:181 < ScrollView@159 < ⟨EditInteractionScreen⟩ < route:EditInteraction@src/navigation/tabs/DashboardStack.tsx || View@257{field} < ⟨local renderField⟩ < Fragment@538 < View@536{form} < ⟨TouchpointRefineForm⟩ < <TouchpointRefineForm>@src/screens/EditInteractionScreen.tsx:181 < ScrollView@159 < ⟨EditInteractionScreen⟩ < route:EditInteraction@src/navigation/tabs/DigestStack.tsx || View@257{field} < ⟨local renderField⟩ < Fragment@538 < View@536{form} < ⟨TouchpointRefineForm⟩ < <TouchpointRefineForm>@src/screens/EditInteractionScreen.tsx:181 < ScrollView@159 < ⟨EditInteractionScreen⟩ < route:EditInteraction@src/navigation/tabs/EventsStack.tsx ; pads: ScrollView@159{cc.padding=16} ; BACKED under: overlay:Sheet@src/screens/EditGroupEventScreen.tsx:375 | opaque:ScrollView style bg=colors.background@src/screens/EditParticipantScreen.tsx:113 | opaque:View style bg=colors.background@src/screens/EditGroupEventScreen.tsx:258 | opaque:View style bg=colors.background@src/screens/GroupLogScreen.tsx:108,mixed
LogContact,src/components/TouchpointRefineForm.tsx:258,TouchpointRefineForm,Text,textSecondary,"Text 13/""600""",4.5,16..W-16,left,scrolling,dense (veil galaxy 0.22 / standard 0.30),VERIFIED,View@257{field} < ⟨local renderField⟩ < Fragment@538 < View@536{form} < ⟨TouchpointRefineForm⟩ < <TouchpointRefineForm>@src/screens/EditInteractionScreen.tsx:181 < ScrollView@159 < ⟨EditInteractionScreen⟩ < route:EditInteraction@src/navigation/tabs/DashboardStack.tsx || View@257{field} < ⟨local renderField⟩ < Fragment@538 < View@536{form} < ⟨TouchpointRefineForm⟩ < <TouchpointRefineForm>@src/screens/EditInteractionScreen.tsx:181 < ScrollView@159 < ⟨EditInteractionScreen⟩ < route:EditInteraction@src/navigation/tabs/DigestStack.tsx || View@257{field} < ⟨local renderField⟩ < Fragment@538 < View@536{form} < ⟨TouchpointRefineForm⟩ < <TouchpointRefineForm>@src/screens/EditInteractionScreen.tsx:181 < ScrollView@159 < ⟨EditInteractionScreen⟩ < route:EditInteraction@src/navigation/tabs/EventsStack.tsx ; pads: ScrollView@159{cc.padding=16} ; BACKED under: overlay:Sheet@src/screens/EditGroupEventScreen.tsx:375 | opaque:ScrollView style bg=colors.background@src/screens/EditParticipantScreen.tsx:113 | opaque:View style bg=colors.background@src/screens/EditGroupEventScreen.tsx:258 | opaque:View style bg=colors.background@src/screens/GroupLogScreen.tsx:108,mixed
EditInteraction,src/components/TouchpointRefineForm.tsx:277,TouchpointRefineForm,Text,danger,"Text 13/""600""",4.5,16..W-16,left,scrolling,presentation (veil galaxy 0.02 / standard 0.05),VERIFIED,View@257{field} < ⟨local renderField⟩ < Fragment@538 < View@536{form} < ⟨TouchpointRefineForm⟩ < <TouchpointRefineForm>@src/screens/EditInteractionScreen.tsx:181 < ScrollView@159 < ⟨EditInteractionScreen⟩ < route:EditInteraction@src/navigation/tabs/DashboardStack.tsx || View@257{field} < ⟨local renderField⟩ < Fragment@538 < View@536{form} < ⟨TouchpointRefineForm⟩ < <TouchpointRefineForm>@src/screens/EditInteractionScreen.tsx:181 < ScrollView@159 < ⟨EditInteractionScreen⟩ < route:EditInteraction@src/navigation/tabs/DigestStack.tsx || View@257{field} < ⟨local renderField⟩ < Fragment@538 < View@536{form} < ⟨TouchpointRefineForm⟩ < <TouchpointRefineForm>@src/screens/EditInteractionScreen.tsx:181 < ScrollView@159 < ⟨EditInteractionScreen⟩ < route:EditInteraction@src/navigation/tabs/EventsStack.tsx ; pads: ScrollView@159{cc.padding=16} ; BACKED under: overlay:Sheet@src/screens/EditGroupEventScreen.tsx:375 | opaque:ScrollView style bg=colors.background@src/screens/EditParticipantScreen.tsx:113 | opaque:View style bg=colors.background@src/screens/EditGroupEventScreen.tsx:258 | opaque:View style bg=colors.background@src/screens/GroupLogScreen.tsx:108,mixed
LogContact,src/components/TouchpointRefineForm.tsx:277,TouchpointRefineForm,Text,danger,"Text 13/""600""",4.5,16..W-16,left,scrolling,dense (veil galaxy 0.22 / standard 0.30),VERIFIED,View@257{field} < ⟨local renderField⟩ < Fragment@538 < View@536{form} < ⟨TouchpointRefineForm⟩ < <TouchpointRefineForm>@src/screens/EditInteractionScreen.tsx:181 < ScrollView@159 < ⟨EditInteractionScreen⟩ < route:EditInteraction@src/navigation/tabs/DashboardStack.tsx || View@257{field} < ⟨local renderField⟩ < Fragment@538 < View@536{form} < ⟨TouchpointRefineForm⟩ < <TouchpointRefineForm>@src/screens/EditInteractionScreen.tsx:181 < ScrollView@159 < ⟨EditInteractionScreen⟩ < route:EditInteraction@src/navigation/tabs/DigestStack.tsx || View@257{field} < ⟨local renderField⟩ < Fragment@538 < View@536{form} < ⟨TouchpointRefineForm⟩ < <TouchpointRefineForm>@src/screens/EditInteractionScreen.tsx:181 < ScrollView@159 < ⟨EditInteractionScreen⟩ < route:EditInteraction@src/navigation/tabs/EventsStack.tsx ; pads: ScrollView@159{cc.padding=16} ; BACKED under: overlay:Sheet@src/screens/EditGroupEventScreen.tsx:375 | opaque:ScrollView style bg=colors.background@src/screens/EditParticipantScreen.tsx:113 | opaque:View style bg=colors.background@src/screens/EditGroupEventScreen.tsx:258 | opaque:View style bg=colors.background@src/screens/GroupLogScreen.tsx:108,mixed
EditInteraction,src/components/TouchpointRefineForm.tsx:290,TouchpointRefineForm,Text,textSecondary,"Text 13/""600""",4.5,16..W-16,left,scrolling,presentation (veil galaxy 0.02 / standard 0.05),VERIFIED,View@289{field} < ⟨local renderField⟩ < Fragment@538 < View@536{form} < ⟨TouchpointRefineForm⟩ < <TouchpointRefineForm>@src/screens/EditInteractionScreen.tsx:181 < ScrollView@159 < ⟨EditInteractionScreen⟩ < route:EditInteraction@src/navigation/tabs/DashboardStack.tsx || View@289{field} < ⟨local renderField⟩ < Fragment@538 < View@536{form} < ⟨TouchpointRefineForm⟩ < <TouchpointRefineForm>@src/screens/EditInteractionScreen.tsx:181 < ScrollView@159 < ⟨EditInteractionScreen⟩ < route:EditInteraction@src/navigation/tabs/DigestStack.tsx || View@289{field} < ⟨local renderField⟩ < Fragment@538 < View@536{form} < ⟨TouchpointRefineForm⟩ < <TouchpointRefineForm>@src/screens/EditInteractionScreen.tsx:181 < ScrollView@159 < ⟨EditInteractionScreen⟩ < route:EditInteraction@src/navigation/tabs/EventsStack.tsx ; pads: ScrollView@159{cc.padding=16} ; BACKED under: overlay:Sheet@src/screens/EditGroupEventScreen.tsx:375 | opaque:ScrollView style bg=colors.background@src/screens/EditParticipantScreen.tsx:113 | opaque:View style bg=colors.background@src/screens/EditGroupEventScreen.tsx:258 | opaque:View style bg=colors.background@src/screens/GroupLogScreen.tsx:108,mixed
LogContact,src/components/TouchpointRefineForm.tsx:290,TouchpointRefineForm,Text,textSecondary,"Text 13/""600""",4.5,16..W-16,left,scrolling,dense (veil galaxy 0.22 / standard 0.30),VERIFIED,View@289{field} < ⟨local renderField⟩ < Fragment@538 < View@536{form} < ⟨TouchpointRefineForm⟩ < <TouchpointRefineForm>@src/screens/EditInteractionScreen.tsx:181 < ScrollView@159 < ⟨EditInteractionScreen⟩ < route:EditInteraction@src/navigation/tabs/DashboardStack.tsx || View@289{field} < ⟨local renderField⟩ < Fragment@538 < View@536{form} < ⟨TouchpointRefineForm⟩ < <TouchpointRefineForm>@src/screens/EditInteractionScreen.tsx:181 < ScrollView@159 < ⟨EditInteractionScreen⟩ < route:EditInteraction@src/navigation/tabs/DigestStack.tsx || View@289{field} < ⟨local renderField⟩ < Fragment@538 < View@536{form} < ⟨TouchpointRefineForm⟩ < <TouchpointRefineForm>@src/screens/EditInteractionScreen.tsx:181 < ScrollView@159 < ⟨EditInteractionScreen⟩ < route:EditInteraction@src/navigation/tabs/EventsStack.tsx ; pads: ScrollView@159{cc.padding=16} ; BACKED under: overlay:Sheet@src/screens/EditGroupEventScreen.tsx:375 | opaque:ScrollView style bg=colors.background@src/screens/EditParticipantScreen.tsx:113 | opaque:View style bg=colors.background@src/screens/EditGroupEventScreen.tsx:258 | opaque:View style bg=colors.background@src/screens/GroupLogScreen.tsx:108,mixed
EditInteraction,src/components/TouchpointRefineForm.tsx:317,TouchpointRefineForm,Text,textSecondary,"Text 13/""600""",4.5,16..W-16,left,scrolling,presentation (veil galaxy 0.02 / standard 0.05),VERIFIED,View@316{field} < ⟨local renderField⟩ < Fragment@538 < View@536{form} < ⟨TouchpointRefineForm⟩ < <TouchpointRefineForm>@src/screens/EditInteractionScreen.tsx:181 < ScrollView@159 < ⟨EditInteractionScreen⟩ < route:EditInteraction@src/navigation/tabs/DashboardStack.tsx || View@316{field} < ⟨local renderField⟩ < Fragment@538 < View@536{form} < ⟨TouchpointRefineForm⟩ < <TouchpointRefineForm>@src/screens/EditInteractionScreen.tsx:181 < ScrollView@159 < ⟨EditInteractionScreen⟩ < route:EditInteraction@src/navigation/tabs/DigestStack.tsx || View@316{field} < ⟨local renderField⟩ < Fragment@538 < View@536{form} < ⟨TouchpointRefineForm⟩ < <TouchpointRefineForm>@src/screens/EditInteractionScreen.tsx:181 < ScrollView@159 < ⟨EditInteractionScreen⟩ < route:EditInteraction@src/navigation/tabs/EventsStack.tsx ; pads: ScrollView@159{cc.padding=16} ; BACKED under: overlay:Sheet@src/screens/EditGroupEventScreen.tsx:375 | opaque:ScrollView style bg=colors.background@src/screens/EditParticipantScreen.tsx:113 | opaque:View style bg=colors.background@src/screens/EditGroupEventScreen.tsx:258 | opaque:View style bg=colors.background@src/screens/GroupLogScreen.tsx:108,mixed
LogContact,src/components/TouchpointRefineForm.tsx:317,TouchpointRefineForm,Text,textSecondary,"Text 13/""600""",4.5,16..W-16,left,scrolling,dense (veil galaxy 0.22 / standard 0.30),VERIFIED,View@316{field} < ⟨local renderField⟩ < Fragment@538 < View@536{form} < ⟨TouchpointRefineForm⟩ < <TouchpointRefineForm>@src/screens/EditInteractionScreen.tsx:181 < ScrollView@159 < ⟨EditInteractionScreen⟩ < route:EditInteraction@src/navigation/tabs/DashboardStack.tsx || View@316{field} < ⟨local renderField⟩ < Fragment@538 < View@536{form} < ⟨TouchpointRefineForm⟩ < <TouchpointRefineForm>@src/screens/EditInteractionScreen.tsx:181 < ScrollView@159 < ⟨EditInteractionScreen⟩ < route:EditInteraction@src/navigation/tabs/DigestStack.tsx || View@316{field} < ⟨local renderField⟩ < Fragment@538 < View@536{form} < ⟨TouchpointRefineForm⟩ < <TouchpointRefineForm>@src/screens/EditInteractionScreen.tsx:181 < ScrollView@159 < ⟨EditInteractionScreen⟩ < route:EditInteraction@src/navigation/tabs/EventsStack.tsx ; pads: ScrollView@159{cc.padding=16} ; BACKED under: overlay:Sheet@src/screens/EditGroupEventScreen.tsx:375 | opaque:ScrollView style bg=colors.background@src/screens/EditParticipantScreen.tsx:113 | opaque:View style bg=colors.background@src/screens/EditGroupEventScreen.tsx:258 | opaque:View style bg=colors.background@src/screens/GroupLogScreen.tsx:108,mixed
EditInteraction,src/components/TouchpointRefineForm.tsx:347,TouchpointRefineForm,Text,textPrimary,"Text 13/""600""",4.5,16..W-16,left(row),scrolling,presentation (veil galaxy 0.02 / standard 0.05),VERIFIED,"View@346{field,toggleRow} < ⟨local renderField⟩ < Fragment@538 < View@536{form} < ⟨TouchpointRefineForm⟩ < <TouchpointRefineForm>@src/screens/EditInteractionScreen.tsx:181 < ScrollView@159 < ⟨EditInteractionScreen⟩ < route:EditInteraction@src/navigation/tabs/DashboardStack.tsx || View@346{field,toggleRow} < ⟨local renderField⟩ < Fragment@538 < View@536{form} < ⟨TouchpointRefineForm⟩ < <TouchpointRefineForm>@src/screens/EditInteractionScreen.tsx:181 < ScrollView@159 < ⟨EditInteractionScreen⟩ < route:EditInteraction@src/navigation/tabs/DigestStack.tsx || View@346{field,toggleRow} < ⟨local renderField⟩ < Fragment@538 < View@536{form} < ⟨TouchpointRefineForm⟩ < <TouchpointRefineForm>@src/screens/EditInteractionScreen.tsx:181 < ScrollView@159 < ⟨EditInteractionScreen⟩ < route:EditInteraction@src/navigation/tabs/EventsStack.tsx ; pads: ScrollView@159{cc.padding=16} ; BACKED under: overlay:Sheet@src/screens/EditGroupEventScreen.tsx:375 | opaque:ScrollView style bg=colors.background@src/screens/EditParticipantScreen.tsx:113 | opaque:View style bg=colors.background@src/screens/EditGroupEventScreen.tsx:258 | opaque:View style bg=colors.background@src/screens/GroupLogScreen.tsx:108",mixed
LogContact,src/components/TouchpointRefineForm.tsx:347,TouchpointRefineForm,Text,textPrimary,"Text 13/""600""",4.5,16..W-16,left(row),scrolling,dense (veil galaxy 0.22 / standard 0.30),VERIFIED,"View@346{field,toggleRow} < ⟨local renderField⟩ < Fragment@538 < View@536{form} < ⟨TouchpointRefineForm⟩ < <TouchpointRefineForm>@src/screens/EditInteractionScreen.tsx:181 < ScrollView@159 < ⟨EditInteractionScreen⟩ < route:EditInteraction@src/navigation/tabs/DashboardStack.tsx || View@346{field,toggleRow} < ⟨local renderField⟩ < Fragment@538 < View@536{form} < ⟨TouchpointRefineForm⟩ < <TouchpointRefineForm>@src/screens/EditInteractionScreen.tsx:181 < ScrollView@159 < ⟨EditInteractionScreen⟩ < route:EditInteraction@src/navigation/tabs/DigestStack.tsx || View@346{field,toggleRow} < ⟨local renderField⟩ < Fragment@538 < View@536{form} < ⟨TouchpointRefineForm⟩ < <TouchpointRefineForm>@src/screens/EditInteractionScreen.tsx:181 < ScrollView@159 < ⟨EditInteractionScreen⟩ < route:EditInteraction@src/navigation/tabs/EventsStack.tsx ; pads: ScrollView@159{cc.padding=16} ; BACKED under: overlay:Sheet@src/screens/EditGroupEventScreen.tsx:375 | opaque:ScrollView style bg=colors.background@src/screens/EditParticipantScreen.tsx:113 | opaque:View style bg=colors.background@src/screens/EditGroupEventScreen.tsx:258 | opaque:View style bg=colors.background@src/screens/GroupLogScreen.tsx:108",mixed
EditInteraction,src/components/TouchpointRefineForm.tsx:363,TouchpointRefineForm,Text,textSecondary,"Text 13/""600""",4.5,16..W-16,left,scrolling,presentation (veil galaxy 0.02 / standard 0.05),VERIFIED,View@362{field} < ⟨local renderField⟩ < Fragment@538 < View@536{form} < ⟨TouchpointRefineForm⟩ < <TouchpointRefineForm>@src/screens/EditInteractionScreen.tsx:181 < ScrollView@159 < ⟨EditInteractionScreen⟩ < route:EditInteraction@src/navigation/tabs/DashboardStack.tsx || View@362{field} < ⟨local renderField⟩ < Fragment@538 < View@536{form} < ⟨TouchpointRefineForm⟩ < <TouchpointRefineForm>@src/screens/EditInteractionScreen.tsx:181 < ScrollView@159 < ⟨EditInteractionScreen⟩ < route:EditInteraction@src/navigation/tabs/DigestStack.tsx || View@362{field} < ⟨local renderField⟩ < Fragment@538 < View@536{form} < ⟨TouchpointRefineForm⟩ < <TouchpointRefineForm>@src/screens/EditInteractionScreen.tsx:181 < ScrollView@159 < ⟨EditInteractionScreen⟩ < route:EditInteraction@src/navigation/tabs/EventsStack.tsx ; pads: ScrollView@159{cc.padding=16} ; BACKED under: overlay:Sheet@src/screens/EditGroupEventScreen.tsx:375 | opaque:ScrollView style bg=colors.background@src/screens/EditParticipantScreen.tsx:113 | opaque:View style bg=colors.background@src/screens/EditGroupEventScreen.tsx:258 | opaque:View style bg=colors.background@src/screens/GroupLogScreen.tsx:108,mixed
LogContact,src/components/TouchpointRefineForm.tsx:363,TouchpointRefineForm,Text,textSecondary,"Text 13/""600""",4.5,16..W-16,left,scrolling,dense (veil galaxy 0.22 / standard 0.30),VERIFIED,View@362{field} < ⟨local renderField⟩ < Fragment@538 < View@536{form} < ⟨TouchpointRefineForm⟩ < <TouchpointRefineForm>@src/screens/EditInteractionScreen.tsx:181 < ScrollView@159 < ⟨EditInteractionScreen⟩ < route:EditInteraction@src/navigation/tabs/DashboardStack.tsx || View@362{field} < ⟨local renderField⟩ < Fragment@538 < View@536{form} < ⟨TouchpointRefineForm⟩ < <TouchpointRefineForm>@src/screens/EditInteractionScreen.tsx:181 < ScrollView@159 < ⟨EditInteractionScreen⟩ < route:EditInteraction@src/navigation/tabs/DigestStack.tsx || View@362{field} < ⟨local renderField⟩ < Fragment@538 < View@536{form} < ⟨TouchpointRefineForm⟩ < <TouchpointRefineForm>@src/screens/EditInteractionScreen.tsx:181 < ScrollView@159 < ⟨EditInteractionScreen⟩ < route:EditInteraction@src/navigation/tabs/EventsStack.tsx ; pads: ScrollView@159{cc.padding=16} ; BACKED under: overlay:Sheet@src/screens/EditGroupEventScreen.tsx:375 | opaque:ScrollView style bg=colors.background@src/screens/EditParticipantScreen.tsx:113 | opaque:View style bg=colors.background@src/screens/EditGroupEventScreen.tsx:258 | opaque:View style bg=colors.background@src/screens/GroupLogScreen.tsx:108,mixed
EditInteraction,src/components/TouchpointRefineForm.tsx:393,TouchpointRefineForm,Text,textSecondary,"Text 13/""600""",4.5,16..W-16,left,scrolling,presentation (veil galaxy 0.02 / standard 0.05),VERIFIED,View@392{field} < ⟨local renderField⟩ < Fragment@538 < View@536{form} < ⟨TouchpointRefineForm⟩ < <TouchpointRefineForm>@src/screens/EditInteractionScreen.tsx:181 < ScrollView@159 < ⟨EditInteractionScreen⟩ < route:EditInteraction@src/navigation/tabs/DashboardStack.tsx || View@392{field} < ⟨local renderField⟩ < Fragment@538 < View@536{form} < ⟨TouchpointRefineForm⟩ < <TouchpointRefineForm>@src/screens/EditInteractionScreen.tsx:181 < ScrollView@159 < ⟨EditInteractionScreen⟩ < route:EditInteraction@src/navigation/tabs/DigestStack.tsx || View@392{field} < ⟨local renderField⟩ < Fragment@538 < View@536{form} < ⟨TouchpointRefineForm⟩ < <TouchpointRefineForm>@src/screens/EditInteractionScreen.tsx:181 < ScrollView@159 < ⟨EditInteractionScreen⟩ < route:EditInteraction@src/navigation/tabs/EventsStack.tsx ; pads: ScrollView@159{cc.padding=16} ; BACKED under: overlay:Sheet@src/screens/EditGroupEventScreen.tsx:375 | opaque:ScrollView style bg=colors.background@src/screens/EditParticipantScreen.tsx:113 | opaque:View style bg=colors.background@src/screens/EditGroupEventScreen.tsx:258 | opaque:View style bg=colors.background@src/screens/GroupLogScreen.tsx:108,mixed
LogContact,src/components/TouchpointRefineForm.tsx:393,TouchpointRefineForm,Text,textSecondary,"Text 13/""600""",4.5,16..W-16,left,scrolling,dense (veil galaxy 0.22 / standard 0.30),VERIFIED,View@392{field} < ⟨local renderField⟩ < Fragment@538 < View@536{form} < ⟨TouchpointRefineForm⟩ < <TouchpointRefineForm>@src/screens/EditInteractionScreen.tsx:181 < ScrollView@159 < ⟨EditInteractionScreen⟩ < route:EditInteraction@src/navigation/tabs/DashboardStack.tsx || View@392{field} < ⟨local renderField⟩ < Fragment@538 < View@536{form} < ⟨TouchpointRefineForm⟩ < <TouchpointRefineForm>@src/screens/EditInteractionScreen.tsx:181 < ScrollView@159 < ⟨EditInteractionScreen⟩ < route:EditInteraction@src/navigation/tabs/DigestStack.tsx || View@392{field} < ⟨local renderField⟩ < Fragment@538 < View@536{form} < ⟨TouchpointRefineForm⟩ < <TouchpointRefineForm>@src/screens/EditInteractionScreen.tsx:181 < ScrollView@159 < ⟨EditInteractionScreen⟩ < route:EditInteraction@src/navigation/tabs/EventsStack.tsx ; pads: ScrollView@159{cc.padding=16} ; BACKED under: overlay:Sheet@src/screens/EditGroupEventScreen.tsx:375 | opaque:ScrollView style bg=colors.background@src/screens/EditParticipantScreen.tsx:113 | opaque:View style bg=colors.background@src/screens/EditGroupEventScreen.tsx:258 | opaque:View style bg=colors.background@src/screens/GroupLogScreen.tsx:108,mixed
EditInteraction,src/components/TouchpointRefineForm.tsx:420,TouchpointRefineForm,Text,textSecondary,"Text 13/""600""",4.5,16..W-16,left,scrolling,presentation (veil galaxy 0.02 / standard 0.05),VERIFIED,View@419{field} < ⟨local renderField⟩ < Fragment@538 < View@536{form} < ⟨TouchpointRefineForm⟩ < <TouchpointRefineForm>@src/screens/EditInteractionScreen.tsx:181 < ScrollView@159 < ⟨EditInteractionScreen⟩ < route:EditInteraction@src/navigation/tabs/DashboardStack.tsx || View@419{field} < ⟨local renderField⟩ < Fragment@538 < View@536{form} < ⟨TouchpointRefineForm⟩ < <TouchpointRefineForm>@src/screens/EditInteractionScreen.tsx:181 < ScrollView@159 < ⟨EditInteractionScreen⟩ < route:EditInteraction@src/navigation/tabs/DigestStack.tsx || View@419{field} < ⟨local renderField⟩ < Fragment@538 < View@536{form} < ⟨TouchpointRefineForm⟩ < <TouchpointRefineForm>@src/screens/EditInteractionScreen.tsx:181 < ScrollView@159 < ⟨EditInteractionScreen⟩ < route:EditInteraction@src/navigation/tabs/EventsStack.tsx ; pads: ScrollView@159{cc.padding=16} ; BACKED under: overlay:Sheet@src/screens/EditGroupEventScreen.tsx:375 | opaque:ScrollView style bg=colors.background@src/screens/EditParticipantScreen.tsx:113 | opaque:View style bg=colors.background@src/screens/EditGroupEventScreen.tsx:258 | opaque:View style bg=colors.background@src/screens/GroupLogScreen.tsx:108,mixed
LogContact,src/components/TouchpointRefineForm.tsx:420,TouchpointRefineForm,Text,textSecondary,"Text 13/""600""",4.5,16..W-16,left,scrolling,dense (veil galaxy 0.22 / standard 0.30),VERIFIED,View@419{field} < ⟨local renderField⟩ < Fragment@538 < View@536{form} < ⟨TouchpointRefineForm⟩ < <TouchpointRefineForm>@src/screens/EditInteractionScreen.tsx:181 < ScrollView@159 < ⟨EditInteractionScreen⟩ < route:EditInteraction@src/navigation/tabs/DashboardStack.tsx || View@419{field} < ⟨local renderField⟩ < Fragment@538 < View@536{form} < ⟨TouchpointRefineForm⟩ < <TouchpointRefineForm>@src/screens/EditInteractionScreen.tsx:181 < ScrollView@159 < ⟨EditInteractionScreen⟩ < route:EditInteraction@src/navigation/tabs/DigestStack.tsx || View@419{field} < ⟨local renderField⟩ < Fragment@538 < View@536{form} < ⟨TouchpointRefineForm⟩ < <TouchpointRefineForm>@src/screens/EditInteractionScreen.tsx:181 < ScrollView@159 < ⟨EditInteractionScreen⟩ < route:EditInteraction@src/navigation/tabs/EventsStack.tsx ; pads: ScrollView@159{cc.padding=16} ; BACKED under: overlay:Sheet@src/screens/EditGroupEventScreen.tsx:375 | opaque:ScrollView style bg=colors.background@src/screens/EditParticipantScreen.tsx:113 | opaque:View style bg=colors.background@src/screens/EditGroupEventScreen.tsx:258 | opaque:View style bg=colors.background@src/screens/GroupLogScreen.tsx:108,mixed
EditInteraction,src/components/TouchpointRefineForm.tsx:495,TouchpointRefineForm,Text,textSecondary,Text 13,4.5,16..W-16,left,scrolling,presentation (veil galaxy 0.02 / standard 0.05),VERIFIED,View@419{field} < ⟨local renderField⟩ < Fragment@538 < View@536{form} < ⟨TouchpointRefineForm⟩ < <TouchpointRefineForm>@src/screens/EditInteractionScreen.tsx:181 < ScrollView@159 < ⟨EditInteractionScreen⟩ < route:EditInteraction@src/navigation/tabs/DashboardStack.tsx || View@419{field} < ⟨local renderField⟩ < Fragment@538 < View@536{form} < ⟨TouchpointRefineForm⟩ < <TouchpointRefineForm>@src/screens/EditInteractionScreen.tsx:181 < ScrollView@159 < ⟨EditInteractionScreen⟩ < route:EditInteraction@src/navigation/tabs/DigestStack.tsx || View@419{field} < ⟨local renderField⟩ < Fragment@538 < View@536{form} < ⟨TouchpointRefineForm⟩ < <TouchpointRefineForm>@src/screens/EditInteractionScreen.tsx:181 < ScrollView@159 < ⟨EditInteractionScreen⟩ < route:EditInteraction@src/navigation/tabs/EventsStack.tsx ; pads: ScrollView@159{cc.padding=16} ; BACKED under: overlay:Sheet@src/screens/EditGroupEventScreen.tsx:375 | opaque:ScrollView style bg=colors.background@src/screens/EditParticipantScreen.tsx:113 | opaque:View style bg=colors.background@src/screens/EditGroupEventScreen.tsx:258 | opaque:View style bg=colors.background@src/screens/GroupLogScreen.tsx:108,mixed
LogContact,src/components/TouchpointRefineForm.tsx:495,TouchpointRefineForm,Text,textSecondary,Text 13,4.5,16..W-16,left,scrolling,dense (veil galaxy 0.22 / standard 0.30),VERIFIED,View@419{field} < ⟨local renderField⟩ < Fragment@538 < View@536{form} < ⟨TouchpointRefineForm⟩ < <TouchpointRefineForm>@src/screens/EditInteractionScreen.tsx:181 < ScrollView@159 < ⟨EditInteractionScreen⟩ < route:EditInteraction@src/navigation/tabs/DashboardStack.tsx || View@419{field} < ⟨local renderField⟩ < Fragment@538 < View@536{form} < ⟨TouchpointRefineForm⟩ < <TouchpointRefineForm>@src/screens/EditInteractionScreen.tsx:181 < ScrollView@159 < ⟨EditInteractionScreen⟩ < route:EditInteraction@src/navigation/tabs/DigestStack.tsx || View@419{field} < ⟨local renderField⟩ < Fragment@538 < View@536{form} < ⟨TouchpointRefineForm⟩ < <TouchpointRefineForm>@src/screens/EditInteractionScreen.tsx:181 < ScrollView@159 < ⟨EditInteractionScreen⟩ < route:EditInteraction@src/navigation/tabs/EventsStack.tsx ; pads: ScrollView@159{cc.padding=16} ; BACKED under: overlay:Sheet@src/screens/EditGroupEventScreen.tsx:375 | opaque:ScrollView style bg=colors.background@src/screens/EditParticipantScreen.tsx:113 | opaque:View style bg=colors.background@src/screens/EditGroupEventScreen.tsx:258 | opaque:View style bg=colors.background@src/screens/GroupLogScreen.tsx:108,mixed
EditInteraction,src/components/TouchpointRefineForm.tsx:508,TouchpointRefineForm,Text,textPrimary,"Text 13/""600""",4.5,16..W-16,left(row),scrolling,presentation (veil galaxy 0.02 / standard 0.05),VERIFIED,View@507{toggleRow} < View@506{field} < ⟨local renderField⟩ < Fragment@538 < View@536{form} < ⟨TouchpointRefineForm⟩ < <TouchpointRefineForm>@src/screens/EditInteractionScreen.tsx:181 < ScrollView@159 < ⟨EditInteractionScreen⟩ < route:EditInteraction@src/navigation/tabs/DashboardStack.tsx || View@507{toggleRow} < View@506{field} < ⟨local renderField⟩ < Fragment@538 < View@536{form} < ⟨TouchpointRefineForm⟩ < <TouchpointRefineForm>@src/screens/EditInteractionScreen.tsx:181 < ScrollView@159 < ⟨EditInteractionScreen⟩ < route:EditInteraction@src/navigation/tabs/DigestStack.tsx || View@507{toggleRow} < View@506{field} < ⟨local renderField⟩ < Fragment@538 < View@536{form} < ⟨TouchpointRefineForm⟩ < <TouchpointRefineForm>@src/screens/EditInteractionScreen.tsx:181 < ScrollView@159 < ⟨EditInteractionScreen⟩ < route:EditInteraction@src/navigation/tabs/EventsStack.tsx ; pads: ScrollView@159{cc.padding=16} ; BACKED under: overlay:Sheet@src/screens/EditGroupEventScreen.tsx:375 | opaque:ScrollView style bg=colors.background@src/screens/EditParticipantScreen.tsx:113 | opaque:View style bg=colors.background@src/screens/EditGroupEventScreen.tsx:258 | opaque:View style bg=colors.background@src/screens/GroupLogScreen.tsx:108,mixed
LogContact,src/components/TouchpointRefineForm.tsx:508,TouchpointRefineForm,Text,textPrimary,"Text 13/""600""",4.5,16..W-16,left(row),scrolling,dense (veil galaxy 0.22 / standard 0.30),VERIFIED,View@507{toggleRow} < View@506{field} < ⟨local renderField⟩ < Fragment@538 < View@536{form} < ⟨TouchpointRefineForm⟩ < <TouchpointRefineForm>@src/screens/EditInteractionScreen.tsx:181 < ScrollView@159 < ⟨EditInteractionScreen⟩ < route:EditInteraction@src/navigation/tabs/DashboardStack.tsx || View@507{toggleRow} < View@506{field} < ⟨local renderField⟩ < Fragment@538 < View@536{form} < ⟨TouchpointRefineForm⟩ < <TouchpointRefineForm>@src/screens/EditInteractionScreen.tsx:181 < ScrollView@159 < ⟨EditInteractionScreen⟩ < route:EditInteraction@src/navigation/tabs/DigestStack.tsx || View@507{toggleRow} < View@506{field} < ⟨local renderField⟩ < Fragment@538 < View@536{form} < ⟨TouchpointRefineForm⟩ < <TouchpointRefineForm>@src/screens/EditInteractionScreen.tsx:181 < ScrollView@159 < ⟨EditInteractionScreen⟩ < route:EditInteraction@src/navigation/tabs/EventsStack.tsx ; pads: ScrollView@159{cc.padding=16} ; BACKED under: overlay:Sheet@src/screens/EditGroupEventScreen.tsx:375 | opaque:ScrollView style bg=colors.background@src/screens/EditParticipantScreen.tsx:113 | opaque:View style bg=colors.background@src/screens/EditGroupEventScreen.tsx:258 | opaque:View style bg=colors.background@src/screens/GroupLogScreen.tsx:108,mixed
EditInteraction,src/components/TouchpointRefineForm.tsx:521,TouchpointRefineForm,Text,textSecondary,Text 13,4.5,16..W-16,left,scrolling,presentation (veil galaxy 0.02 / standard 0.05),VERIFIED,View@506{field} < ⟨local renderField⟩ < Fragment@538 < View@536{form} < ⟨TouchpointRefineForm⟩ < <TouchpointRefineForm>@src/screens/EditInteractionScreen.tsx:181 < ScrollView@159 < ⟨EditInteractionScreen⟩ < route:EditInteraction@src/navigation/tabs/DashboardStack.tsx || View@506{field} < ⟨local renderField⟩ < Fragment@538 < View@536{form} < ⟨TouchpointRefineForm⟩ < <TouchpointRefineForm>@src/screens/EditInteractionScreen.tsx:181 < ScrollView@159 < ⟨EditInteractionScreen⟩ < route:EditInteraction@src/navigation/tabs/DigestStack.tsx || View@506{field} < ⟨local renderField⟩ < Fragment@538 < View@536{form} < ⟨TouchpointRefineForm⟩ < <TouchpointRefineForm>@src/screens/EditInteractionScreen.tsx:181 < ScrollView@159 < ⟨EditInteractionScreen⟩ < route:EditInteraction@src/navigation/tabs/EventsStack.tsx ; pads: ScrollView@159{cc.padding=16} ; BACKED under: overlay:Sheet@src/screens/EditGroupEventScreen.tsx:375 | opaque:ScrollView style bg=colors.background@src/screens/EditParticipantScreen.tsx:113 | opaque:View style bg=colors.background@src/screens/EditGroupEventScreen.tsx:258 | opaque:View style bg=colors.background@src/screens/GroupLogScreen.tsx:108,mixed
LogContact,src/components/TouchpointRefineForm.tsx:521,TouchpointRefineForm,Text,textSecondary,Text 13,4.5,16..W-16,left,scrolling,dense (veil galaxy 0.22 / standard 0.30),VERIFIED,View@506{field} < ⟨local renderField⟩ < Fragment@538 < View@536{form} < ⟨TouchpointRefineForm⟩ < <TouchpointRefineForm>@src/screens/EditInteractionScreen.tsx:181 < ScrollView@159 < ⟨EditInteractionScreen⟩ < route:EditInteraction@src/navigation/tabs/DashboardStack.tsx || View@506{field} < ⟨local renderField⟩ < Fragment@538 < View@536{form} < ⟨TouchpointRefineForm⟩ < <TouchpointRefineForm>@src/screens/EditInteractionScreen.tsx:181 < ScrollView@159 < ⟨EditInteractionScreen⟩ < route:EditInteraction@src/navigation/tabs/DigestStack.tsx || View@506{field} < ⟨local renderField⟩ < Fragment@538 < View@536{form} < ⟨TouchpointRefineForm⟩ < <TouchpointRefineForm>@src/screens/EditInteractionScreen.tsx:181 < ScrollView@159 < ⟨EditInteractionScreen⟩ < route:EditInteraction@src/navigation/tabs/EventsStack.tsx ; pads: ScrollView@159{cc.padding=16} ; BACKED under: overlay:Sheet@src/screens/EditGroupEventScreen.tsx:375 | opaque:ScrollView style bg=colors.background@src/screens/EditParticipantScreen.tsx:113 | opaque:View style bg=colors.background@src/screens/EditGroupEventScreen.tsx:258 | opaque:View style bg=colors.background@src/screens/GroupLogScreen.tsx:108,mixed
EditInteraction,src/components/TouchpointRefineForm.tsx:553,TouchpointRefineForm,Text,accentText,"Text 15/""600""",4.5,16..W-16,left,scrolling,presentation (veil galaxy 0.02 / standard 0.05),VERIFIED,Pressable@545{moreToggle} < View@544{field} < View@536{form} < ⟨TouchpointRefineForm⟩ < <TouchpointRefineForm>@src/screens/EditInteractionScreen.tsx:181 < ScrollView@159 < ⟨EditInteractionScreen⟩ < route:EditInteraction@src/navigation/tabs/DashboardStack.tsx || Pressable@545{moreToggle} < View@544{field} < View@536{form} < ⟨TouchpointRefineForm⟩ < <TouchpointRefineForm>@src/screens/EditInteractionScreen.tsx:181 < ScrollView@159 < ⟨EditInteractionScreen⟩ < route:EditInteraction@src/navigation/tabs/DigestStack.tsx || Pressable@545{moreToggle} < View@544{field} < View@536{form} < ⟨TouchpointRefineForm⟩ < <TouchpointRefineForm>@src/screens/EditInteractionScreen.tsx:181 < ScrollView@159 < ⟨EditInteractionScreen⟩ < route:EditInteraction@src/navigation/tabs/EventsStack.tsx ; pads: ScrollView@159{cc.padding=16} ; BACKED under: overlay:Sheet@src/screens/EditGroupEventScreen.tsx:375 | opaque:ScrollView style bg=colors.background@src/screens/EditParticipantScreen.tsx:113 | opaque:View style bg=colors.background@src/screens/EditGroupEventScreen.tsx:258 | opaque:View style bg=colors.background@src/screens/GroupLogScreen.tsx:108,mixed
LogContact,src/components/TouchpointRefineForm.tsx:553,TouchpointRefineForm,Text,accentText,"Text 15/""600""",4.5,16..W-16,left,scrolling,dense (veil galaxy 0.22 / standard 0.30),VERIFIED,Pressable@545{moreToggle} < View@544{field} < View@536{form} < ⟨TouchpointRefineForm⟩ < <TouchpointRefineForm>@src/screens/EditInteractionScreen.tsx:181 < ScrollView@159 < ⟨EditInteractionScreen⟩ < route:EditInteraction@src/navigation/tabs/DashboardStack.tsx || Pressable@545{moreToggle} < View@544{field} < View@536{form} < ⟨TouchpointRefineForm⟩ < <TouchpointRefineForm>@src/screens/EditInteractionScreen.tsx:181 < ScrollView@159 < ⟨EditInteractionScreen⟩ < route:EditInteraction@src/navigation/tabs/DigestStack.tsx || Pressable@545{moreToggle} < View@544{field} < View@536{form} < ⟨TouchpointRefineForm⟩ < <TouchpointRefineForm>@src/screens/EditInteractionScreen.tsx:181 < ScrollView@159 < ⟨EditInteractionScreen⟩ < route:EditInteraction@src/navigation/tabs/EventsStack.tsx ; pads: ScrollView@159{cc.padding=16} ; BACKED under: overlay:Sheet@src/screens/EditGroupEventScreen.tsx:375 | opaque:ScrollView style bg=colors.background@src/screens/EditParticipantScreen.tsx:113 | opaque:View style bg=colors.background@src/screens/EditGroupEventScreen.tsx:258 | opaque:View style bg=colors.background@src/screens/GroupLogScreen.tsx:108,mixed
Home,src/components/control-surface/DashboardControlRow.tsx:412,DashboardControlRow,Text,danger,Text 14,4.5,0..W-0,left,top-fixed,presentation (veil galaxy 0.02 / standard 0.05),VERIFIED,View@306{wrapper} < ⟨DashboardControlRow⟩ < <DashboardControlRow>@src/screens/HomeScreen.tsx:1774 < View@1713{root} < ⟨HomeScreen⟩ < route:Home@src/navigation/tabs/DashboardStack.tsx,bare
Home,src/components/control-surface/DashboardControlRow.tsx:420,DashboardControlRow,Text,danger,Text 14,4.5,0..W-0,left,top-fixed,presentation (veil galaxy 0.02 / standard 0.05),VERIFIED,View@306{wrapper} < ⟨DashboardControlRow⟩ < <DashboardControlRow>@src/screens/HomeScreen.tsx:1774 < View@1713{root} < ⟨HomeScreen⟩ < route:Home@src/navigation/tabs/DashboardStack.tsx,bare
Home,src/components/control-surface/DashboardControlRow.tsx:428,DashboardControlRow,Text,danger,Text 14,4.5,0..W-0,left,top-fixed,presentation (veil galaxy 0.02 / standard 0.05),VERIFIED,View@306{wrapper} < ⟨DashboardControlRow⟩ < <DashboardControlRow>@src/screens/HomeScreen.tsx:1774 < View@1713{root} < ⟨HomeScreen⟩ < route:Home@src/navigation/tabs/DashboardStack.tsx,bare
Digest,src/components/digest/HorizonSection.tsx:64,HorizonSection,AppText,textPrimary(default),heading 20/600,4.5*,16..W-16,left,scrolling,comfortable (veil galaxy 0.10 / standard 0.14),VERIFIED,View@63{section} < ⟨HorizonSection⟩ < <HorizonSection>@src/screens/DigestScreen.tsx:296 < ScrollView@294 < ⟨DigestLoadedBody⟩ < <DigestLoadedBody>@src/screens/DigestScreen.tsx:261 < View@229{root} < ⟨DigestContent⟩ < <DigestContent>@src/screens/DigestScreen.tsx:202 < ⟨DigestScreen⟩ < route:Digest@src/navigation/tabs/DigestStack.tsx ; pads: View@229{padding=SPACING.base},bare
Digest,src/components/digest/HorizonSection.tsx:69,HorizonSection,AppText,textPrimary(default),label 14/600,4.5,16..W-16,left,scrolling,comfortable (veil galaxy 0.10 / standard 0.14),VERIFIED,View@68{empty} < View@63{section} < ⟨HorizonSection⟩ < <HorizonSection>@src/screens/DigestScreen.tsx:296 < ScrollView@294 < ⟨DigestLoadedBody⟩ < <DigestLoadedBody>@src/screens/DigestScreen.tsx:261 < View@229{root} < ⟨DigestContent⟩ < <DigestContent>@src/screens/DigestScreen.tsx:202 < ⟨DigestScreen⟩ < route:Digest@src/navigation/tabs/DigestStack.tsx ; pads: View@229{padding=SPACING.base},bare
Digest,src/components/digest/HorizonSection.tsx:70,HorizonSection,AppText,textSecondary,caption 14/400,4.5,16..W-16,left,scrolling,comfortable (veil galaxy 0.10 / standard 0.14),VERIFIED,View@68{empty} < View@63{section} < ⟨HorizonSection⟩ < <HorizonSection>@src/screens/DigestScreen.tsx:296 < ScrollView@294 < ⟨DigestLoadedBody⟩ < <DigestLoadedBody>@src/screens/DigestScreen.tsx:261 < View@229{root} < ⟨DigestContent⟩ < <DigestContent>@src/screens/DigestScreen.tsx:202 < ⟨DigestScreen⟩ < route:Digest@src/navigation/tabs/DigestStack.tsx ; pads: View@229{padding=SPACING.base},bare
Digest,src/components/digest/HorizonSection.tsx:78,HorizonSection,AppText,textPrimary(default),label 14/600,4.5,16..W-16,left,scrolling,comfortable (veil galaxy 0.10 / standard 0.14),VERIFIED,View@77{group} < View@63{section} < ⟨HorizonSection⟩ < <HorizonSection>@src/screens/DigestScreen.tsx:296 < ScrollView@294 < ⟨DigestLoadedBody⟩ < <DigestLoadedBody>@src/screens/DigestScreen.tsx:261 < View@229{root} < ⟨DigestContent⟩ < <DigestContent>@src/screens/DigestScreen.tsx:202 < ⟨DigestScreen⟩ < route:Digest@src/navigation/tabs/DigestStack.tsx ; pads: View@229{padding=SPACING.base},bare
Digest,src/components/digest/HorizonSection.tsx:89,HorizonSection,AppText,textPrimary(default),body 16/400,4.5,16..W-16,left(row),scrolling,comfortable (veil galaxy 0.10 / standard 0.14),VERIFIED,Pressable@82{row} < DigestListItem@81 < DigestListGroup@79 < View@77{group} < View@63{section} < ⟨HorizonSection⟩ < <HorizonSection>@src/screens/DigestScreen.tsx:296 < ScrollView@294 < ⟨DigestLoadedBody⟩ < <DigestLoadedBody>@src/screens/DigestScreen.tsx:261 < View@229{root} < ⟨DigestContent⟩ < <DigestContent>@src/screens/DigestScreen.tsx:202 < ⟨DigestScreen⟩ < route:Digest@src/navigation/tabs/DigestStack.tsx ; pads: View@229{padding=SPACING.base},bare
Digest,src/components/digest/HorizonSection.tsx:97,HorizonSection,AppText,textSecondary,caption 14/400,4.5,16..W-16,left(row),scrolling,comfortable (veil galaxy 0.10 / standard 0.14),VERIFIED,Pressable@82{row} < DigestListItem@81 < DigestListGroup@79 < View@77{group} < View@63{section} < ⟨HorizonSection⟩ < <HorizonSection>@src/screens/DigestScreen.tsx:296 < ScrollView@294 < ⟨DigestLoadedBody⟩ < <DigestLoadedBody>@src/screens/DigestScreen.tsx:261 < View@229{root} < ⟨DigestContent⟩ < <DigestContent>@src/screens/DigestScreen.tsx:202 < ⟨DigestScreen⟩ < route:Digest@src/navigation/tabs/DigestStack.tsx ; pads: View@229{padding=SPACING.base},bare
Digest,src/components/digest/HorizonSection.tsx:112,HorizonSection,AppText,textPrimary(default),label 14/600,4.5,16..W-16,left,scrolling,comfortable (veil galaxy 0.10 / standard 0.14),VERIFIED,View@111{group} < View@63{section} < ⟨HorizonSection⟩ < <HorizonSection>@src/screens/DigestScreen.tsx:296 < ScrollView@294 < ⟨DigestLoadedBody⟩ < <DigestLoadedBody>@src/screens/DigestScreen.tsx:261 < View@229{root} < ⟨DigestContent⟩ < <DigestContent>@src/screens/DigestScreen.tsx:202 < ⟨DigestScreen⟩ < route:Digest@src/navigation/tabs/DigestStack.tsx ; pads: View@229{padding=SPACING.base},bare
Digest,src/components/digest/HorizonSection.tsx:140,HorizonSection,AppText,textPrimary(default),label 14/600,4.5,16..W-16,left,scrolling,comfortable (veil galaxy 0.10 / standard 0.14),VERIFIED,View@139{group} < View@63{section} < ⟨HorizonSection⟩ < <HorizonSection>@src/screens/DigestScreen.tsx:296 < ScrollView@294 < ⟨DigestLoadedBody⟩ < <DigestLoadedBody>@src/screens/DigestScreen.tsx:261 < View@229{root} < ⟨DigestContent⟩ < <DigestContent>@src/screens/DigestScreen.tsx:202 < ⟨DigestScreen⟩ < route:Digest@src/navigation/tabs/DigestStack.tsx ; pads: View@229{padding=SPACING.base},bare
Digest,src/components/digest/HorizonSection.tsx:141,HorizonSection,AppText,textSecondary,caption 14/400,4.5,16..W-16,left,scrolling,comfortable (veil galaxy 0.10 / standard 0.14),VERIFIED,View@139{group} < View@63{section} < ⟨HorizonSection⟩ < <HorizonSection>@src/screens/DigestScreen.tsx:296 < ScrollView@294 < ⟨DigestLoadedBody⟩ < <DigestLoadedBody>@src/screens/DigestScreen.tsx:261 < View@229{root} < ⟨DigestContent⟩ < <DigestContent>@src/screens/DigestScreen.tsx:202 < ⟨DigestScreen⟩ < route:Digest@src/navigation/tabs/DigestStack.tsx ; pads: View@229{padding=SPACING.base},bare
Digest,src/components/digest/HorizonSection.tsx:218,CompactContactRow,AppText,textPrimary(default),body 16/400,4.5,16..W-16,left(row),scrolling,comfortable (veil galaxy 0.10 / standard 0.14),"ESTIMATED(AST-traced, not hand-read)",Pressable@198{row} < ⟨CompactContactRow⟩ < <CompactContactRow>@src/components/digest/HorizonSection.tsx:116 < DigestListItem@115 < DigestListGroup@113 < View@111{group} < View@63{section} < ⟨HorizonSection⟩ < <HorizonSection>@src/screens/DigestScreen.tsx:296 < ScrollView@294 < ⟨DigestLoadedBody⟩ < <DigestLoadedBody>@src/screens/DigestScreen.tsx:261 < View@229{root} < ⟨DigestContent⟩ < <DigestContent>@src/screens/DigestScreen.tsx:202 < ⟨DigestScreen⟩ < route:Digest@src/navigation/tabs/DigestStack.tsx || Pressable@198{row} < ⟨CompactContactRow⟩ < <CompactContactRow>@src/components/digest/HorizonSection.tsx:149 < DigestListItem@148 < DigestListGroup@146 < View@139{group} < View@63{section} < ⟨HorizonSection⟩ < <HorizonSection>@src/screens/DigestScreen.tsx:296 < ScrollView@294 < ⟨DigestLoadedBody⟩ < <DigestLoadedBody>@src/screens/DigestScreen.tsx:261 < View@229{root} < ⟨DigestContent⟩ < <DigestContent>@src/screens/DigestScreen.tsx:202 < ⟨DigestScreen⟩ < route:Digest@src/navigation/tabs/DigestStack.tsx ; pads: View@229{padding=SPACING.base},bare
Digest,src/components/digest/HorizonSection.tsx:248,DrillRow,AppText,accent,label 14/600,4.5,16..W-16,left,scrolling,comfortable (veil galaxy 0.10 / standard 0.14),"ESTIMATED(AST-traced, not hand-read)",Pressable@241{drill} < ⟨DrillRow⟩ < <DrillRow>@src/components/digest/HorizonSection.tsx:127 < DigestListItem@126 < DigestListGroup@113 < View@111{group} < View@63{section} < ⟨HorizonSection⟩ < <HorizonSection>@src/screens/DigestScreen.tsx:296 < ScrollView@294 < ⟨DigestLoadedBody⟩ < <DigestLoadedBody>@src/screens/DigestScreen.tsx:261 < View@229{root} < ⟨DigestContent⟩ < <DigestContent>@src/screens/DigestScreen.tsx:202 < ⟨DigestScreen⟩ < route:Digest@src/navigation/tabs/DigestStack.tsx || Pressable@241{drill} < ⟨DrillRow⟩ < <DrillRow>@src/components/digest/HorizonSection.tsx:160 < DigestListItem@159 < DigestListGroup@146 < View@139{group} < View@63{section} < ⟨HorizonSection⟩ < <HorizonSection>@src/screens/DigestScreen.tsx:296 < ScrollView@294 < ⟨DigestLoadedBody⟩ < <DigestLoadedBody>@src/screens/DigestScreen.tsx:261 < View@229{root} < ⟨DigestContent⟩ < <DigestContent>@src/screens/DigestScreen.tsx:202 < ⟨DigestScreen⟩ < route:Digest@src/navigation/tabs/DigestStack.tsx ; pads: View@229{padding=SPACING.base},bare
Digest,src/components/digest/UpNextSection.tsx:38,UpNextSection,AppText,textPrimary(default),heading 20/600,4.5*,16..W-16,left,scrolling,comfortable (veil galaxy 0.10 / standard 0.14),"ESTIMATED(AST-traced, not hand-read)",View@37{section} < ⟨UpNextSection⟩ < <UpNextSection>@src/screens/DigestScreen.tsx:295 < ScrollView@294 < ⟨DigestLoadedBody⟩ < <DigestLoadedBody>@src/screens/DigestScreen.tsx:261 < View@229{root} < ⟨DigestContent⟩ < <DigestContent>@src/screens/DigestScreen.tsx:202 < ⟨DigestScreen⟩ < route:Digest@src/navigation/tabs/DigestStack.tsx ; pads: View@229{padding=SPACING.base},bare
Digest,src/components/digest/UpNextSection.tsx:43,UpNextSection,AppText,textPrimary(default),label 14/600,4.5,16..W-16,left,scrolling,comfortable (veil galaxy 0.10 / standard 0.14),"ESTIMATED(AST-traced, not hand-read)",View@42{empty} < View@37{section} < ⟨UpNextSection⟩ < <UpNextSection>@src/screens/DigestScreen.tsx:295 < ScrollView@294 < ⟨DigestLoadedBody⟩ < <DigestLoadedBody>@src/screens/DigestScreen.tsx:261 < View@229{root} < ⟨DigestContent⟩ < <DigestContent>@src/screens/DigestScreen.tsx:202 < ⟨DigestScreen⟩ < route:Digest@src/navigation/tabs/DigestStack.tsx ; pads: View@229{padding=SPACING.base},bare
Digest,src/components/digest/UpNextSection.tsx:44,UpNextSection,AppText,textSecondary,caption 14/400,4.5,16..W-16,left,scrolling,comfortable (veil galaxy 0.10 / standard 0.14),"ESTIMATED(AST-traced, not hand-read)",View@42{empty} < View@37{section} < ⟨UpNextSection⟩ < <UpNextSection>@src/screens/DigestScreen.tsx:295 < ScrollView@294 < ⟨DigestLoadedBody⟩ < <DigestLoadedBody>@src/screens/DigestScreen.tsx:261 < View@229{root} < ⟨DigestContent⟩ < <DigestContent>@src/screens/DigestScreen.tsx:202 < ⟨DigestScreen⟩ < route:Digest@src/navigation/tabs/DigestStack.tsx ; pads: View@229{padding=SPACING.base},bare
Digest,src/components/digest/UpNextSection.tsx:81,UpNextSection,AppText,textPrimary(default),body 16/400,4.5,16..W-16,left(row),scrolling,comfortable (veil galaxy 0.10 / standard 0.14),"ESTIMATED(AST-traced, not hand-read)",View@80{copy} < Pressable@54{row} < DigestListItem@53 < DigestListGroup@49 < View@37{section} < ⟨UpNextSection⟩ < <UpNextSection>@src/screens/DigestScreen.tsx:295 < ScrollView@294 < ⟨DigestLoadedBody⟩ < <DigestLoadedBody>@src/screens/DigestScreen.tsx:261 < View@229{root} < ⟨DigestContent⟩ < <DigestContent>@src/screens/DigestScreen.tsx:202 < ⟨DigestScreen⟩ < route:Digest@src/navigation/tabs/DigestStack.tsx ; pads: View@229{padding=SPACING.base},bare
Digest,src/components/digest/UpNextSection.tsx:84,UpNextSection,AppText,textSecondary,label 14/600,4.5,16..W-16,left(row),scrolling,comfortable (veil galaxy 0.10 / standard 0.14),"ESTIMATED(AST-traced, not hand-read)",View@80{copy} < Pressable@54{row} < DigestListItem@53 < DigestListGroup@49 < View@37{section} < ⟨UpNextSection⟩ < <UpNextSection>@src/screens/DigestScreen.tsx:295 < ScrollView@294 < ⟨DigestLoadedBody⟩ < <DigestLoadedBody>@src/screens/DigestScreen.tsx:261 < View@229{root} < ⟨DigestContent⟩ < <DigestContent>@src/screens/DigestScreen.tsx:202 < ⟨DigestScreen⟩ < route:Digest@src/navigation/tabs/DigestStack.tsx ; pads: View@229{padding=SPACING.base},bare
Digest,src/components/digest/YourWeekSection.tsx:296,YourWeekSection,AppText,textPrimary(default),heading 20/600,4.5*,16..W-16,left,scrolling,comfortable (veil galaxy 0.10 / standard 0.14),VERIFIED,View@295{container} < ⟨YourWeekSection⟩ < <YourWeekSection>@src/screens/DigestScreen.tsx:305 < ScrollView@294 < ⟨DigestLoadedBody⟩ < <DigestLoadedBody>@src/screens/DigestScreen.tsx:261 < View@229{root} < ⟨DigestContent⟩ < <DigestContent>@src/screens/DigestScreen.tsx:202 < ⟨DigestScreen⟩ < route:Digest@src/navigation/tabs/DigestStack.tsx ; pads: View@229{padding=SPACING.base},bare
Digest,src/components/digest/YourWeekSection.tsx:312,YourWeekSection,AppText,danger,caption 14/400,4.5,16..W-16,left(row),scrolling,comfortable (veil galaxy 0.10 / standard 0.14),VERIFIED,View@311{notice} < View@295{container} < ⟨YourWeekSection⟩ < <YourWeekSection>@src/screens/DigestScreen.tsx:305 < ScrollView@294 < ⟨DigestLoadedBody⟩ < <DigestLoadedBody>@src/screens/DigestScreen.tsx:261 < View@229{root} < ⟨DigestContent⟩ < <DigestContent>@src/screens/DigestScreen.tsx:202 < ⟨DigestScreen⟩ < route:Digest@src/navigation/tabs/DigestStack.tsx ; pads: View@229{padding=SPACING.base},bare
Digest,src/components/digest/YourWeekSection.tsx:316,YourWeekSection,Button-link,accentText,label 14/600,4.5,16..W-16,left(row),scrolling,comfortable (veil galaxy 0.10 / standard 0.14),VERIFIED,View@311{notice} < View@295{container} < ⟨YourWeekSection⟩ < <YourWeekSection>@src/screens/DigestScreen.tsx:305 < ScrollView@294 < ⟨DigestLoadedBody⟩ < <DigestLoadedBody>@src/screens/DigestScreen.tsx:261 < View@229{root} < ⟨DigestContent⟩ < <DigestContent>@src/screens/DigestScreen.tsx:202 < ⟨DigestScreen⟩ < route:Digest@src/navigation/tabs/DigestStack.tsx ; pads: View@229{padding=SPACING.base},bare
Digest,src/components/digest/YourWeekSection.tsx:327,YourWeekSection,AppText,textPrimary(default),label 14/600,4.5,16..W-16,left,scrolling,comfortable (veil galaxy 0.10 / standard 0.14),VERIFIED,View@325{message} < View@295{container} < ⟨YourWeekSection⟩ < <YourWeekSection>@src/screens/DigestScreen.tsx:305 < ScrollView@294 < ⟨DigestLoadedBody⟩ < <DigestLoadedBody>@src/screens/DigestScreen.tsx:261 < View@229{root} < ⟨DigestContent⟩ < <DigestContent>@src/screens/DigestScreen.tsx:202 < ⟨DigestScreen⟩ < route:Digest@src/navigation/tabs/DigestStack.tsx ; pads: View@229{padding=SPACING.base},bare
Digest,src/components/digest/YourWeekSection.tsx:329,YourWeekSection,Button-link,accentText,label 14/600,4.5,16..W-16,left,scrolling,comfortable (veil galaxy 0.10 / standard 0.14),VERIFIED,View@325{message} < View@295{container} < ⟨YourWeekSection⟩ < <YourWeekSection>@src/screens/DigestScreen.tsx:305 < ScrollView@294 < ⟨DigestLoadedBody⟩ < <DigestLoadedBody>@src/screens/DigestScreen.tsx:261 < View@229{root} < ⟨DigestContent⟩ < <DigestContent>@src/screens/DigestScreen.tsx:202 < ⟨DigestScreen⟩ < route:Digest@src/navigation/tabs/DigestStack.tsx ; pads: View@229{padding=SPACING.base},bare
Digest,src/components/digest/YourWeekSection.tsx:339,YourWeekSection,AppText,textPrimary(default),label 14/600,4.5,16..W-16,left,scrolling,comfortable (veil galaxy 0.10 / standard 0.14),VERIFIED,View@337{message} < View@295{container} < ⟨YourWeekSection⟩ < <YourWeekSection>@src/screens/DigestScreen.tsx:305 < ScrollView@294 < ⟨DigestLoadedBody⟩ < <DigestLoadedBody>@src/screens/DigestScreen.tsx:261 < View@229{root} < ⟨DigestContent⟩ < <DigestContent>@src/screens/DigestScreen.tsx:202 < ⟨DigestScreen⟩ < route:Digest@src/navigation/tabs/DigestStack.tsx ; pads: View@229{padding=SPACING.base},bare
Digest,src/components/digest/YourWeekSection.tsx:340,YourWeekSection,AppText,textSecondary,caption 14/400,4.5,16..W-16,left,scrolling,comfortable (veil galaxy 0.10 / standard 0.14),VERIFIED,View@337{message} < View@295{container} < ⟨YourWeekSection⟩ < <YourWeekSection>@src/screens/DigestScreen.tsx:305 < ScrollView@294 < ⟨DigestLoadedBody⟩ < <DigestLoadedBody>@src/screens/DigestScreen.tsx:261 < View@229{root} < ⟨DigestContent⟩ < <DigestContent>@src/screens/DigestScreen.tsx:202 < ⟨DigestScreen⟩ < route:Digest@src/navigation/tabs/DigestStack.tsx ; pads: View@229{padding=SPACING.base},bare
Profile,src/components/profile/ProfileHero.tsx:50,ProfileHero,Icon,textPrimary(default),icon 20,3.0,16..W-16,centered(alignItems),scrolling,profile-own-BackgroundHost (presentation; profileBackgroundScrim #..B8/#..C4 ~72-77% over contact photo or theme art),VERIFIED,Pressable@39{iconAction} < View@38{utilityRow} < View@37{root} < ⟨ProfileHero⟩ < <ProfileHero>@src/screens/ContactProfileScreen.tsx:433 < ScrollView@428 < View@411{root} < BackgroundHost@406 < ⟨ContactProfileScreen⟩ < route:Profile@src/navigation/tabs/DashboardStack.tsx || Pressable@39{iconAction} < View@38{utilityRow} < View@37{root} < ⟨ProfileHero⟩ < <ProfileHero>@src/screens/ContactProfileScreen.tsx:433 < ScrollView@428 < View@411{root} < BackgroundHost@406 < ⟨ContactProfileScreen⟩ < route:Profile@src/navigation/tabs/DigestStack.tsx || Pressable@39{iconAction} < View@38{utilityRow} < View@37{root} < ⟨ProfileHero⟩ < <ProfileHero>@src/screens/ContactProfileScreen.tsx:433 < ScrollView@428 < View@411{root} < BackgroundHost@406 < ⟨ContactProfileScreen⟩ < route:Profile@src/navigation/tabs/EventsStack.tsx ; pads: ScrollView@428{cc.padding=SPACING.base},bare
Profile,src/components/profile/ProfileHero.tsx:64,ProfileHero,AppText,textPrimary(default),display 28/600,3.0,16..W-16,centered(textAlign),scrolling,profile-own-BackgroundHost (presentation; profileBackgroundScrim #..B8/#..C4 ~72-77% over contact photo or theme art),VERIFIED,View@63{identity} < View@37{root} < ⟨ProfileHero⟩ < <ProfileHero>@src/screens/ContactProfileScreen.tsx:433 < ScrollView@428 < View@411{root} < BackgroundHost@406 < ⟨ContactProfileScreen⟩ < route:Profile@src/navigation/tabs/DashboardStack.tsx || View@63{identity} < View@37{root} < ⟨ProfileHero⟩ < <ProfileHero>@src/screens/ContactProfileScreen.tsx:433 < ScrollView@428 < View@411{root} < BackgroundHost@406 < ⟨ContactProfileScreen⟩ < route:Profile@src/navigation/tabs/DigestStack.tsx || View@63{identity} < View@37{root} < ⟨ProfileHero⟩ < <ProfileHero>@src/screens/ContactProfileScreen.tsx:433 < ScrollView@428 < View@411{root} < BackgroundHost@406 < ⟨ContactProfileScreen⟩ < route:Profile@src/navigation/tabs/EventsStack.tsx ; pads: ScrollView@428{cc.padding=SPACING.base},bare
Profile,src/components/profile/ProfileHero.tsx:68,ProfileHero,AppText,textPrimary(default),label 14/600,4.5,16..W-16,centered(alignItems),scrolling,profile-own-BackgroundHost (presentation; profileBackgroundScrim #..B8/#..C4 ~72-77% over contact photo or theme art),VERIFIED,View@63{identity} < View@37{root} < ⟨ProfileHero⟩ < <ProfileHero>@src/screens/ContactProfileScreen.tsx:433 < ScrollView@428 < View@411{root} < BackgroundHost@406 < ⟨ContactProfileScreen⟩ < route:Profile@src/navigation/tabs/DashboardStack.tsx || View@63{identity} < View@37{root} < ⟨ProfileHero⟩ < <ProfileHero>@src/screens/ContactProfileScreen.tsx:433 < ScrollView@428 < View@411{root} < BackgroundHost@406 < ⟨ContactProfileScreen⟩ < route:Profile@src/navigation/tabs/DigestStack.tsx || View@63{identity} < View@37{root} < ⟨ProfileHero⟩ < <ProfileHero>@src/screens/ContactProfileScreen.tsx:433 < ScrollView@428 < View@411{root} < BackgroundHost@406 < ⟨ContactProfileScreen⟩ < route:Profile@src/navigation/tabs/EventsStack.tsx ; pads: ScrollView@428{cc.padding=SPACING.base},bare
Profile,src/components/profile/ProfileHero.tsx:85,ProfileHero,AppText,textSecondary(default),caption 14/400,4.5,16..W-16,left(row),scrolling,profile-own-BackgroundHost (presentation; profileBackgroundScrim #..B8/#..C4 ~72-77% over contact photo or theme art),VERIFIED,View@72{action} < View@71{actions} < View@37{root} < ⟨ProfileHero⟩ < <ProfileHero>@src/screens/ContactProfileScreen.tsx:433 < ScrollView@428 < View@411{root} < BackgroundHost@406 < ⟨ContactProfileScreen⟩ < route:Profile@src/navigation/tabs/DashboardStack.tsx || View@72{action} < View@71{actions} < View@37{root} < ⟨ProfileHero⟩ < <ProfileHero>@src/screens/ContactProfileScreen.tsx:433 < ScrollView@428 < View@411{root} < BackgroundHost@406 < ⟨ContactProfileScreen⟩ < route:Profile@src/navigation/tabs/DigestStack.tsx || View@72{action} < View@71{actions} < View@37{root} < ⟨ProfileHero⟩ < <ProfileHero>@src/screens/ContactProfileScreen.tsx:433 < ScrollView@428 < View@411{root} < BackgroundHost@406 < ⟨ContactProfileScreen⟩ < route:Profile@src/navigation/tabs/EventsStack.tsx ; pads: ScrollView@428{cc.padding=SPACING.base},bare
Profile,src/components/profile/ProfileHero.tsx:101,ProfileHero,AppText,textSecondary(default),caption 14/400,4.5,16..W-16,left(row),scrolling,profile-own-BackgroundHost (presentation; profileBackgroundScrim #..B8/#..C4 ~72-77% over contact photo or theme art),VERIFIED,View@88{action} < View@71{actions} < View@37{root} < ⟨ProfileHero⟩ < <ProfileHero>@src/screens/ContactProfileScreen.tsx:433 < ScrollView@428 < View@411{root} < BackgroundHost@406 < ⟨ContactProfileScreen⟩ < route:Profile@src/navigation/tabs/DashboardStack.tsx || View@88{action} < View@71{actions} < View@37{root} < ⟨ProfileHero⟩ < <ProfileHero>@src/screens/ContactProfileScreen.tsx:433 < ScrollView@428 < View@411{root} < BackgroundHost@406 < ⟨ContactProfileScreen⟩ < route:Profile@src/navigation/tabs/DigestStack.tsx || View@88{action} < View@71{actions} < View@37{root} < ⟨ProfileHero⟩ < <ProfileHero>@src/screens/ContactProfileScreen.tsx:433 < ScrollView@428 < View@411{root} < BackgroundHost@406 < ⟨ContactProfileScreen⟩ < route:Profile@src/navigation/tabs/EventsStack.tsx ; pads: ScrollView@428{cc.padding=SPACING.base},bare
AIConnection,src/screens/AIConnectionScreen.tsx:320,AIConnectionScreen,Button-link,accentText,label 14/600,4.5,16..W-16,left(row),top-header(fixed),presentation (veil galaxy 0.02 / standard 0.05),VERIFIED,View@319{header} < View@318{root} < ⟨AIConnectionScreen⟩ < <AIConnectionScreen>@src/navigation/tabs/SettingsStack.tsx:73 < ⟨AIConnectionRoute⟩ < route:AIConnection@src/navigation/tabs/SettingsStack.tsx ; pads: View@319{padding=SPACING.base},bare
AIConnection,src/screens/AIConnectionScreen.tsx:321,AIConnectionScreen,AppText,textPrimary(default),display 28/600,3.0,16..W-16,left(row),top-header(fixed),presentation (veil galaxy 0.02 / standard 0.05),VERIFIED,View@319{header} < View@318{root} < ⟨AIConnectionScreen⟩ < <AIConnectionScreen>@src/navigation/tabs/SettingsStack.tsx:73 < ⟨AIConnectionRoute⟩ < route:AIConnection@src/navigation/tabs/SettingsStack.tsx ; pads: View@319{padding=SPACING.base},bare
AIConnection,src/screens/AIConnectionScreen.tsx:330,AIConnectionScreen,AppText,textPrimary(default),heading 20/600,4.5*,16..W-16,left,scrolling,presentation (veil galaxy 0.02 / standard 0.05),VERIFIED,View@329{section} < ScrollView@325 < View@318{root} < ⟨AIConnectionScreen⟩ < <AIConnectionScreen>@src/navigation/tabs/SettingsStack.tsx:73 < ⟨AIConnectionRoute⟩ < route:AIConnection@src/navigation/tabs/SettingsStack.tsx ; pads: ScrollView@325{cc.padding=SPACING.base},bare
AIConnection,src/screens/AIConnectionScreen.tsx:334,AIConnectionScreen,AppText,textPrimary(default),body 16/400,4.5,16..W-16,left,scrolling,presentation (veil galaxy 0.02 / standard 0.05),"ESTIMATED(AST-traced, not hand-read)",View@329{section} < ScrollView@325 < View@318{root} < ⟨AIConnectionScreen⟩ < <AIConnectionScreen>@src/navigation/tabs/SettingsStack.tsx:73 < ⟨AIConnectionRoute⟩ < route:AIConnection@src/navigation/tabs/SettingsStack.tsx ; pads: ScrollView@325{cc.padding=SPACING.base},bare
AIConnection,src/screens/AIConnectionScreen.tsx:352,AIConnectionScreen,AppText,textPrimary(default),heading 20/600,4.5*,16..W-16,left,scrolling,presentation (veil galaxy 0.02 / standard 0.05),"ESTIMATED(AST-traced, not hand-read)",View@351{section} < ScrollView@325 < View@318{root} < ⟨AIConnectionScreen⟩ < <AIConnectionScreen>@src/navigation/tabs/SettingsStack.tsx:73 < ⟨AIConnectionRoute⟩ < route:AIConnection@src/navigation/tabs/SettingsStack.tsx ; pads: ScrollView@325{cc.padding=SPACING.base},bare
AIConnection,src/screens/AIConnectionScreen.tsx:391,AIConnectionScreen,AppText,textPrimary(default),body 16/400,4.5,16..W-16,left,scrolling,presentation (veil galaxy 0.02 / standard 0.05),"ESTIMATED(AST-traced, not hand-read)",View@351{section} < ScrollView@325 < View@318{root} < ⟨AIConnectionScreen⟩ < <AIConnectionScreen>@src/navigation/tabs/SettingsStack.tsx:73 < ⟨AIConnectionRoute⟩ < route:AIConnection@src/navigation/tabs/SettingsStack.tsx ; pads: ScrollView@325{cc.padding=SPACING.base},bare
AIConnection,src/screens/AIConnectionScreen.tsx:446,AIConnectionScreen,AppText,textSecondary,caption 14/400,4.5,16..W-16,left,scrolling,presentation (veil galaxy 0.02 / standard 0.05),"ESTIMATED(AST-traced, not hand-read)",View@351{section} < ScrollView@325 < View@318{root} < ⟨AIConnectionScreen⟩ < <AIConnectionScreen>@src/navigation/tabs/SettingsStack.tsx:73 < ⟨AIConnectionRoute⟩ < route:AIConnection@src/navigation/tabs/SettingsStack.tsx ; pads: ScrollView@325{cc.padding=SPACING.base},bare
AIConnection,src/screens/AIConnectionScreen.tsx:459,AIConnectionScreen,AppText,danger,caption 14/400,4.5,16..W-16,left,scrolling,presentation (veil galaxy 0.02 / standard 0.05),"ESTIMATED(AST-traced, not hand-read)",ScrollView@325 < View@318{root} < ⟨AIConnectionScreen⟩ < <AIConnectionScreen>@src/navigation/tabs/SettingsStack.tsx:73 < ⟨AIConnectionRoute⟩ < route:AIConnection@src/navigation/tabs/SettingsStack.tsx ; pads: ScrollView@325{cc.padding=SPACING.base},bare
AIModelPicker,src/screens/AIModelPickerScreen.tsx:221,AIModelPickerScreen,Button-link,accentText,label 14/600,4.5,16..W-16,left(row),top-header(fixed),presentation (veil galaxy 0.02 / standard 0.05),"ESTIMATED(AST-traced, not hand-read)",View@220{header} < View@219{root} < ⟨AIModelPickerScreen⟩ < <AIModelPickerScreen>@src/navigation/tabs/SettingsStack.tsx:85 < ⟨AIModelPickerRoute⟩ < route:AIModelPicker@src/navigation/tabs/SettingsStack.tsx ; pads: View@220{padding=SPACING.base},bare
AIModelPicker,src/screens/AIModelPickerScreen.tsx:222,AIModelPickerScreen,AppText,textPrimary(default),display 28/600,3.0,16..W-16,left(row),top-header(fixed),presentation (veil galaxy 0.02 / standard 0.05),"ESTIMATED(AST-traced, not hand-read)",View@220{header} < View@219{root} < ⟨AIModelPickerScreen⟩ < <AIModelPickerScreen>@src/navigation/tabs/SettingsStack.tsx:85 < ⟨AIModelPickerRoute⟩ < route:AIModelPicker@src/navigation/tabs/SettingsStack.tsx ; pads: View@220{padding=SPACING.base},bare
AIModelPicker,src/screens/AIModelPickerScreen.tsx:233,AIModelPickerScreen,Button-link,accentText,label 14/600,4.5,16..W-16,left(row),scrolling,presentation (veil galaxy 0.02 / standard 0.05),"ESTIMATED(AST-traced, not hand-read)",View@232{toolbar} < ScrollView@226 < View@219{root} < ⟨AIModelPickerScreen⟩ < <AIModelPickerScreen>@src/navigation/tabs/SettingsStack.tsx:85 < ⟨AIModelPickerRoute⟩ < route:AIModelPicker@src/navigation/tabs/SettingsStack.tsx ; pads: ScrollView@226{cc.padding=SPACING.base},bare
AIModelPicker,src/screens/AIModelPickerScreen.tsx:238,AIModelPickerScreen,Button-link,accentText,label 14/600,4.5,16..W-16,left(row),scrolling,presentation (veil galaxy 0.02 / standard 0.05),"ESTIMATED(AST-traced, not hand-read)",View@232{toolbar} < ScrollView@226 < View@219{root} < ⟨AIModelPickerScreen⟩ < <AIModelPickerScreen>@src/navigation/tabs/SettingsStack.tsx:85 < ⟨AIModelPickerRoute⟩ < route:AIModelPicker@src/navigation/tabs/SettingsStack.tsx ; pads: ScrollView@226{cc.padding=SPACING.base},bare
AIModelPicker,src/screens/AIModelPickerScreen.tsx:265,AIModelPickerScreen,AppText,textSecondary,caption 14/400,4.5,16..W-16,left,scrolling,presentation (veil galaxy 0.02 / standard 0.05),"ESTIMATED(AST-traced, not hand-read)",ScrollView@226 < View@219{root} < ⟨AIModelPickerScreen⟩ < <AIModelPickerScreen>@src/navigation/tabs/SettingsStack.tsx:85 < ⟨AIModelPickerRoute⟩ < route:AIModelPicker@src/navigation/tabs/SettingsStack.tsx ; pads: ScrollView@226{cc.padding=SPACING.base},bare
AIModelPicker,src/screens/AIModelPickerScreen.tsx:403,AIModelPickerScreen,AppText,danger,caption 14/400,4.5,16..W-16,left,scrolling,presentation (veil galaxy 0.02 / standard 0.05),VERIFIED,ScrollView@226 < View@219{root} < ⟨AIModelPickerScreen⟩ < <AIModelPickerScreen>@src/navigation/tabs/SettingsStack.tsx:85 < ⟨AIModelPickerRoute⟩ < route:AIModelPicker@src/navigation/tabs/SettingsStack.tsx ; pads: ScrollView@226{cc.padding=SPACING.base},bare
AIPermissions,src/screens/AIPermissionsScreen.tsx:223,AIPermissionsScreen,Button-link,accentText,label 14/600,4.5,16..W-16,left(row),top-header(fixed),presentation (veil galaxy 0.02 / standard 0.05),"ESTIMATED(AST-traced, not hand-read)",View@222{header} < View@221{root} < ⟨AIPermissionsScreen⟩ < <AIPermissionsScreen>@src/navigation/tabs/SettingsStack.tsx:107 < ⟨AIPermissionsRoute⟩ < route:AIPermissions@src/navigation/tabs/SettingsStack.tsx ; pads: View@222{padding=SPACING.base},bare
AIPermissions,src/screens/AIPermissionsScreen.tsx:224,AIPermissionsScreen,AppText,textPrimary(default),display 28/600,3.0,16..W-16,left(row),top-header(fixed),presentation (veil galaxy 0.02 / standard 0.05),"ESTIMATED(AST-traced, not hand-read)",View@222{header} < View@221{root} < ⟨AIPermissionsScreen⟩ < <AIPermissionsScreen>@src/navigation/tabs/SettingsStack.tsx:107 < ⟨AIPermissionsRoute⟩ < route:AIPermissions@src/navigation/tabs/SettingsStack.tsx ; pads: View@222{padding=SPACING.base},bare
AIPermissions,src/screens/AIPermissionsScreen.tsx:230,AIPermissionsScreen,AppText,textPrimary(default),heading 20/600,4.5*,16..W-16,left,scrolling,presentation (veil galaxy 0.02 / standard 0.05),"ESTIMATED(AST-traced, not hand-read)",View@229{section} < ScrollView@228 < View@221{root} < ⟨AIPermissionsScreen⟩ < <AIPermissionsScreen>@src/navigation/tabs/SettingsStack.tsx:107 < ⟨AIPermissionsRoute⟩ < route:AIPermissions@src/navigation/tabs/SettingsStack.tsx ; pads: ScrollView@228{cc.padding=SPACING.base},bare
AIPermissions,src/screens/AIPermissionsScreen.tsx:231,AIPermissionsScreen,AppText,textSecondary,caption 14/400,4.5,16..W-16,left,scrolling,presentation (veil galaxy 0.02 / standard 0.05),"ESTIMATED(AST-traced, not hand-read)",View@229{section} < ScrollView@228 < View@221{root} < ⟨AIPermissionsScreen⟩ < <AIPermissionsScreen>@src/navigation/tabs/SettingsStack.tsx:107 < ⟨AIPermissionsRoute⟩ < route:AIPermissions@src/navigation/tabs/SettingsStack.tsx ; pads: ScrollView@228{cc.padding=SPACING.base},bare
AIPermissions,src/screens/AIPermissionsScreen.tsx:272,AIPermissionsScreen,AppText,textPrimary(default),heading 20/600,4.5*,16..W-16,left,scrolling,presentation (veil galaxy 0.02 / standard 0.05),"ESTIMATED(AST-traced, not hand-read)",View@271{section} < ScrollView@228 < View@221{root} < ⟨AIPermissionsScreen⟩ < <AIPermissionsScreen>@src/navigation/tabs/SettingsStack.tsx:107 < ⟨AIPermissionsRoute⟩ < route:AIPermissions@src/navigation/tabs/SettingsStack.tsx ; pads: ScrollView@228{cc.padding=SPACING.base},bare
AIPermissions,src/screens/AIPermissionsScreen.tsx:295,AIPermissionsScreen,AppText,textPrimary(default),body 16/400,4.5,16..W-16,left(row),scrolling,presentation (veil galaxy 0.02 / standard 0.05),"ESTIMATED(AST-traced, not hand-read)",View@294{enabledRow} < View@271{section} < ScrollView@228 < View@221{root} < ⟨AIPermissionsScreen⟩ < <AIPermissionsScreen>@src/navigation/tabs/SettingsStack.tsx:107 < ⟨AIPermissionsRoute⟩ < route:AIPermissions@src/navigation/tabs/SettingsStack.tsx ; pads: ScrollView@228{cc.padding=SPACING.base},bare
AIPermissions,src/screens/AIPermissionsScreen.tsx:305,AIPermissionsScreen,AppText,textSecondary,caption 14/400,4.5,16..W-16,left,scrolling,presentation (veil galaxy 0.02 / standard 0.05),"ESTIMATED(AST-traced, not hand-read)",View@271{section} < ScrollView@228 < View@221{root} < ⟨AIPermissionsScreen⟩ < <AIPermissionsScreen>@src/navigation/tabs/SettingsStack.tsx:107 < ⟨AIPermissionsRoute⟩ < route:AIPermissions@src/navigation/tabs/SettingsStack.tsx ; pads: ScrollView@228{cc.padding=SPACING.base},bare
AIPermissions,src/screens/AIPermissionsScreen.tsx:310,AIPermissionsScreen,AppText,textSecondary,caption 14/400,4.5,16..W-16,left,scrolling,presentation (veil galaxy 0.02 / standard 0.05),"ESTIMATED(AST-traced, not hand-read)",View@271{section} < ScrollView@228 < View@221{root} < ⟨AIPermissionsScreen⟩ < <AIPermissionsScreen>@src/navigation/tabs/SettingsStack.tsx:107 < ⟨AIPermissionsRoute⟩ < route:AIPermissions@src/navigation/tabs/SettingsStack.tsx ; pads: ScrollView@228{cc.padding=SPACING.base},bare
AIPermissions,src/screens/AIPermissionsScreen.tsx:316,AIPermissionsScreen,AppText,danger,caption 14/400,4.5,16..W-16,left,scrolling,presentation (veil galaxy 0.02 / standard 0.05),VERIFIED,View@271{section} < ScrollView@228 < View@221{root} < ⟨AIPermissionsScreen⟩ < <AIPermissionsScreen>@src/navigation/tabs/SettingsStack.tsx:107 < ⟨AIPermissionsRoute⟩ < route:AIPermissions@src/navigation/tabs/SettingsStack.tsx ; pads: ScrollView@228{cc.padding=SPACING.base},bare
AIPermissions,src/screens/AIPermissionsScreen.tsx:407,AIPermissionsScreen,AppText,textSecondary(default),caption 14/400,4.5,16..W-16,left,scrolling,presentation (veil galaxy 0.02 / standard 0.05),"ESTIMATED(AST-traced, not hand-read)",View@406{bulkActions} < View@271{section} < ScrollView@228 < View@221{root} < ⟨AIPermissionsScreen⟩ < <AIPermissionsScreen>@src/navigation/tabs/SettingsStack.tsx:107 < ⟨AIPermissionsRoute⟩ < route:AIPermissions@src/navigation/tabs/SettingsStack.tsx ; pads: ScrollView@228{cc.padding=SPACING.base},bare
AIPersonalization,src/screens/AIPersonalizationScreen.tsx:407,AIPersonalizationScreen,Button-link,accentText,label 14/600,4.5,16..W-16,left,top-header(fixed),presentation (veil galaxy 0.02 / standard 0.05),"ESTIMATED(AST-traced, not hand-read)",View@406{header} < View@405{root} < ⟨AIPersonalizationScreen⟩ < <AIPersonalizationScreen>@src/navigation/tabs/SettingsStack.tsx:97 < ⟨AIPersonalizationRoute⟩ < route:AIPersonalization@src/navigation/tabs/SettingsStack.tsx ; pads: View@406{paddingHorizontal=SPACING.base},bare
AIPersonalization,src/screens/AIPersonalizationScreen.tsx:408,AIPersonalizationScreen,AppText,textPrimary(default),display 28/600,3.0,16..W-16,left,top-header(fixed),presentation (veil galaxy 0.02 / standard 0.05),"ESTIMATED(AST-traced, not hand-read)",View@406{header} < View@405{root} < ⟨AIPersonalizationScreen⟩ < <AIPersonalizationScreen>@src/navigation/tabs/SettingsStack.tsx:97 < ⟨AIPersonalizationRoute⟩ < route:AIPersonalization@src/navigation/tabs/SettingsStack.tsx ; pads: View@406{paddingHorizontal=SPACING.base},bare
AIPersonalization,src/screens/AIPersonalizationScreen.tsx:421,AIPersonalizationScreen,AppText,textPrimary(default),heading 20/600,4.5*,16..W-16,left,scrolling,presentation (veil galaxy 0.02 / standard 0.05),"ESTIMATED(AST-traced, not hand-read)",View@417{section} < ScrollView@412 < View@405{root} < ⟨AIPersonalizationScreen⟩ < <AIPersonalizationScreen>@src/navigation/tabs/SettingsStack.tsx:97 < ⟨AIPersonalizationRoute⟩ < route:AIPersonalization@src/navigation/tabs/SettingsStack.tsx ; pads: ScrollView@412{cc.padding=SPACING.base},bare
AIPersonalization,src/screens/AIPersonalizationScreen.tsx:468,AIPersonalizationScreen,AppText,textPrimary(default),label 14/600,4.5,16..W-16,left,scrolling,presentation (veil galaxy 0.02 / standard 0.05),"ESTIMATED(AST-traced, not hand-read)",View@417{section} < ScrollView@412 < View@405{root} < ⟨AIPersonalizationScreen⟩ < <AIPersonalizationScreen>@src/navigation/tabs/SettingsStack.tsx:97 < ⟨AIPersonalizationRoute⟩ < route:AIPersonalization@src/navigation/tabs/SettingsStack.tsx ; pads: ScrollView@412{cc.padding=SPACING.base},bare
AIPersonalization,src/screens/AIPersonalizationScreen.tsx:500,AIPersonalizationScreen,AppText,textPrimary(default),heading 20/600,4.5*,16..W-16,left,scrolling,presentation (veil galaxy 0.02 / standard 0.05),"ESTIMATED(AST-traced, not hand-read)",View@499{sectionHeadingRow} < View@495{section} < ScrollView@412 < View@405{root} < ⟨AIPersonalizationScreen⟩ < <AIPersonalizationScreen>@src/navigation/tabs/SettingsStack.tsx:97 < ⟨AIPersonalizationRoute⟩ < route:AIPersonalization@src/navigation/tabs/SettingsStack.tsx ; pads: ScrollView@412{cc.padding=SPACING.base},bare
AIPersonalization,src/screens/AIPersonalizationScreen.tsx:507,AIPersonalizationScreen,AppText,textSecondary,caption 14/400,4.5,16..W-16,left,scrolling,presentation (veil galaxy 0.02 / standard 0.05),"ESTIMATED(AST-traced, not hand-read)",View@495{section} < ScrollView@412 < View@405{root} < ⟨AIPersonalizationScreen⟩ < <AIPersonalizationScreen>@src/navigation/tabs/SettingsStack.tsx:97 < ⟨AIPersonalizationRoute⟩ < route:AIPersonalization@src/navigation/tabs/SettingsStack.tsx ; pads: ScrollView@412{cc.padding=SPACING.base},bare
AIPersonalization,src/screens/AIPersonalizationScreen.tsx:663,AIPersonalizationScreen,AppText,textSecondary,body 16/400,4.5,16..W-16,left,scrolling,presentation (veil galaxy 0.02 / standard 0.05),"ESTIMATED(AST-traced, not hand-read)",ScrollView@412 < View@405{root} < ⟨AIPersonalizationScreen⟩ < <AIPersonalizationScreen>@src/navigation/tabs/SettingsStack.tsx:97 < ⟨AIPersonalizationRoute⟩ < route:AIPersonalization@src/navigation/tabs/SettingsStack.tsx ; pads: ScrollView@412{cc.padding=SPACING.base},bare
AIPersonalization,src/screens/AIPersonalizationScreen.tsx:700,StyleRow,AppText,textPrimary(default),label 14/600,4.5,16..W-16,left,scrolling,presentation (veil galaxy 0.02 / standard 0.05),"ESTIMATED(AST-traced, not hand-read)",View@699{styleRow} < ⟨StyleRow⟩ < <StyleRow>@src/screens/AIPersonalizationScreen.tsx:422 < View@417{section} < ScrollView@412 < View@405{root} < ⟨AIPersonalizationScreen⟩ < <AIPersonalizationScreen>@src/navigation/tabs/SettingsStack.tsx:97 < ⟨AIPersonalizationRoute⟩ < route:AIPersonalization@src/navigation/tabs/SettingsStack.tsx || View@699{styleRow} < ⟨StyleRow⟩ < <StyleRow>@src/screens/AIPersonalizationScreen.tsx:435 < View@417{section} < ScrollView@412 < View@405{root} < ⟨AIPersonalizationScreen⟩ < <AIPersonalizationScreen>@src/navigation/tabs/SettingsStack.tsx:97 < ⟨AIPersonalizationRoute⟩ < route:AIPersonalization@src/navigation/tabs/SettingsStack.tsx || View@699{styleRow} < ⟨StyleRow⟩ < <StyleRow>@src/screens/AIPersonalizationScreen.tsx:450 < View@417{section} < ScrollView@412 < View@405{root} < ⟨AIPersonalizationScreen⟩ < <AIPersonalizationScreen>@src/navigation/tabs/SettingsStack.tsx:97 < ⟨AIPersonalizationRoute⟩ < route:AIPersonalization@src/navigation/tabs/SettingsStack.tsx ; pads: ScrollView@412{cc.padding=SPACING.base},bare
AIPersonalization,src/screens/AIPersonalizationScreen.tsx:707,StyleRow,Button-link,accentText,label 14/600,4.5,16..W-16,left,scrolling,presentation (veil galaxy 0.02 / standard 0.05),"ESTIMATED(AST-traced, not hand-read)",View@699{styleRow} < ⟨StyleRow⟩ < <StyleRow>@src/screens/AIPersonalizationScreen.tsx:422 < View@417{section} < ScrollView@412 < View@405{root} < ⟨AIPersonalizationScreen⟩ < <AIPersonalizationScreen>@src/navigation/tabs/SettingsStack.tsx:97 < ⟨AIPersonalizationRoute⟩ < route:AIPersonalization@src/navigation/tabs/SettingsStack.tsx || View@699{styleRow} < ⟨StyleRow⟩ < <StyleRow>@src/screens/AIPersonalizationScreen.tsx:435 < View@417{section} < ScrollView@412 < View@405{root} < ⟨AIPersonalizationScreen⟩ < <AIPersonalizationScreen>@src/navigation/tabs/SettingsStack.tsx:97 < ⟨AIPersonalizationRoute⟩ < route:AIPersonalization@src/navigation/tabs/SettingsStack.tsx || View@699{styleRow} < ⟨StyleRow⟩ < <StyleRow>@src/screens/AIPersonalizationScreen.tsx:450 < View@417{section} < ScrollView@412 < View@405{root} < ⟨AIPersonalizationScreen⟩ < <AIPersonalizationScreen>@src/navigation/tabs/SettingsStack.tsx:97 < ⟨AIPersonalizationRoute⟩ < route:AIPersonalization@src/navigation/tabs/SettingsStack.tsx ; pads: ScrollView@412{cc.padding=SPACING.base},bare
Backup,src/screens/BackupScreen.tsx:669,BackupScreen,Text,textSecondary,Text ?,4.5,16..W-16,left(row),scrolling,dense (veil galaxy 0.22 / standard 0.30),"ESTIMATED(AST-traced, not hand-read)",View@668{privacy} < ScrollView@380 < ⟨BackupScreen⟩ < <BackupScreen>@src/navigation/tabs/BackupStack.tsx:17 < ⟨BackupTabRoute⟩ < route:Backup@src/navigation/tabs/BackupStack.tsx || View@668{privacy} < ScrollView@380 < ⟨BackupScreen⟩ < <BackupScreen>@src/navigation/tabs/SettingsStack.tsx:153 < ⟨BackupSettingsHostRoute⟩ < route:Backup@src/navigation/tabs/SettingsStack.tsx ; pads: ScrollView@380{cc.padding=16},bare
Backup,src/screens/BackupScreen.tsx:670,BackupScreen,Text,textSecondary,Text 13,4.5,16..W-16,left(row),scrolling,dense (veil galaxy 0.22 / standard 0.30),"ESTIMATED(AST-traced, not hand-read)",View@668{privacy} < ScrollView@380 < ⟨BackupScreen⟩ < <BackupScreen>@src/navigation/tabs/BackupStack.tsx:17 < ⟨BackupTabRoute⟩ < route:Backup@src/navigation/tabs/BackupStack.tsx || View@668{privacy} < ScrollView@380 < ⟨BackupScreen⟩ < <BackupScreen>@src/navigation/tabs/SettingsStack.tsx:153 < ⟨BackupSettingsHostRoute⟩ < route:Backup@src/navigation/tabs/SettingsStack.tsx ; pads: ScrollView@380{cc.padding=16},bare
BackupSettings,src/screens/BackupSettingsScreen.tsx:410,BackupSettingsScreen,Text,textSecondary,Text ?,4.5,32..W-32,left,top-header(scrolls),dense (veil galaxy 0.22 / standard 0.30),"ESTIMATED(AST-traced, not hand-read)",Pressable@403{back} < View@402{header} < ScrollView@398 < ⟨BackupSettingsScreen⟩ < route:BackupSettings@src/navigation/tabs/BackupStack.tsx || Pressable@403{back} < View@402{header} < ScrollView@398 < ⟨BackupSettingsScreen⟩ < route:BackupSettings@src/navigation/tabs/SettingsStack.tsx ; pads: Pressable@403{paddingHorizontal=16} ScrollView@398{cc.padding=16},bare
BackupSettings,src/screens/BackupSettingsScreen.tsx:412,BackupSettingsScreen,Text,textPrimary,"Text 24/""600""",3.0,16..W-16,left,top-header(scrolls),dense (veil galaxy 0.22 / standard 0.30),"ESTIMATED(AST-traced, not hand-read)",View@402{header} < ScrollView@398 < ⟨BackupSettingsScreen⟩ < route:BackupSettings@src/navigation/tabs/BackupStack.tsx || View@402{header} < ScrollView@398 < ⟨BackupSettingsScreen⟩ < route:BackupSettings@src/navigation/tabs/SettingsStack.tsx ; pads: ScrollView@398{cc.padding=16},bare
BackupSettings,src/screens/BackupSettingsScreen.tsx:425,BackupSettingsScreen,ActivityIndicator,accent,ActivityIndicator ,3.0,16..W-16,centered(alignItems),scrolling,dense (veil galaxy 0.22 / standard 0.30),"ESTIMATED(AST-traced, not hand-read)",View@420{readState} < ScrollView@398 < ⟨BackupSettingsScreen⟩ < route:BackupSettings@src/navigation/tabs/BackupStack.tsx || View@420{readState} < ScrollView@398 < ⟨BackupSettingsScreen⟩ < route:BackupSettings@src/navigation/tabs/SettingsStack.tsx ; pads: ScrollView@398{cc.padding=16},bare
BulkImportSetup,src/screens/BulkImportSetupScreen.tsx:235,BulkImportSetupScreen,Text,textSecondary,Text ?,4.5,28..W-28,left(row),top-header(scrolls),dense (veil galaxy 0.22 / standard 0.30),"ESTIMATED(AST-traced, not hand-read)",Pressable@229{back} < View@228{header} < ScrollView@227 < ⟨BulkImportSetupScreen⟩ < route:BulkImportSetup@src/navigation/tabs/SettingsStack.tsx ; pads: Pressable@229{paddingHorizontal=12} ScrollView@227{cc.padding=16},bare
BulkImportSetup,src/screens/BulkImportSetupScreen.tsx:237,BulkImportSetupScreen,Text,textPrimary,"Text 22/""700""",3.0,16..W-16,left(row),top-header(scrolls),dense (veil galaxy 0.22 / standard 0.30),"ESTIMATED(AST-traced, not hand-read)",View@228{header} < ScrollView@227 < ⟨BulkImportSetupScreen⟩ < route:BulkImportSetup@src/navigation/tabs/SettingsStack.tsx ; pads: ScrollView@227{cc.padding=16},bare
BulkImportSetup,src/screens/BulkImportSetupScreen.tsx:245,BulkImportSetupScreen,Text,textPrimary,"Text 18/""600""",4.5,16..W-16,left,scrolling,dense (veil galaxy 0.22 / standard 0.30),"ESTIMATED(AST-traced, not hand-read)",ScrollView@227 < ⟨BulkImportSetupScreen⟩ < route:BulkImportSetup@src/navigation/tabs/SettingsStack.tsx ; pads: ScrollView@227{cc.padding=16},bare
BulkImportSetup,src/screens/BulkImportSetupScreen.tsx:250,BulkImportSetupScreen,Text,textSecondary,"Text 13/""600""",4.5,16..W-16,left,scrolling,dense (veil galaxy 0.22 / standard 0.30),"ESTIMATED(AST-traced, not hand-read)",View@249{field} < ScrollView@227 < ⟨BulkImportSetupScreen⟩ < route:BulkImportSetup@src/navigation/tabs/SettingsStack.tsx ; pads: ScrollView@227{cc.padding=16},bare
BulkImportSetup,src/screens/BulkImportSetupScreen.tsx:274,BulkImportSetupScreen,Text,textSecondary,"Text 13/""600""",4.5,16..W-16,left,scrolling,dense (veil galaxy 0.22 / standard 0.30),"ESTIMATED(AST-traced, not hand-read)",View@273{field} < ScrollView@227 < ⟨BulkImportSetupScreen⟩ < route:BulkImportSetup@src/navigation/tabs/SettingsStack.tsx ; pads: ScrollView@227{cc.padding=16},bare
BulkReview,src/screens/BulkReviewScreen.tsx:119,BulkReviewScreen,Text,textSecondary,Text ?,4.5,30..W-30,left,top-header(scrolls),dense (veil galaxy 0.22 / standard 0.30),"ESTIMATED(AST-traced, not hand-read)",Pressable@113{back} < View@112{header} < ScrollView@108 < ⟨BulkReviewScreen⟩ < route:BulkReview@src/navigation/tabs/SettingsStack.tsx ; pads: Pressable@113{paddingHorizontal=14} ScrollView@108{cc.padding=16},bare
BulkReview,src/screens/BulkReviewScreen.tsx:121,BulkReviewScreen,Text,textPrimary,"Text 24/""700""",3.0,16..W-16,left,top-header(scrolls),dense (veil galaxy 0.22 / standard 0.30),"ESTIMATED(AST-traced, not hand-read)",View@112{header} < ScrollView@108 < ⟨BulkReviewScreen⟩ < route:BulkReview@src/navigation/tabs/SettingsStack.tsx ; pads: ScrollView@108{cc.padding=16},bare
BulkReview,src/screens/BulkReviewScreen.tsx:130,BulkReviewScreen,Text,textSecondary,Text 15,4.5,16..W-16,left,scrolling,dense (veil galaxy 0.22 / standard 0.30),"ESTIMATED(AST-traced, not hand-read)",ScrollView@108 < ⟨BulkReviewScreen⟩ < route:BulkReview@src/navigation/tabs/SettingsStack.tsx ; pads: ScrollView@108{cc.padding=16},bare
BulkReview,src/screens/BulkReviewScreen.tsx:135,BulkReviewScreen,Text,textSecondary,Text 15,4.5,16..W-16,left,scrolling,dense (veil galaxy 0.22 / standard 0.30),"ESTIMATED(AST-traced, not hand-read)",ScrollView@108 < ⟨BulkReviewScreen⟩ < route:BulkReview@src/navigation/tabs/SettingsStack.tsx ; pads: ScrollView@108{cc.padding=16},bare
BulkReview,src/screens/BulkReviewScreen.tsx:141,BulkReviewScreen,Text,textPrimary,"Text 18/""600""",4.5,16..W-16,left,scrolling,dense (veil galaxy 0.22 / standard 0.30),"ESTIMATED(AST-traced, not hand-read)",View@140{empty} < ScrollView@108 < ⟨BulkReviewScreen⟩ < route:BulkReview@src/navigation/tabs/SettingsStack.tsx ; pads: ScrollView@108{cc.padding=16},bare
BulkReview,src/screens/BulkReviewScreen.tsx:144,BulkReviewScreen,Text,textSecondary,Text 15,4.5,16..W-16,left,scrolling,dense (veil galaxy 0.22 / standard 0.30),"ESTIMATED(AST-traced, not hand-read)",View@140{empty} < ScrollView@108 < ⟨BulkReviewScreen⟩ < route:BulkReview@src/navigation/tabs/SettingsStack.tsx ; pads: ScrollView@108{cc.padding=16},bare
Capture,src/screens/CaptureScreen.tsx:539,CaptureScreen,Text,textSecondary,"Text 16/""600""",4.5,30..W-30,centered(alignItems),centered-state|top-header(scrolls),dense (veil galaxy 0.22 / standard 0.30),"ESTIMATED(AST-traced, not hand-read)",Pressable@532{closePill} < ⟨local closePill⟩ < View@548{errorRoot} < ⟨CaptureScreen⟩ < route:Capture@src/navigation/tabs/DashboardStack.tsx || Pressable@532{closePill} < ⟨local closePill⟩ < View@576{headerRow} < View@575{headerBlock} < ⟨local header⟩ < FlatList@744[ListHeaderComponent] < View@743 < ⟨CaptureScreen⟩ < route:Capture@src/navigation/tabs/DashboardStack.tsx ; pads: Pressable@532{paddingHorizontal=14} View@548{padding=16},bare
Capture,src/screens/CaptureScreen.tsx:549,CaptureScreen,Text,danger,"Text 24/""700""",3.0,16..W-16,centered(alignItems),centered-state,dense (veil galaxy 0.22 / standard 0.30),"ESTIMATED(AST-traced, not hand-read)",View@548{errorRoot} < ⟨CaptureScreen⟩ < route:Capture@src/navigation/tabs/DashboardStack.tsx ; pads: View@548{padding=16},bare
Capture,src/screens/CaptureScreen.tsx:578,CaptureScreen,Text,textPrimary,"Text 24/""700""",3.0,16..W-16,left(row),top-header(scrolls),dense (veil galaxy 0.22 / standard 0.30),"ESTIMATED(AST-traced, not hand-read)",View@576{headerRow} < View@575{headerBlock} < ⟨local header⟩ < FlatList@744[ListHeaderComponent] < View@743 < ⟨CaptureScreen⟩ < route:Capture@src/navigation/tabs/DashboardStack.tsx ; pads: FlatList@744{cc.padding=16},bare
Capture,src/screens/CaptureScreen.tsx:594,CaptureScreen,Text,textSecondary,Text ?,4.5,16..W-16,centered(alignItems),top-header(scrolls),dense (veil galaxy 0.22 / standard 0.30),"ESTIMATED(AST-traced, not hand-read)",Pressable@587{searchReveal} < View@576{headerRow} < View@575{headerBlock} < ⟨local header⟩ < FlatList@744[ListHeaderComponent] < View@743 < ⟨CaptureScreen⟩ < route:Capture@src/navigation/tabs/DashboardStack.tsx ; pads: FlatList@744{cc.padding=16},bare
Capture,src/screens/CaptureScreen.tsx:653,CaptureScreen,Text,textSecondary,Text ?,4.5,16..W-16,centered(alignItems),scrolling,dense (veil galaxy 0.22 / standard 0.30),"ESTIMATED(AST-traced, not hand-read)",Pressable@646{searchClear} < View@629{searchFieldRow} < View@575{headerBlock} < ⟨local header⟩ < FlatList@744[ListHeaderComponent] < View@743 < ⟨CaptureScreen⟩ < route:Capture@src/navigation/tabs/DashboardStack.tsx ; pads: FlatList@744{cc.padding=16},bare
Capture,src/screens/CaptureScreen.tsx:680,CaptureScreen,Text,accent,"Text 24/""700""",3.0,16..W-16,centered(alignItems),scrolling,dense (veil galaxy 0.22 / standard 0.30),VERIFIED,"View@679{newGlyphBox} < Pressable@670{tile,newTile} < ⟨local renderItem⟩ < FlatList@744[renderItem] < View@743 < ⟨CaptureScreen⟩ < route:Capture@src/navigation/tabs/DashboardStack.tsx ; pads: FlatList@744{cc.padding=16}",bare
Capture,src/screens/CaptureScreen.tsx:682,CaptureScreen,Text,textPrimary,"Text 13/""600""",4.5,16..W-16,centered(textAlign),scrolling,dense (veil galaxy 0.22 / standard 0.30),VERIFIED,"Pressable@670{tile,newTile} < ⟨local renderItem⟩ < FlatList@744[renderItem] < View@743 < ⟨CaptureScreen⟩ < route:Capture@src/navigation/tabs/DashboardStack.tsx ; pads: FlatList@744{cc.padding=16}",bare
Capture,src/screens/CaptureScreen.tsx:730,CaptureScreen,Text,textPrimary,"Text 13/""600""",4.5,16..W-16,centered(textAlign),scrolling,dense (veil galaxy 0.22 / standard 0.30),"ESTIMATED(AST-traced, not hand-read)","Pressable@695{tile,tileSelected} < ⟨local renderItem⟩ < FlatList@744[renderItem] < View@743 < ⟨CaptureScreen⟩ < route:Capture@src/navigation/tabs/DashboardStack.tsx ; pads: FlatList@744{cc.padding=16}",bare
CategoryManagement,src/screens/CategoryManagementScreen.tsx:606,CategoryManagementScreen,ActivityIndicator,accent,ActivityIndicator ,3.0,24..W-24,centered(alignItems),centered-state,presentation (veil galaxy 0.02 / standard 0.05),VERIFIED,View@605{loading} < View@603{root} < ⟨CategoryManagementScreen⟩ < route:CategoryManagement@src/navigation/tabs/SettingsStack.tsx ; pads: View@605{padding=SPACING.lg},bare
CategoryManagement,src/screens/CategoryManagementScreen.tsx:620,CategoryManagementScreen,AppText,danger,body 16/400,4.5,24..W-24,centered(alignItems),centered-state,presentation (veil galaxy 0.02 / standard 0.05),VERIFIED,View@619{loading} < View@616{root} < ⟨CategoryManagementScreen⟩ < route:CategoryManagement@src/navigation/tabs/SettingsStack.tsx ; pads: View@619{padding=SPACING.lg},bare
CategoryManagement,src/screens/CategoryManagementScreen.tsx:641,CategoryManagementScreen,AppText,danger,body 16/400,4.5,16..W-16,left,top-fixed,presentation (veil galaxy 0.02 / standard 0.05),VERIFIED,View@639{content} < View@616{root} < ⟨CategoryManagementScreen⟩ < route:CategoryManagement@src/navigation/tabs/SettingsStack.tsx ; pads: View@639{padding=SPACING.base},bare
CategoryManagement,src/screens/CategoryManagementScreen.tsx:677,CategoryManagementScreen,AppText,textPrimary(default),heading 20/600,4.5*,16..W-16,left,empty-state(in list),presentation (veil galaxy 0.02 / standard 0.05),VERIFIED,View@676 < ReorderableList@657[ListEmptyComponent] < View@639{content} < View@616{root} < ⟨CategoryManagementScreen⟩ < route:CategoryManagement@src/navigation/tabs/SettingsStack.tsx ; pads: View@639{padding=SPACING.base},bare
CategoryManagement,src/screens/CategoryManagementScreen.tsx:680,CategoryManagementScreen,AppText,textSecondary,body 16/400,4.5,16..W-16,left,empty-state(in list),presentation (veil galaxy 0.02 / standard 0.05),VERIFIED,View@676 < ReorderableList@657[ListEmptyComponent] < View@639{content} < View@616{root} < ⟨CategoryManagementScreen⟩ < route:CategoryManagement@src/navigation/tabs/SettingsStack.tsx ; pads: View@639{padding=SPACING.base},bare
CategoryManagement,src/screens/CategoryManagementScreen.tsx:689,CategoryManagementScreen,AppText,textPrimary(default),heading 20/600,4.5*,16..W-16,left,scrolling,presentation (veil galaxy 0.02 / standard 0.05),VERIFIED,View@686{uncategorized} < ReorderableList@657[ListFooterComponent] < View@639{content} < View@616{root} < ⟨CategoryManagementScreen⟩ < route:CategoryManagement@src/navigation/tabs/SettingsStack.tsx ; pads: View@639{padding=SPACING.base},bare
CategoryManagement,src/screens/CategoryManagementScreen.tsx:690,CategoryManagementScreen,AppText,textSecondary,caption 14/400,4.5,16..W-16,left,scrolling,presentation (veil galaxy 0.02 / standard 0.05),VERIFIED,View@686{uncategorized} < ReorderableList@657[ListFooterComponent] < View@639{content} < View@616{root} < ⟨CategoryManagementScreen⟩ < route:CategoryManagement@src/navigation/tabs/SettingsStack.tsx ; pads: View@639{padding=SPACING.base},bare
CategoryManagement,src/screens/CategoryManagementScreen.tsx:693,CategoryManagementScreen,AppText,textSecondary,caption 14/400,4.5,16..W-16,left,scrolling,presentation (veil galaxy 0.02 / standard 0.05),VERIFIED,View@686{uncategorized} < ReorderableList@657[ListFooterComponent] < View@639{content} < View@616{root} < ⟨CategoryManagementScreen⟩ < route:CategoryManagement@src/navigation/tabs/SettingsStack.tsx ; pads: View@639{padding=SPACING.base},bare
Compose,src/screens/ComposeScreen.tsx:1296,ComposeScreen,Button-link,accentText,label 14/600,4.5,16..W-16,left,scrolling,dense (veil galaxy 0.22 / standard 0.30),"ESTIMATED(AST-traced, not hand-read)",View@1295{affordance} < View@1273{section} < ScrollView@1246 < ⟨ComposeScreen⟩ < route:Compose@src/navigation/tabs/DashboardStack.tsx || View@1295{affordance} < View@1273{section} < ScrollView@1246 < ⟨ComposeScreen⟩ < route:Compose@src/navigation/tabs/DigestStack.tsx || View@1295{affordance} < View@1273{section} < ScrollView@1246 < ⟨ComposeScreen⟩ < route:Compose@src/navigation/tabs/EventsStack.tsx ; pads: ScrollView@1246{cc.padding=16},bare
Compose,src/screens/ComposeScreen.tsx:1338,ComposeScreen,Button-link,accentText,label 14/600,4.5,16..W-16,left,scrolling,dense (veil galaxy 0.22 / standard 0.30),"ESTIMATED(AST-traced, not hand-read)",View@1337{affordance} < ScrollView@1246 < ⟨ComposeScreen⟩ < route:Compose@src/navigation/tabs/DashboardStack.tsx || View@1337{affordance} < ScrollView@1246 < ⟨ComposeScreen⟩ < route:Compose@src/navigation/tabs/DigestStack.tsx || View@1337{affordance} < ScrollView@1246 < ⟨ComposeScreen⟩ < route:Compose@src/navigation/tabs/EventsStack.tsx ; pads: ScrollView@1246{cc.padding=16},bare
Compose,src/screens/ComposeScreen.tsx:1356,ComposeScreen,Button-link,accentText,label 14/600,4.5,16..W-16,left,scrolling,dense (veil galaxy 0.22 / standard 0.30),"ESTIMATED(AST-traced, not hand-read)",View@1355{affordance} < ScrollView@1246 < ⟨ComposeScreen⟩ < route:Compose@src/navigation/tabs/DashboardStack.tsx || View@1355{affordance} < ScrollView@1246 < ⟨ComposeScreen⟩ < route:Compose@src/navigation/tabs/DigestStack.tsx || View@1355{affordance} < ScrollView@1246 < ⟨ComposeScreen⟩ < route:Compose@src/navigation/tabs/EventsStack.tsx ; pads: ScrollView@1246{cc.padding=16},bare
Compose,src/screens/ComposeScreen.tsx:1397,ComposeScreen,Button-link,accentText,label 14/600,4.5,16..W-16,left,scrolling,dense (veil galaxy 0.22 / standard 0.30),"ESTIMATED(AST-traced, not hand-read)",View@1396{affordance} < ScrollView@1246 < ⟨ComposeScreen⟩ < route:Compose@src/navigation/tabs/DashboardStack.tsx || View@1396{affordance} < ScrollView@1246 < ⟨ComposeScreen⟩ < route:Compose@src/navigation/tabs/DigestStack.tsx || View@1396{affordance} < ScrollView@1246 < ⟨ComposeScreen⟩ < route:Compose@src/navigation/tabs/EventsStack.tsx ; pads: ScrollView@1246{cc.padding=16},bare
Compose,src/screens/ComposeScreen.tsx:1683,ComposeScreen,Button-link,accentText,label 14/600,4.5,16..W-16,left,scrolling,dense (veil galaxy 0.22 / standard 0.30),"ESTIMATED(AST-traced, not hand-read)",View@1682{affordance} < ScrollView@1246 < ⟨ComposeScreen⟩ < route:Compose@src/navigation/tabs/DashboardStack.tsx || View@1682{affordance} < ScrollView@1246 < ⟨ComposeScreen⟩ < route:Compose@src/navigation/tabs/DigestStack.tsx || View@1682{affordance} < ScrollView@1246 < ⟨ComposeScreen⟩ < route:Compose@src/navigation/tabs/EventsStack.tsx ; pads: ScrollView@1246{cc.padding=16},bare
Compose,src/screens/ComposeScreen.tsx:1720,ComposeScreen,Button-link,accentText,label 14/600,4.5,16..W-16,left,scrolling,dense (veil galaxy 0.22 / standard 0.30),"ESTIMATED(AST-traced, not hand-read)",View@1719{affordance} < ScrollView@1246 < ⟨ComposeScreen⟩ < route:Compose@src/navigation/tabs/DashboardStack.tsx || View@1719{affordance} < ScrollView@1246 < ⟨ComposeScreen⟩ < route:Compose@src/navigation/tabs/DigestStack.tsx || View@1719{affordance} < ScrollView@1246 < ⟨ComposeScreen⟩ < route:Compose@src/navigation/tabs/EventsStack.tsx ; pads: ScrollView@1246{cc.padding=16},bare
Compose,src/screens/ComposeScreen.tsx:1746,ComposeScreen,Button-link,accentText,label 14/600,4.5,16..W-16,left,scrolling,dense (veil galaxy 0.22 / standard 0.30),"ESTIMATED(AST-traced, not hand-read)",View@1745{affordance} < View@1736{section} < ScrollView@1246 < ⟨ComposeScreen⟩ < route:Compose@src/navigation/tabs/DashboardStack.tsx || View@1745{affordance} < View@1736{section} < ScrollView@1246 < ⟨ComposeScreen⟩ < route:Compose@src/navigation/tabs/DigestStack.tsx || View@1745{affordance} < View@1736{section} < ScrollView@1246 < ⟨ComposeScreen⟩ < route:Compose@src/navigation/tabs/EventsStack.tsx ; pads: ScrollView@1246{cc.padding=16},bare
Compose,src/screens/ComposeScreen.tsx:1793,ComposeScreen,AppText,textSecondary(default),caption 14/400,4.5,16..W-16,left(row),scrolling,dense (veil galaxy 0.22 / standard 0.30),"ESTIMATED(AST-traced, not hand-read)",View@1791{actions} < ScrollView@1246 < ⟨ComposeScreen⟩ < route:Compose@src/navigation/tabs/DashboardStack.tsx || View@1791{actions} < ScrollView@1246 < ⟨ComposeScreen⟩ < route:Compose@src/navigation/tabs/DigestStack.tsx || View@1791{actions} < ScrollView@1246 < ⟨ComposeScreen⟩ < route:Compose@src/navigation/tabs/EventsStack.tsx ; pads: ScrollView@1246{cc.padding=16},bare
Profile,src/screens/ContactProfileScreen.tsx:414,ContactProfileScreen,Button-icon,textPrimary,icon 20,3.0,16..W-16,left(row),top-header(fixed),profile-own-BackgroundHost (presentation; profileBackgroundScrim #..B8/#..C4 ~72-77% over contact photo or theme art),VERIFIED,View@413{appBar} < View@411{root} < BackgroundHost@406 < ⟨ContactProfileScreen⟩ < route:Profile@src/navigation/tabs/DashboardStack.tsx || View@413{appBar} < View@411{root} < BackgroundHost@406 < ⟨ContactProfileScreen⟩ < route:Profile@src/navigation/tabs/DigestStack.tsx || View@413{appBar} < View@411{root} < BackgroundHost@406 < ⟨ContactProfileScreen⟩ < route:Profile@src/navigation/tabs/EventsStack.tsx ; pads: View@413{paddingHorizontal=SPACING.base},bare
Profile,src/screens/ContactProfileScreen.tsx:420,ContactProfileScreen,Button-icon,textPrimary,icon 20,3.0,16..W-16,left(row),top-header(fixed),profile-own-BackgroundHost (presentation; profileBackgroundScrim #..B8/#..C4 ~72-77% over contact photo or theme art),VERIFIED,View@413{appBar} < View@411{root} < BackgroundHost@406 < ⟨ContactProfileScreen⟩ < route:Profile@src/navigation/tabs/DashboardStack.tsx || View@413{appBar} < View@411{root} < BackgroundHost@406 < ⟨ContactProfileScreen⟩ < route:Profile@src/navigation/tabs/DigestStack.tsx || View@413{appBar} < View@411{root} < BackgroundHost@406 < ⟨ContactProfileScreen⟩ < route:Profile@src/navigation/tabs/EventsStack.tsx ; pads: View@413{paddingHorizontal=SPACING.base},bare
Profile,src/screens/ContactProfileScreen.tsx:429,ContactProfileScreen,AppText,textPrimary(default),body 16/400,4.5,16..W-16,left,scrolling,profile-own-BackgroundHost (presentation; profileBackgroundScrim #..B8/#..C4 ~72-77% over contact photo or theme art),VERIFIED,ScrollView@428 < View@411{root} < BackgroundHost@406 < ⟨ContactProfileScreen⟩ < route:Profile@src/navigation/tabs/DashboardStack.tsx || ScrollView@428 < View@411{root} < BackgroundHost@406 < ⟨ContactProfileScreen⟩ < route:Profile@src/navigation/tabs/DigestStack.tsx || ScrollView@428 < View@411{root} < BackgroundHost@406 < ⟨ContactProfileScreen⟩ < route:Profile@src/navigation/tabs/EventsStack.tsx ; pads: ScrollView@428{cc.padding=SPACING.base},bare
Profile,src/screens/ContactProfileScreen.tsx:430,ContactProfileScreen,AppText,textPrimary(default),body 16/400,4.5,16..W-16,left,scrolling,profile-own-BackgroundHost (presentation; profileBackgroundScrim #..B8/#..C4 ~72-77% over contact photo or theme art),VERIFIED,ScrollView@428 < View@411{root} < BackgroundHost@406 < ⟨ContactProfileScreen⟩ < route:Profile@src/navigation/tabs/DashboardStack.tsx || ScrollView@428 < View@411{root} < BackgroundHost@406 < ⟨ContactProfileScreen⟩ < route:Profile@src/navigation/tabs/DigestStack.tsx || ScrollView@428 < View@411{root} < BackgroundHost@406 < ⟨ContactProfileScreen⟩ < route:Profile@src/navigation/tabs/EventsStack.tsx ; pads: ScrollView@428{cc.padding=SPACING.base},bare
Create,src/screens/CreateContactScreen.tsx:417,CreateContactScreen,AppText,textSecondary,label 14/600,4.5,30..W-30,left(row),top-header(scrolls),dense (veil galaxy 0.22 / standard 0.30),"ESTIMATED(AST-traced, not hand-read)",Pressable@410{backBtn} < View@409{header} < ScrollView@404 < ⟨CreateContactScreen⟩ < route:Create@src/navigation/tabs/DashboardStack.tsx ; pads: Pressable@410{paddingHorizontal=14} ScrollView@404{cc.padding=16},bare
Create,src/screens/CreateContactScreen.tsx:421,CreateContactScreen,AppText,textPrimary(default),display 28/600,3.0,16..W-16,left(row),top-header(scrolls),dense (veil galaxy 0.22 / standard 0.30),"ESTIMATED(AST-traced, not hand-read)",View@409{header} < ScrollView@404 < ⟨CreateContactScreen⟩ < route:Create@src/navigation/tabs/DashboardStack.tsx ; pads: ScrollView@404{cc.padding=16},bare
Create,src/screens/CreateContactScreen.tsx:797,CreateContactScreen,Button-link,accentText,label 14/600,4.5,16..W-16,left,scrolling,dense (veil galaxy 0.22 / standard 0.30),"ESTIMATED(AST-traced, not hand-read)",ScrollView@404 < ⟨CreateContactScreen⟩ < route:Create@src/navigation/tabs/DashboardStack.tsx ; pads: ScrollView@404{cc.padding=16},bare
CropPhoto,src/screens/CropPhotoScreen.tsx:373,CropPhotoScreen,Text,textPrimary,"Text 24/""700""",3.0,16..W-16,left,top-header(fixed),dense (veil galaxy 0.22 / standard 0.30),VERIFIED,View@372{header} < View@371{root} < ⟨CropPhotoScreen⟩ < route:CropPhoto@src/navigation/tabs/DashboardStack.tsx || View@372{header} < View@371{root} < ⟨CropPhotoScreen⟩ < route:CropPhoto@src/navigation/tabs/DigestStack.tsx || View@372{header} < View@371{root} < ⟨CropPhotoScreen⟩ < route:CropPhoto@src/navigation/tabs/EventsStack.tsx ; pads: View@372{padding=16},bare
CropPhoto,src/screens/CropPhotoScreen.tsx:461,CropPhotoScreen,Text,textSecondary,Text 16,4.5,0..W-0,centered(textAlign),static-body(non-scrolling),dense (veil galaxy 0.22 / standard 0.30),VERIFIED,View@371{root} < ⟨CropPhotoScreen⟩ < route:CropPhoto@src/navigation/tabs/DashboardStack.tsx || View@371{root} < ⟨CropPhotoScreen⟩ < route:CropPhoto@src/navigation/tabs/DigestStack.tsx || View@371{root} < ⟨CropPhotoScreen⟩ < route:CropPhoto@src/navigation/tabs/EventsStack.tsx,bare
CropPhoto,src/screens/CropPhotoScreen.tsx:478,CropPhotoScreen,Text,textSecondary,"Text 16/""600""",4.5,30..W-30,left(row),fixed-bottom,dense (veil galaxy 0.22 / standard 0.30),VERIFIED,Pressable@471{cancelBtn} < View@470{footer} < View@371{root} < ⟨CropPhotoScreen⟩ < route:CropPhoto@src/navigation/tabs/DashboardStack.tsx || Pressable@471{cancelBtn} < View@470{footer} < View@371{root} < ⟨CropPhotoScreen⟩ < route:CropPhoto@src/navigation/tabs/DigestStack.tsx || Pressable@471{cancelBtn} < View@470{footer} < View@371{root} < ⟨CropPhotoScreen⟩ < route:CropPhoto@src/navigation/tabs/EventsStack.tsx ; pads: Pressable@471{paddingHorizontal=14} View@470{padding=16},bare
CustomFields,src/screens/CustomFieldsScreen.tsx:358,CustomFieldsScreen,Text,textSecondary,Text ?,4.5,30..W-30,left(row),top-header(scrolls),dense (veil galaxy 0.22 / standard 0.30),"ESTIMATED(AST-traced, not hand-read)",Pressable@351{backBtn} < View@350{header} < ScrollView@346 < ⟨CustomFieldsScreen⟩ < <CustomFieldsScreen>@src/navigation/tabs/SettingsStack.tsx:66 < ⟨CustomFieldsRoute⟩ < route:CustomFields@src/navigation/tabs/SettingsStack.tsx ; pads: Pressable@351{paddingHorizontal=14} ScrollView@346{cc.padding=16},bare
CustomFields,src/screens/CustomFieldsScreen.tsx:360,CustomFieldsScreen,Text,textPrimary,"Text 24/""700""",3.0,16..W-16,left(row),top-header(scrolls),dense (veil galaxy 0.22 / standard 0.30),"ESTIMATED(AST-traced, not hand-read)",View@350{header} < ScrollView@346 < ⟨CustomFieldsScreen⟩ < <CustomFieldsScreen>@src/navigation/tabs/SettingsStack.tsx:66 < ⟨CustomFieldsRoute⟩ < route:CustomFields@src/navigation/tabs/SettingsStack.tsx ; pads: ScrollView@346{cc.padding=16},bare
CustomFields,src/screens/CustomFieldsScreen.tsx:384,CustomFieldsScreen,Text,textSecondary,Text 14,4.5,16..W-16,left,scrolling,dense (veil galaxy 0.22 / standard 0.30),"ESTIMATED(AST-traced, not hand-read)",ScrollView@346 < ⟨CustomFieldsScreen⟩ < <CustomFieldsScreen>@src/navigation/tabs/SettingsStack.tsx:66 < ⟨CustomFieldsRoute⟩ < route:CustomFields@src/navigation/tabs/SettingsStack.tsx ; pads: ScrollView@346{cc.padding=16},bare
CustomFields,src/screens/CustomFieldsScreen.tsx:482,CustomFieldsScreen,Text,textSecondary,"Text 13/""700""",4.5,16..W-16,left,scrolling,dense (veil galaxy 0.22 / standard 0.30),"ESTIMATED(AST-traced, not hand-read)",View@478{quarantineSection} < ScrollView@346 < ⟨CustomFieldsScreen⟩ < <CustomFieldsScreen>@src/navigation/tabs/SettingsStack.tsx:66 < ⟨CustomFieldsRoute⟩ < route:CustomFields@src/navigation/tabs/SettingsStack.tsx ; pads: ScrollView@346{cc.padding=16},bare
DuplicateReview,src/screens/DuplicateReviewScreen.tsx:299,DuplicateReviewScreen,Text,textSecondary,Text ?,4.5,28..W-28,left(row),top-header(fixed),dense (veil galaxy 0.22 / standard 0.30),"ESTIMATED(AST-traced, not hand-read)",Pressable@293{back} < View@292{header} < View@291{root} < ⟨DuplicateReviewScreen⟩ < route:DuplicateReview@src/navigation/tabs/SettingsStack.tsx ; pads: Pressable@293{paddingHorizontal=12} View@292{padding=16},bare
DuplicateReview,src/screens/DuplicateReviewScreen.tsx:301,DuplicateReviewScreen,Text,textPrimary,"Text 24/""600""",3.0,16..W-16,left(row),top-header(fixed),dense (veil galaxy 0.22 / standard 0.30),"ESTIMATED(AST-traced, not hand-read)",View@292{header} < View@291{root} < ⟨DuplicateReviewScreen⟩ < route:DuplicateReview@src/navigation/tabs/SettingsStack.tsx ; pads: View@292{padding=16},bare
DuplicateReview,src/screens/DuplicateReviewScreen.tsx:316,DuplicateReviewScreen,Text,textPrimary,"Text 18/""700""",4.5,16..W-16,centered(alignItems),centered-state,dense (veil galaxy 0.22 / standard 0.30),"ESTIMATED(AST-traced, not hand-read)",View@315{empty} < View@291{root} < ⟨DuplicateReviewScreen⟩ < route:DuplicateReview@src/navigation/tabs/SettingsStack.tsx ; pads: View@315{padding=16},bare
DuplicateReview,src/screens/DuplicateReviewScreen.tsx:319,DuplicateReviewScreen,Text,textSecondary,Text ?,4.5,16..W-16,centered(alignItems),centered-state,dense (veil galaxy 0.22 / standard 0.30),"ESTIMATED(AST-traced, not hand-read)",View@315{empty} < View@291{root} < ⟨DuplicateReviewScreen⟩ < route:DuplicateReview@src/navigation/tabs/SettingsStack.tsx ; pads: View@315{padding=16},bare
DuplicateReview,src/screens/DuplicateReviewScreen.tsx:329,DuplicateReviewScreen,Text,accent,Text ?,4.5,32..W-32,centered(alignItems),centered-state,dense (veil galaxy 0.22 / standard 0.30),"ESTIMATED(AST-traced, not hand-read)",Pressable@322{retry} < View@315{empty} < View@291{root} < ⟨DuplicateReviewScreen⟩ < route:DuplicateReview@src/navigation/tabs/SettingsStack.tsx ; pads: Pressable@322{paddingHorizontal=16} View@315{padding=16},bare
DuplicateReview,src/screens/DuplicateReviewScreen.tsx:334,DuplicateReviewScreen,Text,textPrimary,"Text 18/""700""",4.5,16..W-16,centered(alignItems),centered-state,dense (veil galaxy 0.22 / standard 0.30),"ESTIMATED(AST-traced, not hand-read)",View@333{empty} < View@291{root} < ⟨DuplicateReviewScreen⟩ < route:DuplicateReview@src/navigation/tabs/SettingsStack.tsx ; pads: View@333{padding=16},bare
DuplicateReview,src/screens/DuplicateReviewScreen.tsx:337,DuplicateReviewScreen,Text,textSecondary,Text ?,4.5,16..W-16,centered(alignItems),centered-state,dense (veil galaxy 0.22 / standard 0.30),"ESTIMATED(AST-traced, not hand-read)",View@333{empty} < View@291{root} < ⟨DuplicateReviewScreen⟩ < route:DuplicateReview@src/navigation/tabs/SettingsStack.tsx ; pads: View@333{padding=16},bare
Edit,src/screens/EditContactScreen.tsx:1119,EditContactScreen,AppText,textSecondary,body 16/400,4.5,0..W-0,centered(alignItems),centered-state,dense (veil galaxy 0.22 / standard 0.30),"ESTIMATED(AST-traced, not hand-read)",View@1118{loading} < ⟨EditContactScreen⟩ < route:Edit@src/navigation/tabs/DashboardStack.tsx || View@1118{loading} < ⟨EditContactScreen⟩ < route:Edit@src/navigation/tabs/DigestStack.tsx || View@1118{loading} < ⟨EditContactScreen⟩ < route:Edit@src/navigation/tabs/EventsStack.tsx,bare
Edit,src/screens/EditContactScreen.tsx:1168,EditContactScreen,AppText,textSecondary,label 14/600,4.5,30..W-30,left(row),top-header(scrolls),dense (veil galaxy 0.22 / standard 0.30),"ESTIMATED(AST-traced, not hand-read)",Pressable@1161{backBtn} < View@1160{header} < ScrollView@1155 < ⟨EditContactScreen⟩ < route:Edit@src/navigation/tabs/DashboardStack.tsx || Pressable@1161{backBtn} < View@1160{header} < ScrollView@1155 < ⟨EditContactScreen⟩ < route:Edit@src/navigation/tabs/DigestStack.tsx || Pressable@1161{backBtn} < View@1160{header} < ScrollView@1155 < ⟨EditContactScreen⟩ < route:Edit@src/navigation/tabs/EventsStack.tsx ; pads: Pressable@1161{paddingHorizontal=14} ScrollView@1155{cc.padding=16},bare
Edit,src/screens/EditContactScreen.tsx:1172,EditContactScreen,AppText,textPrimary(default),display 28/600,3.0,16..W-16,left(row),top-header(scrolls),dense (veil galaxy 0.22 / standard 0.30),"ESTIMATED(AST-traced, not hand-read)",View@1160{header} < ScrollView@1155 < ⟨EditContactScreen⟩ < route:Edit@src/navigation/tabs/DashboardStack.tsx || View@1160{header} < ScrollView@1155 < ⟨EditContactScreen⟩ < route:Edit@src/navigation/tabs/DigestStack.tsx || View@1160{header} < ScrollView@1155 < ⟨EditContactScreen⟩ < route:Edit@src/navigation/tabs/EventsStack.tsx ; pads: ScrollView@1155{cc.padding=16},bare
EditGroupEvent,src/screens/EditGroupEventScreen.tsx:247,EditGroupEventScreen,AppText,danger,body 16/400,4.5,24..W-24,centered(alignItems),centered-state,presentation (veil galaxy 0.02 / standard 0.05),"ESTIMATED(AST-traced, not hand-read)",View@245{loading} < ⟨EditGroupEventScreen⟩ < route:EditGroupEvent@src/navigation/tabs/DashboardStack.tsx || View@245{loading} < ⟨EditGroupEventScreen⟩ < route:EditGroupEvent@src/navigation/tabs/DigestStack.tsx || View@245{loading} < ⟨EditGroupEventScreen⟩ < route:EditGroupEvent@src/navigation/tabs/EventsStack.tsx ; pads: View@245{padding=SPACING.lg},bare
EditGroupEvent,src/screens/EditGroupEventScreen.tsx:251,EditGroupEventScreen,ActivityIndicator,accent,ActivityIndicator ,3.0,24..W-24,centered(alignItems),centered-state,presentation (veil galaxy 0.02 / standard 0.05),"ESTIMATED(AST-traced, not hand-read)",View@245{loading} < ⟨EditGroupEventScreen⟩ < route:EditGroupEvent@src/navigation/tabs/DashboardStack.tsx || View@245{loading} < ⟨EditGroupEventScreen⟩ < route:EditGroupEvent@src/navigation/tabs/DigestStack.tsx || View@245{loading} < ⟨EditGroupEventScreen⟩ < route:EditGroupEvent@src/navigation/tabs/EventsStack.tsx ; pads: View@245{padding=SPACING.lg},bare
EditInteraction,src/screens/EditInteractionScreen.tsx:143,EditInteractionScreen,Text,textSecondary,Text ?,4.5,24..W-24,centered(alignItems),centered-state,presentation (veil galaxy 0.02 / standard 0.05),VERIFIED,View@142{loading} < ⟨EditInteractionScreen⟩ < route:EditInteraction@src/navigation/tabs/DashboardStack.tsx || View@142{loading} < ⟨EditInteractionScreen⟩ < route:EditInteraction@src/navigation/tabs/DigestStack.tsx || View@142{loading} < ⟨EditInteractionScreen⟩ < route:EditInteraction@src/navigation/tabs/EventsStack.tsx ; pads: View@142{padding=24},bare
EditInteraction,src/screens/EditInteractionScreen.tsx:153,EditInteractionScreen,Text,textSecondary,Text ?,4.5,24..W-24,centered(alignItems),centered-state,presentation (veil galaxy 0.02 / standard 0.05),VERIFIED,View@152{loading} < ⟨EditInteractionScreen⟩ < route:EditInteraction@src/navigation/tabs/DashboardStack.tsx || View@152{loading} < ⟨EditInteractionScreen⟩ < route:EditInteraction@src/navigation/tabs/DigestStack.tsx || View@152{loading} < ⟨EditInteractionScreen⟩ < route:EditInteraction@src/navigation/tabs/EventsStack.tsx ; pads: View@152{padding=24},bare
EditInteraction,src/screens/EditInteractionScreen.tsx:171,EditInteractionScreen,Text,textSecondary,Text ?,4.5,30..W-30,left(row),top-header(scrolls),presentation (veil galaxy 0.02 / standard 0.05),VERIFIED,Pressable@164{backBtn} < View@163{header} < ScrollView@159 < ⟨EditInteractionScreen⟩ < route:EditInteraction@src/navigation/tabs/DashboardStack.tsx || Pressable@164{backBtn} < View@163{header} < ScrollView@159 < ⟨EditInteractionScreen⟩ < route:EditInteraction@src/navigation/tabs/DigestStack.tsx || Pressable@164{backBtn} < View@163{header} < ScrollView@159 < ⟨EditInteractionScreen⟩ < route:EditInteraction@src/navigation/tabs/EventsStack.tsx ; pads: Pressable@164{paddingHorizontal=14} ScrollView@159{cc.padding=16},bare
EditInteraction,src/screens/EditInteractionScreen.tsx:173,EditInteractionScreen,Text,textPrimary,"Text 24/""700""",3.0,16..W-16,left(row),top-header(scrolls),presentation (veil galaxy 0.02 / standard 0.05),VERIFIED,View@163{header} < ScrollView@159 < ⟨EditInteractionScreen⟩ < route:EditInteraction@src/navigation/tabs/DashboardStack.tsx || View@163{header} < ScrollView@159 < ⟨EditInteractionScreen⟩ < route:EditInteraction@src/navigation/tabs/DigestStack.tsx || View@163{header} < ScrollView@159 < ⟨EditInteractionScreen⟩ < route:EditInteraction@src/navigation/tabs/EventsStack.tsx ; pads: ScrollView@159{cc.padding=16},bare
EditInteraction,src/screens/EditInteractionScreen.tsx:189,EditInteractionScreen,Text,danger,"Text 13/""600""",4.5,16..W-16,left,scrolling,presentation (veil galaxy 0.02 / standard 0.05),VERIFIED,ScrollView@159 < ⟨EditInteractionScreen⟩ < route:EditInteraction@src/navigation/tabs/DashboardStack.tsx || ScrollView@159 < ⟨EditInteractionScreen⟩ < route:EditInteraction@src/navigation/tabs/DigestStack.tsx || ScrollView@159 < ⟨EditInteractionScreen⟩ < route:EditInteraction@src/navigation/tabs/EventsStack.tsx ; pads: ScrollView@159{cc.padding=16},bare
EditParticipant,src/screens/EditParticipantScreen.tsx:102,EditParticipantScreen,AppText,danger,body 16/400,4.5,24..W-24,centered(alignItems),centered-state,presentation (veil galaxy 0.02 / standard 0.05),"ESTIMATED(AST-traced, not hand-read)",View@100{loading} < ⟨EditParticipantScreen⟩ < route:EditParticipant@src/navigation/tabs/DashboardStack.tsx || View@100{loading} < ⟨EditParticipantScreen⟩ < route:EditParticipant@src/navigation/tabs/DigestStack.tsx || View@100{loading} < ⟨EditParticipantScreen⟩ < route:EditParticipant@src/navigation/tabs/EventsStack.tsx ; pads: View@100{padding=SPACING.lg},bare
EditParticipant,src/screens/EditParticipantScreen.tsx:106,EditParticipantScreen,ActivityIndicator,accent,ActivityIndicator ,3.0,24..W-24,centered(alignItems),centered-state,presentation (veil galaxy 0.02 / standard 0.05),"ESTIMATED(AST-traced, not hand-read)",View@100{loading} < ⟨EditParticipantScreen⟩ < route:EditParticipant@src/navigation/tabs/DashboardStack.tsx || View@100{loading} < ⟨EditParticipantScreen⟩ < route:EditParticipant@src/navigation/tabs/DigestStack.tsx || View@100{loading} < ⟨EditParticipantScreen⟩ < route:EditParticipant@src/navigation/tabs/EventsStack.tsx ; pads: View@100{padding=SPACING.lg},bare
GroupEventDetail,src/screens/GroupEventDetailScreen.tsx:197,GroupEventDetailScreen,AppText,danger,body 16/400,4.5,24..W-24,centered(alignItems),centered-state,presentation (veil galaxy 0.02 / standard 0.05),"ESTIMATED(AST-traced, not hand-read)",View@195{center} < ⟨GroupEventDetailScreen⟩ < route:GroupEventDetail@src/navigation/tabs/DashboardStack.tsx || View@195{center} < ⟨GroupEventDetailScreen⟩ < route:GroupEventDetail@src/navigation/tabs/DigestStack.tsx || View@195{center} < ⟨GroupEventDetailScreen⟩ < route:GroupEventDetail@src/navigation/tabs/EventsStack.tsx ; pads: View@195{padding=SPACING.lg},bare
GroupEventDetail,src/screens/GroupEventDetailScreen.tsx:201,GroupEventDetailScreen,ActivityIndicator,accent,ActivityIndicator ,3.0,24..W-24,centered(alignItems),centered-state,presentation (veil galaxy 0.02 / standard 0.05),"ESTIMATED(AST-traced, not hand-read)",View@195{center} < ⟨GroupEventDetailScreen⟩ < route:GroupEventDetail@src/navigation/tabs/DashboardStack.tsx || View@195{center} < ⟨GroupEventDetailScreen⟩ < route:GroupEventDetail@src/navigation/tabs/DigestStack.tsx || View@195{center} < ⟨GroupEventDetailScreen⟩ < route:GroupEventDetail@src/navigation/tabs/EventsStack.tsx ; pads: View@195{padding=SPACING.lg},bare
Home,src/screens/HomeScreen.tsx:1793,HomeScreen,Icon,expr:textSecondary,icon 20,3.0,16..W-16,centered(alignItems),top-fixed,presentation (veil galaxy 0.02 / standard 0.05),VERIFIED,Pressable@1784{searchToggle} < View@1783{searchRow} < View@1776{listRegion} < View@1713{root} < ⟨HomeScreen⟩ < route:Home@src/navigation/tabs/DashboardStack.tsx ; pads: View@1783{paddingHorizontal=16},bare
Home,src/screens/HomeScreen.tsx:1825,HomeScreen,Text,textSecondary,"Text 14/""600""",4.5,30..W-30,left(row),top-fixed,presentation (veil galaxy 0.02 / standard 0.05),VERIFIED,Pressable@1818{searchClear} < Animated.View@1801{searchInputWrap} < View@1783{searchRow} < View@1776{listRegion} < View@1713{root} < ⟨HomeScreen⟩ < route:Home@src/navigation/tabs/DashboardStack.tsx ; pads: Pressable@1818{paddingHorizontal=14} View@1783{paddingHorizontal=16},bare
ImportComplete,src/screens/ImportCompleteScreen.tsx:191,ImportCompleteScreen,Text,textSecondary,Text 15,4.5,16..W-16,left,static-body(non-scrolling),dense (veil galaxy 0.22 / standard 0.30),"ESTIMATED(AST-traced, not hand-read)",View@190{root} < ⟨ImportCompleteScreen⟩ < route:ImportComplete@src/navigation/tabs/SettingsStack.tsx ; pads: View@190{padding=16},bare
ImportComplete,src/screens/ImportCompleteScreen.tsx:201,ImportCompleteScreen,Text,textPrimary,"Text 24/""700""",3.0,16..W-16,left,static-body(non-scrolling),dense (veil galaxy 0.22 / standard 0.30),"ESTIMATED(AST-traced, not hand-read)",View@200{root} < ⟨ImportCompleteScreen⟩ < route:ImportComplete@src/navigation/tabs/SettingsStack.tsx ; pads: View@200{padding=16},bare
ImportComplete,src/screens/ImportCompleteScreen.tsx:204,ImportCompleteScreen,Text,textSecondary,Text 15,4.5,16..W-16,left,static-body(non-scrolling),dense (veil galaxy 0.22 / standard 0.30),"ESTIMATED(AST-traced, not hand-read)",View@200{root} < ⟨ImportCompleteScreen⟩ < route:ImportComplete@src/navigation/tabs/SettingsStack.tsx ; pads: View@200{padding=16},bare
ImportComplete,src/screens/ImportCompleteScreen.tsx:233,ImportCompleteScreen,Text,textPrimary,"Text 24/""700""",3.0,16..W-16,left,static-body(non-scrolling),dense (veil galaxy 0.22 / standard 0.30),"ESTIMATED(AST-traced, not hand-read)",View@232{root} < ⟨ImportCompleteScreen⟩ < route:ImportComplete@src/navigation/tabs/SettingsStack.tsx ; pads: View@232{padding=16},bare
ImportComplete,src/screens/ImportCompleteScreen.tsx:322,ImportCompleteScreen,Text,danger,Text 15,4.5,16..W-16,left,static-body(non-scrolling),dense (veil galaxy 0.22 / standard 0.30),"ESTIMATED(AST-traced, not hand-read)",View@232{root} < ⟨ImportCompleteScreen⟩ < route:ImportComplete@src/navigation/tabs/SettingsStack.tsx ; pads: View@232{padding=16},bare
ImportComplete,src/screens/ImportCompleteScreen.tsx:333,ImportCompleteScreen,Text,textSecondary,Text 15,4.5,16..W-16,left,static-body(non-scrolling),dense (veil galaxy 0.22 / standard 0.30),"ESTIMATED(AST-traced, not hand-read)",View@332{retryBlock} < View@232{root} < ⟨ImportCompleteScreen⟩ < route:ImportComplete@src/navigation/tabs/SettingsStack.tsx ; pads: View@232{padding=16},bare
ImportComplete,src/screens/ImportCompleteScreen.tsx:344,ImportCompleteScreen,Text,accent,Text ?,4.5,32..W-32,centered(alignItems),static-body(non-scrolling),dense (veil galaxy 0.22 / standard 0.30),"ESTIMATED(AST-traced, not hand-read)",Pressable@336{secondaryButton} < View@332{retryBlock} < View@232{root} < ⟨ImportCompleteScreen⟩ < route:ImportComplete@src/navigation/tabs/SettingsStack.tsx ; pads: Pressable@336{paddingHorizontal=16} View@232{padding=16},bare
ImportComplete,src/screens/ImportCompleteScreen.tsx:357,ImportCompleteScreen,Text,textPrimary,Text ?,4.5,32..W-32,centered(alignItems),static-body(non-scrolling),dense (veil galaxy 0.22 / standard 0.30),"ESTIMATED(AST-traced, not hand-read)",Pressable@349{secondaryButton} < View@332{retryBlock} < View@232{root} < ⟨ImportCompleteScreen⟩ < route:ImportComplete@src/navigation/tabs/SettingsStack.tsx ; pads: Pressable@349{paddingHorizontal=16} View@232{padding=16},bare
ImportProgress,src/screens/ImportProgressScreen.tsx:86,ImportProgressScreen,Text,textPrimary,"Text 22/""700""",3.0,24..W-24,centered(textAlign),centered-state,dense (veil galaxy 0.22 / standard 0.30),"ESTIMATED(AST-traced, not hand-read)",View@85{root} < ⟨ImportProgressScreen⟩ < route:ImportProgress@src/navigation/tabs/SettingsStack.tsx ; pads: View@85{padding=24},bare
ImportProgress,src/screens/ImportProgressScreen.tsx:92,ImportProgressScreen,Text,textSecondary,Text 14,4.5,24..W-24,centered(textAlign),centered-state,dense (veil galaxy 0.22 / standard 0.30),"ESTIMATED(AST-traced, not hand-read)",View@85{root} < ⟨ImportProgressScreen⟩ < route:ImportProgress@src/navigation/tabs/SettingsStack.tsx ; pads: View@85{padding=24},bare
ImportProgress,src/screens/ImportProgressScreen.tsx:132,ImportProgressScreen,Text,textPrimary,"Text 22/""700""",3.0,24..W-24,centered(textAlign),centered-state,dense (veil galaxy 0.22 / standard 0.30),"ESTIMATED(AST-traced, not hand-read)",View@131{root} < ⟨ImportProgressScreen⟩ < route:ImportProgress@src/navigation/tabs/SettingsStack.tsx ; pads: View@131{padding=24},bare
ImportProgress,src/screens/ImportProgressScreen.tsx:146,ImportProgressScreen,Text,textSecondary,Text 14,4.5,24..W-24,centered(textAlign),centered-state,dense (veil galaxy 0.22 / standard 0.30),"ESTIMATED(AST-traced, not hand-read)",View@131{root} < ⟨ImportProgressScreen⟩ < route:ImportProgress@src/navigation/tabs/SettingsStack.tsx ; pads: View@131{padding=24},bare
ImportReview,src/screens/ImportReviewScreen.tsx:374,ImportReviewScreen,Text,textSecondary,Text ?,4.5,28..W-28,left(row),top-header(scrolls),dense (veil galaxy 0.22 / standard 0.30),VERIFIED,Pressable@370{back} < View@369{header} < ScrollView@368 < ⟨ImportReviewScreen⟩ < route:ImportReview@src/navigation/tabs/SettingsStack.tsx ; pads: Pressable@370{paddingHorizontal=12} ScrollView@368{cc.padding=16},bare
ImportReview,src/screens/ImportReviewScreen.tsx:376,ImportReviewScreen,Text,textPrimary,"Text 22/""700""",3.0,16..W-16,left(row),top-header(scrolls),dense (veil galaxy 0.22 / standard 0.30),VERIFIED,View@369{header} < ScrollView@368 < ⟨ImportReviewScreen⟩ < route:ImportReview@src/navigation/tabs/SettingsStack.tsx ; pads: ScrollView@368{cc.padding=16},bare
ImportReview,src/screens/ImportReviewScreen.tsx:394,ImportReviewScreen,Text,textSecondary,"Text 13/""600""",4.5,16..W-16,left,scrolling,dense (veil galaxy 0.22 / standard 0.30),VERIFIED,View@393{field} < ScrollView@368 < ⟨ImportReviewScreen⟩ < route:ImportReview@src/navigation/tabs/SettingsStack.tsx ; pads: ScrollView@368{cc.padding=16},bare
ImportReview,src/screens/ImportReviewScreen.tsx:416,ImportReviewScreen,Text,textSecondary,"Text 13/""600""",4.5,16..W-16,left,scrolling,dense (veil galaxy 0.22 / standard 0.30),VERIFIED,View@415{field} < ScrollView@368 < ⟨ImportReviewScreen⟩ < route:ImportReview@src/navigation/tabs/SettingsStack.tsx ; pads: ScrollView@368{cc.padding=16},bare
ImportReview,src/screens/ImportReviewScreen.tsx:454,ImportReviewScreen,Text,textSecondary,"Text 13/""600""",4.5,16..W-16,left,scrolling,dense (veil galaxy 0.22 / standard 0.30),"ESTIMATED(AST-traced, not hand-read)",View@453{field} < ScrollView@368 < ⟨ImportReviewScreen⟩ < route:ImportReview@src/navigation/tabs/SettingsStack.tsx ; pads: ScrollView@368{cc.padding=16},bare
ImportReview,src/screens/ImportReviewScreen.tsx:513,ImportReviewScreen,Text,textSecondary,"Text 13/""600""",4.5,16..W-16,left,scrolling,dense (veil galaxy 0.22 / standard 0.30),VERIFIED,View@512{field} < ScrollView@368 < ⟨ImportReviewScreen⟩ < route:ImportReview@src/navigation/tabs/SettingsStack.tsx ; pads: ScrollView@368{cc.padding=16},bare
ImportReview,src/screens/ImportReviewScreen.tsx:547,ImportReviewScreen,Text,textSecondary,"Text 13/""600""",4.5,16..W-16,left,scrolling,dense (veil galaxy 0.22 / standard 0.30),VERIFIED,View@546{field} < ScrollView@368 < ⟨ImportReviewScreen⟩ < route:ImportReview@src/navigation/tabs/SettingsStack.tsx ; pads: ScrollView@368{cc.padding=16},bare
ImportReview,src/screens/ImportReviewScreen.tsx:570,ImportReviewScreen,Text,accent,"Text 13/""600""",4.5,16..W-16,left,scrolling,dense (veil galaxy 0.22 / standard 0.30),VERIFIED,View@546{field} < ScrollView@368 < ⟨ImportReviewScreen⟩ < route:ImportReview@src/navigation/tabs/SettingsStack.tsx ; pads: ScrollView@368{cc.padding=16},bare
LegacyContactPicker,src/screens/LegacyContactPickerScreen.tsx:188,LegacyContactPickerScreen,Text,textSecondary,Text ?,4.5,28..W-28,left(row),top-header(fixed),dense (veil galaxy 0.22 / standard 0.30),VERIFIED,Pressable@182{back} < View@181{header} < View@180{root} < ⟨LegacyContactPickerScreen⟩ < route:LegacyContactPicker@src/navigation/tabs/SettingsStack.tsx ; pads: Pressable@182{paddingHorizontal=12} View@180{padding=16},bare
LegacyContactPicker,src/screens/LegacyContactPickerScreen.tsx:190,LegacyContactPickerScreen,Text,textPrimary,"Text 22/""700""",3.0,16..W-16,left(row),top-header(fixed),dense (veil galaxy 0.22 / standard 0.30),VERIFIED,View@181{header} < View@180{root} < ⟨LegacyContactPickerScreen⟩ < route:LegacyContactPicker@src/navigation/tabs/SettingsStack.tsx ; pads: View@180{padding=16},bare
LegacyContactPicker,src/screens/LegacyContactPickerScreen.tsx:250,LegacyContactPickerScreen,Text,textSecondary,Text 14,4.5,16..W-16,left,static-body(non-scrolling),dense (veil galaxy 0.22 / standard 0.30),"ESTIMATED(AST-traced, not hand-read)",View@180{root} < ⟨LegacyContactPickerScreen⟩ < route:LegacyContactPicker@src/navigation/tabs/SettingsStack.tsx ; pads: View@180{padding=16},bare
LegacyContactPicker,src/screens/LegacyContactPickerScreen.tsx:359,PickerMessage,Text,textSecondary,Text ?,4.5,16..W-16,centered(alignItems),centered-state|empty-state(in list),dense (veil galaxy 0.22 / standard 0.30),"ESTIMATED(AST-traced, not hand-read)",View@358{message} < ⟨PickerMessage⟩ < <PickerMessage>@src/screens/LegacyContactPickerScreen.tsx:199 < View@180{root} < ⟨LegacyContactPickerScreen⟩ < route:LegacyContactPicker@src/navigation/tabs/SettingsStack.tsx || View@358{message} < ⟨PickerMessage⟩ < <PickerMessage>@src/screens/LegacyContactPickerScreen.tsx:228 < View@180{root} < ⟨LegacyContactPickerScreen⟩ < route:LegacyContactPicker@src/navigation/tabs/SettingsStack.tsx || View@358{message} < ⟨PickerMessage⟩ < <PickerMessage>@src/screens/LegacyContactPickerScreen.tsx:260 < FlatList@255[ListEmptyComponent] < View@180{root} < ⟨LegacyContactPickerScreen⟩ < route:LegacyContactPicker@src/navigation/tabs/SettingsStack.tsx ; pads: View@180{padding=16},bare
LegacyContactPicker,src/screens/LegacyContactPickerScreen.tsx:380,PermissionMessage,Text,textSecondary,Text 16,4.5,16..W-16,centered(textAlign),centered-state,dense (veil galaxy 0.22 / standard 0.30),"ESTIMATED(AST-traced, not hand-read)",View@379{permissionMessage} < ⟨PermissionMessage⟩ < <PermissionMessage>@src/screens/LegacyContactPickerScreen.tsx:201 < View@180{root} < ⟨LegacyContactPickerScreen⟩ < route:LegacyContactPicker@src/navigation/tabs/SettingsStack.tsx || View@379{permissionMessage} < ⟨PermissionMessage⟩ < <PermissionMessage>@src/screens/LegacyContactPickerScreen.tsx:207 < View@180{root} < ⟨LegacyContactPickerScreen⟩ < route:LegacyContactPicker@src/navigation/tabs/SettingsStack.tsx || View@379{permissionMessage} < ⟨PermissionMessage⟩ < <PermissionMessage>@src/screens/LegacyContactPickerScreen.tsx:222 < View@180{root} < ⟨LegacyContactPickerScreen⟩ < route:LegacyContactPicker@src/navigation/tabs/SettingsStack.tsx ; pads: View@180{padding=16},bare
LegacyContactPicker,src/screens/LegacyContactPickerScreen.tsx:395,PermissionMessage,Text,textSecondary,Text ?,4.5,16..W-16,centered(alignItems),centered-state,dense (veil galaxy 0.22 / standard 0.30),"ESTIMATED(AST-traced, not hand-read)",View@394{secondaryAction} < View@379{permissionMessage} < ⟨PermissionMessage⟩ < <PermissionMessage>@src/screens/LegacyContactPickerScreen.tsx:201 < View@180{root} < ⟨LegacyContactPickerScreen⟩ < route:LegacyContactPicker@src/navigation/tabs/SettingsStack.tsx || View@394{secondaryAction} < View@379{permissionMessage} < ⟨PermissionMessage⟩ < <PermissionMessage>@src/screens/LegacyContactPickerScreen.tsx:207 < View@180{root} < ⟨LegacyContactPickerScreen⟩ < route:LegacyContactPicker@src/navigation/tabs/SettingsStack.tsx || View@394{secondaryAction} < View@379{permissionMessage} < ⟨PermissionMessage⟩ < <PermissionMessage>@src/screens/LegacyContactPickerScreen.tsx:222 < View@180{root} < ⟨LegacyContactPickerScreen⟩ < route:LegacyContactPicker@src/navigation/tabs/SettingsStack.tsx ; pads: View@180{padding=16},bare
LogContact,src/screens/LogInteractionScreen.tsx:264,LogInteractionScreen,AppText,textSecondary(default),caption 14/400,4.5,24..W-24,centered(alignItems),centered-state,dense (veil galaxy 0.22 / standard 0.30),VERIFIED,View@263{loading} < View@261{root} < ⟨LogInteractionScreen⟩ < route:LogContact@src/navigation/tabs/DashboardStack.tsx || View@263{loading} < View@261{root} < ⟨LogInteractionScreen⟩ < route:LogContact@src/navigation/tabs/DigestStack.tsx || View@263{loading} < View@261{root} < ⟨LogInteractionScreen⟩ < route:LogContact@src/navigation/tabs/EventsStack.tsx ; pads: View@263{padding=24},bare
LogContact,src/screens/LogInteractionScreen.tsx:302,LogInteractionScreen,AppText,danger,caption 14/400,4.5,16..W-16,left,scrolling,dense (veil galaxy 0.22 / standard 0.30),VERIFIED,ScrollView@286 < View@284{root} < ⟨LogInteractionScreen⟩ < route:LogContact@src/navigation/tabs/DashboardStack.tsx || ScrollView@286 < View@284{root} < ⟨LogInteractionScreen⟩ < route:LogContact@src/navigation/tabs/DigestStack.tsx || ScrollView@286 < View@284{root} < ⟨LogInteractionScreen⟩ < route:LogContact@src/navigation/tabs/EventsStack.tsx ; pads: ScrollView@286{cc.padding=16},bare
MemoryHistory,src/screens/MemoryHistoryScreen.tsx:141,MemoryHistoryScreen,AppText,textSecondary(default),caption 14/400,4.5,28..W-28,left(row),top-header(fixed),presentation (veil galaxy 0.02 / standard 0.05),"ESTIMATED(AST-traced, not hand-read)",Pressable@135{back} < View@134{header} < View@133{root} < ⟨MemoryHistoryScreen⟩ < route:MemoryHistory@src/navigation/tabs/DashboardStack.tsx || Pressable@135{back} < View@134{header} < View@133{root} < ⟨MemoryHistoryScreen⟩ < route:MemoryHistory@src/navigation/tabs/DigestStack.tsx || Pressable@135{back} < View@134{header} < View@133{root} < ⟨MemoryHistoryScreen⟩ < route:MemoryHistory@src/navigation/tabs/EventsStack.tsx ; pads: Pressable@135{paddingHorizontal=SPACING.md} View@134{padding=SPACING.base},bare
MemoryHistory,src/screens/MemoryHistoryScreen.tsx:143,MemoryHistoryScreen,AppText,textPrimary(default),display 28/600,3.0,16..W-16,left(row),top-header(fixed),presentation (veil galaxy 0.02 / standard 0.05),"ESTIMATED(AST-traced, not hand-read)",View@134{header} < View@133{root} < ⟨MemoryHistoryScreen⟩ < route:MemoryHistory@src/navigation/tabs/DashboardStack.tsx || View@134{header} < View@133{root} < ⟨MemoryHistoryScreen⟩ < route:MemoryHistory@src/navigation/tabs/DigestStack.tsx || View@134{header} < View@133{root} < ⟨MemoryHistoryScreen⟩ < route:MemoryHistory@src/navigation/tabs/EventsStack.tsx ; pads: View@134{padding=SPACING.base},bare
MemoryHistory,src/screens/MemoryHistoryScreen.tsx:162,MemoryHistoryScreen,AppText,textPrimary(default),heading 20/600,4.5*,16..W-16,left,scrolling,presentation (veil galaxy 0.02 / standard 0.05),"ESTIMATED(AST-traced, not hand-read)",View@161{empty} < ScrollView@147 < View@133{root} < ⟨MemoryHistoryScreen⟩ < route:MemoryHistory@src/navigation/tabs/DashboardStack.tsx || View@161{empty} < ScrollView@147 < View@133{root} < ⟨MemoryHistoryScreen⟩ < route:MemoryHistory@src/navigation/tabs/DigestStack.tsx || View@161{empty} < ScrollView@147 < View@133{root} < ⟨MemoryHistoryScreen⟩ < route:MemoryHistory@src/navigation/tabs/EventsStack.tsx ; pads: ScrollView@147{cc.padding=SPACING.base},bare
MemoryHistory,src/screens/MemoryHistoryScreen.tsx:210,MemoryHistoryScreen,AppText,textPrimary(default),heading 20/600,4.5*,16..W-16,left,scrolling,presentation (veil galaxy 0.02 / standard 0.05),"ESTIMATED(AST-traced, not hand-read)",View@209{history} < ScrollView@147 < View@133{root} < ⟨MemoryHistoryScreen⟩ < route:MemoryHistory@src/navigation/tabs/DashboardStack.tsx || View@209{history} < ScrollView@147 < View@133{root} < ⟨MemoryHistoryScreen⟩ < route:MemoryHistory@src/navigation/tabs/DigestStack.tsx || View@209{history} < ScrollView@147 < View@133{root} < ⟨MemoryHistoryScreen⟩ < route:MemoryHistory@src/navigation/tabs/EventsStack.tsx ; pads: ScrollView@147{cc.padding=SPACING.base},bare
MemoryHistory,src/screens/MemoryHistoryScreen.tsx:212,MemoryHistoryScreen,AppText,textSecondary,body 16/400,4.5,16..W-16,left,scrolling,presentation (veil galaxy 0.02 / standard 0.05),"ESTIMATED(AST-traced, not hand-read)",View@209{history} < ScrollView@147 < View@133{root} < ⟨MemoryHistoryScreen⟩ < route:MemoryHistory@src/navigation/tabs/DashboardStack.tsx || View@209{history} < ScrollView@147 < View@133{root} < ⟨MemoryHistoryScreen⟩ < route:MemoryHistory@src/navigation/tabs/DigestStack.tsx || View@209{history} < ScrollView@147 < View@133{root} < ⟨MemoryHistoryScreen⟩ < route:MemoryHistory@src/navigation/tabs/EventsStack.tsx ; pads: ScrollView@147{cc.padding=SPACING.base},bare
Memory,src/screens/MemoryScreen.tsx:259,MemoryScreen,AppText,textSecondary,body 16/400,4.5,16..W-16,left,scrolling,dense (veil galaxy 0.22 / standard 0.30),VERIFIED,ScrollView@257 < View@255{root} < ⟨MemoryScreen⟩ < route:Memory@src/navigation/tabs/DashboardStack.tsx ; pads: ScrollView@257{cc.padding=SPACING.base},bare
Memory,src/screens/MemoryScreen.tsx:268,MemoryScreen,ActivityIndicator,accent,ActivityIndicator ,3.0,16..W-16,centered(alignItems),scrolling,dense (veil galaxy 0.22 / standard 0.30),VERIFIED,View@263{readState} < ScrollView@257 < View@255{root} < ⟨MemoryScreen⟩ < route:Memory@src/navigation/tabs/DashboardStack.tsx ; pads: ScrollView@257{cc.padding=SPACING.base},bare
Memory,src/screens/MemoryScreen.tsx:272,MemoryScreen,AppText,textPrimary,body 16/400,4.5,16..W-16,left,scrolling,dense (veil galaxy 0.22 / standard 0.30),VERIFIED,View@271{readError} < ScrollView@257 < View@255{root} < ⟨MemoryScreen⟩ < route:Memory@src/navigation/tabs/DashboardStack.tsx ; pads: ScrollView@257{cc.padding=SPACING.base},bare
Memory,src/screens/MemoryScreen.tsx:275,MemoryScreen,Button-link,accentText,label 14/600,4.5,16..W-16,left,scrolling,dense (veil galaxy 0.22 / standard 0.30),VERIFIED,View@271{readError} < ScrollView@257 < View@255{root} < ⟨MemoryScreen⟩ < route:Memory@src/navigation/tabs/DashboardStack.tsx ; pads: ScrollView@257{cc.padding=SPACING.base},bare
MergeConflicts,src/screens/MergeConflictsScreen.tsx:255,MergeConflictsScreen,Text,danger,Text ?,4.5,20..W-20,left,static-body(non-scrolling),dense (veil galaxy 0.22 / standard 0.30),"ESTIMATED(AST-traced, not hand-read)",View@254{root} < ⟨MergeConflictsScreen⟩ < route:MergeConflicts@src/navigation/tabs/DashboardStack.tsx || View@254{root} < ⟨MergeConflictsScreen⟩ < route:MergeConflicts@src/navigation/tabs/DigestStack.tsx || View@254{root} < ⟨MergeConflictsScreen⟩ < route:MergeConflicts@src/navigation/tabs/EventsStack.tsx ; pads: View@254{padding=20},bare
MergeConflicts,src/screens/MergeConflictsScreen.tsx:263,MergeConflictsScreen,Text,textSecondary,Text ?,4.5,20..W-20,left,static-body(non-scrolling),dense (veil galaxy 0.22 / standard 0.30),"ESTIMATED(AST-traced, not hand-read)",View@262{root} < ⟨MergeConflictsScreen⟩ < route:MergeConflicts@src/navigation/tabs/DashboardStack.tsx || View@262{root} < ⟨MergeConflictsScreen⟩ < route:MergeConflicts@src/navigation/tabs/DigestStack.tsx || View@262{root} < ⟨MergeConflictsScreen⟩ < route:MergeConflicts@src/navigation/tabs/EventsStack.tsx ; pads: View@262{padding=20},bare
MergeConflicts,src/screens/MergeConflictsScreen.tsx:287,MergeConflictsScreen,Text,textPrimary,"Text 24/""600""",3.0,20..W-20,left,scrolling,dense (veil galaxy 0.22 / standard 0.30),"ESTIMATED(AST-traced, not hand-read)",ScrollView@286 < ⟨MergeConflictsScreen⟩ < route:MergeConflicts@src/navigation/tabs/DashboardStack.tsx || ScrollView@286 < ⟨MergeConflictsScreen⟩ < route:MergeConflicts@src/navigation/tabs/DigestStack.tsx || ScrollView@286 < ⟨MergeConflictsScreen⟩ < route:MergeConflicts@src/navigation/tabs/EventsStack.tsx ; pads: ScrollView@286{cc.padding=20},bare
MergeConflicts,src/screens/MergeConflictsScreen.tsx:290,MergeConflictsScreen,Text,textSecondary,Text 15,4.5,20..W-20,left,scrolling,dense (veil galaxy 0.22 / standard 0.30),"ESTIMATED(AST-traced, not hand-read)",ScrollView@286 < ⟨MergeConflictsScreen⟩ < route:MergeConflicts@src/navigation/tabs/DashboardStack.tsx || ScrollView@286 < ⟨MergeConflictsScreen⟩ < route:MergeConflicts@src/navigation/tabs/DigestStack.tsx || ScrollView@286 < ⟨MergeConflictsScreen⟩ < route:MergeConflicts@src/navigation/tabs/EventsStack.tsx ; pads: ScrollView@286{cc.padding=20},bare
OffLimitsEditor,src/screens/OffLimitsEditorScreen.tsx:74,OffLimitsEditorScreen,Button-link,accentText,label 14/600,4.5,16..W-16,left(row),top-header(scrolls),dense (veil galaxy 0.22 / standard 0.30),VERIFIED,View@73{header} < ScrollView@72 < ⟨OffLimitsEditorScreen⟩ < route:OffLimitsEditor@src/navigation/tabs/DashboardStack.tsx || View@73{header} < ScrollView@72 < ⟨OffLimitsEditorScreen⟩ < route:OffLimitsEditor@src/navigation/tabs/DigestStack.tsx || View@73{header} < ScrollView@72 < ⟨OffLimitsEditorScreen⟩ < route:OffLimitsEditor@src/navigation/tabs/EventsStack.tsx ; pads: ScrollView@72{cc.padding=SPACING.base},bare
OffLimitsEditor,src/screens/OffLimitsEditorScreen.tsx:79,OffLimitsEditorScreen,AppText,textPrimary(default),display 28/600,3.0,16..W-16,left(row),top-header(scrolls),dense (veil galaxy 0.22 / standard 0.30),VERIFIED,View@73{header} < ScrollView@72 < ⟨OffLimitsEditorScreen⟩ < route:OffLimitsEditor@src/navigation/tabs/DashboardStack.tsx || View@73{header} < ScrollView@72 < ⟨OffLimitsEditorScreen⟩ < route:OffLimitsEditor@src/navigation/tabs/DigestStack.tsx || View@73{header} < ScrollView@72 < ⟨OffLimitsEditorScreen⟩ < route:OffLimitsEditor@src/navigation/tabs/EventsStack.tsx ; pads: ScrollView@72{cc.padding=SPACING.base},bare
OffLimitsEditor,src/screens/OffLimitsEditorScreen.tsx:83,OffLimitsEditorScreen,AppText,textSecondary,body 16/400,4.5,16..W-16,left,scrolling,dense (veil galaxy 0.22 / standard 0.30),VERIFIED,ScrollView@72 < ⟨OffLimitsEditorScreen⟩ < route:OffLimitsEditor@src/navigation/tabs/DashboardStack.tsx || ScrollView@72 < ⟨OffLimitsEditorScreen⟩ < route:OffLimitsEditor@src/navigation/tabs/DigestStack.tsx || ScrollView@72 < ⟨OffLimitsEditorScreen⟩ < route:OffLimitsEditor@src/navigation/tabs/EventsStack.tsx ; pads: ScrollView@72{cc.padding=SPACING.base},bare
RecentlyDeleted,src/screens/RecentlyDeletedScreen.tsx:88,RecentlyDeletedScreen,AppText,textSecondary(default),caption 14/400,4.5,28..W-28,left(row),top-header(fixed),presentation (veil galaxy 0.02 / standard 0.05),"ESTIMATED(AST-traced, not hand-read)",Pressable@82{back} < View@81{header} < View@80{root} < ⟨RecentlyDeletedScreen⟩ < route:RecentlyDeleted@src/navigation/tabs/DashboardStack.tsx || Pressable@82{back} < View@81{header} < View@80{root} < ⟨RecentlyDeletedScreen⟩ < route:RecentlyDeleted@src/navigation/tabs/DigestStack.tsx || Pressable@82{back} < View@81{header} < View@80{root} < ⟨RecentlyDeletedScreen⟩ < route:RecentlyDeleted@src/navigation/tabs/EventsStack.tsx ; pads: Pressable@82{paddingHorizontal=SPACING.md} View@81{padding=SPACING.base},bare
RecentlyDeleted,src/screens/RecentlyDeletedScreen.tsx:90,RecentlyDeletedScreen,AppText,textPrimary(default),display 28/600,3.0,16..W-16,left(row),top-header(fixed),presentation (veil galaxy 0.02 / standard 0.05),"ESTIMATED(AST-traced, not hand-read)",View@81{header} < View@80{root} < ⟨RecentlyDeletedScreen⟩ < route:RecentlyDeleted@src/navigation/tabs/DashboardStack.tsx || View@81{header} < View@80{root} < ⟨RecentlyDeletedScreen⟩ < route:RecentlyDeleted@src/navigation/tabs/DigestStack.tsx || View@81{header} < View@80{root} < ⟨RecentlyDeletedScreen⟩ < route:RecentlyDeleted@src/navigation/tabs/EventsStack.tsx ; pads: View@81{padding=SPACING.base},bare
RecentlyDeleted,src/screens/RecentlyDeletedScreen.tsx:97,RecentlyDeletedScreen,AppText,textPrimary(default),heading 20/600,4.5*,16..W-16,left,scrolling,presentation (veil galaxy 0.02 / standard 0.05),"ESTIMATED(AST-traced, not hand-read)",View@96{empty} < ScrollView@94 < View@80{root} < ⟨RecentlyDeletedScreen⟩ < route:RecentlyDeleted@src/navigation/tabs/DashboardStack.tsx || View@96{empty} < ScrollView@94 < View@80{root} < ⟨RecentlyDeletedScreen⟩ < route:RecentlyDeleted@src/navigation/tabs/DigestStack.tsx || View@96{empty} < ScrollView@94 < View@80{root} < ⟨RecentlyDeletedScreen⟩ < route:RecentlyDeleted@src/navigation/tabs/EventsStack.tsx ; pads: ScrollView@94{cc.padding=SPACING.base},bare
RecentlyDeleted,src/screens/RecentlyDeletedScreen.tsx:98,RecentlyDeletedScreen,AppText,textSecondary,body 16/400,4.5,16..W-16,left,scrolling,presentation (veil galaxy 0.02 / standard 0.05),"ESTIMATED(AST-traced, not hand-read)",View@96{empty} < ScrollView@94 < View@80{root} < ⟨RecentlyDeletedScreen⟩ < route:RecentlyDeleted@src/navigation/tabs/DashboardStack.tsx || View@96{empty} < ScrollView@94 < View@80{root} < ⟨RecentlyDeletedScreen⟩ < route:RecentlyDeleted@src/navigation/tabs/DigestStack.tsx || View@96{empty} < ScrollView@94 < View@80{root} < ⟨RecentlyDeletedScreen⟩ < route:RecentlyDeleted@src/navigation/tabs/EventsStack.tsx ; pads: ScrollView@94{cc.padding=SPACING.base},bare
ReconcileComplete,src/screens/ReconcileCompleteScreen.tsx:81,ReconcileCompleteScreen,Text,textPrimary,"Text 24/""700""",3.0,16..W-16,left,static-body(non-scrolling),dense (veil galaxy 0.22 / standard 0.30),"ESTIMATED(AST-traced, not hand-read)",View@80{root} < ⟨ReconcileCompleteScreen⟩ < route:ReconcileComplete@src/navigation/tabs/SettingsStack.tsx ; pads: View@80{padding=16},bare
ReconcileComplete,src/screens/ReconcileCompleteScreen.tsx:89,ReconcileCompleteScreen,ActivityIndicator,accent,ActivityIndicator ,3.0,16..W-16,centered(alignItems),centered-state,dense (veil galaxy 0.22 / standard 0.30),"ESTIMATED(AST-traced, not hand-read)",View@84{center} < View@80{root} < ⟨ReconcileCompleteScreen⟩ < route:ReconcileComplete@src/navigation/tabs/SettingsStack.tsx ; pads: View@80{padding=16},bare
ReconcileComplete,src/screens/ReconcileCompleteScreen.tsx:90,ReconcileCompleteScreen,Text,textSecondary,Text 15,4.5,16..W-16,centered(alignItems),centered-state,dense (veil galaxy 0.22 / standard 0.30),"ESTIMATED(AST-traced, not hand-read)",View@84{center} < View@80{root} < ⟨ReconcileCompleteScreen⟩ < route:ReconcileComplete@src/navigation/tabs/SettingsStack.tsx ; pads: View@80{padding=16},bare
ReconcileComplete,src/screens/ReconcileCompleteScreen.tsx:99,ReconcileCompleteScreen,Text,textPrimary,"Text 24/""700""",3.0,16..W-16,left,static-body(non-scrolling),dense (veil galaxy 0.22 / standard 0.30),"ESTIMATED(AST-traced, not hand-read)",View@98{root} < ⟨ReconcileCompleteScreen⟩ < route:ReconcileComplete@src/navigation/tabs/SettingsStack.tsx ; pads: View@98{padding=16},bare
ReconcileComplete,src/screens/ReconcileCompleteScreen.tsx:102,ReconcileCompleteScreen,Text,textSecondary,Text 15,4.5,16..W-16,left,static-body(non-scrolling),dense (veil galaxy 0.22 / standard 0.30),"ESTIMATED(AST-traced, not hand-read)",View@98{root} < ⟨ReconcileCompleteScreen⟩ < route:ReconcileComplete@src/navigation/tabs/SettingsStack.tsx ; pads: View@98{padding=16},bare
ReconcileComplete,src/screens/ReconcileCompleteScreen.tsx:122,ReconcileCompleteScreen,Text,textPrimary,"Text 24/""700""",3.0,16..W-16,left,static-body(non-scrolling),dense (veil galaxy 0.22 / standard 0.30),"ESTIMATED(AST-traced, not hand-read)",View@121{root} < ⟨ReconcileCompleteScreen⟩ < route:ReconcileComplete@src/navigation/tabs/SettingsStack.tsx ; pads: View@121{padding=16},bare
ReconcileDetail,src/screens/ReconcileDetailScreen.tsx:407,ReconcileDetailScreen,Text,textPrimary,"Text 24/""600""",3.0,16..W-16,left,static-body(non-scrolling),dense (veil galaxy 0.22 / standard 0.30),"ESTIMATED(AST-traced, not hand-read)",View@406{root} < ⟨ReconcileDetailScreen⟩ < route:ReconcileDetail@src/navigation/tabs/SettingsStack.tsx ; pads: View@406{padding=16},bare
ReconcileDetail,src/screens/ReconcileDetailScreen.tsx:411,ReconcileDetailScreen,Text,textSecondary,Text ?,4.5,16..W-16,left,static-body(non-scrolling),dense (veil galaxy 0.22 / standard 0.30),"ESTIMATED(AST-traced, not hand-read)",View@406{root} < ⟨ReconcileDetailScreen⟩ < route:ReconcileDetail@src/navigation/tabs/SettingsStack.tsx ; pads: View@406{padding=16},bare
ReconcileDetail,src/screens/ReconcileDetailScreen.tsx:413,ReconcileDetailScreen,ActivityIndicator,accent,ActivityIndicator ,3.0,16..W-16,left,static-body(non-scrolling),dense (veil galaxy 0.22 / standard 0.30),"ESTIMATED(AST-traced, not hand-read)",View@406{root} < ⟨ReconcileDetailScreen⟩ < route:ReconcileDetail@src/navigation/tabs/SettingsStack.tsx ; pads: View@406{padding=16},bare
ReconcileDetail,src/screens/ReconcileDetailScreen.tsx:422,ReconcileDetailScreen,Text,textPrimary,Text ?,4.5,32..W-32,left,static-body(non-scrolling),dense (veil galaxy 0.22 / standard 0.30),"ESTIMATED(AST-traced, not hand-read)",Pressable@416{action} < View@406{root} < ⟨ReconcileDetailScreen⟩ < route:ReconcileDetail@src/navigation/tabs/SettingsStack.tsx ; pads: Pressable@416{paddingHorizontal=16} View@406{padding=16},bare
ReconcileDetail,src/screens/ReconcileDetailScreen.tsx:432,ReconcileDetailScreen,Text,textSecondary,Text ?,4.5,16..W-16,left,top-header(fixed),dense (veil galaxy 0.22 / standard 0.30),VERIFIED,Pressable@431 < View@430{header} < View@429{root} < ⟨ReconcileDetailScreen⟩ < route:ReconcileDetail@src/navigation/tabs/SettingsStack.tsx ; pads: View@429{padding=16},bare
ReconcileDetail,src/screens/ReconcileDetailScreen.tsx:434,ReconcileDetailScreen,Text,textPrimary,"Text 24/""600""",3.0,16..W-16,left,top-header(fixed),dense (veil galaxy 0.22 / standard 0.30),VERIFIED,View@430{header} < View@429{root} < ⟨ReconcileDetailScreen⟩ < route:ReconcileDetail@src/navigation/tabs/SettingsStack.tsx ; pads: View@429{padding=16},bare
ReconcileDetail,src/screens/ReconcileDetailScreen.tsx:437,ReconcileDetailScreen,Text,textSecondary,Text 18,4.5,16..W-16,left,top-header(fixed),dense (veil galaxy 0.22 / standard 0.30),VERIFIED,View@430{header} < View@429{root} < ⟨ReconcileDetailScreen⟩ < route:ReconcileDetail@src/navigation/tabs/SettingsStack.tsx ; pads: View@429{padding=16},bare
ReconcileDetail,src/screens/ReconcileDetailScreen.tsx:449,ReconcileDetailScreen,Text,textSecondary,Text 15,4.5,16..W-16,left,static-body(non-scrolling),dense (veil galaxy 0.22 / standard 0.30),VERIFIED,View@441{missingSource} < View@429{root} < ⟨ReconcileDetailScreen⟩ < route:ReconcileDetail@src/navigation/tabs/SettingsStack.tsx ; pads: View@429{padding=16},bare
ReconcileDetail,src/screens/ReconcileDetailScreen.tsx:458,ReconcileDetailScreen,Text,textPrimary,Text ?,4.5,32..W-32,left,static-body(non-scrolling),dense (veil galaxy 0.22 / standard 0.30),VERIFIED,Pressable@453{action} < View@441{missingSource} < View@429{root} < ⟨ReconcileDetailScreen⟩ < route:ReconcileDetail@src/navigation/tabs/SettingsStack.tsx ; pads: Pressable@453{paddingHorizontal=16} View@429{padding=16},bare
ReconcileDetail,src/screens/ReconcileDetailScreen.tsx:465,ReconcileDetailScreen,Text,textPrimary,Text ?,4.5,32..W-32,left,static-body(non-scrolling),dense (veil galaxy 0.22 / standard 0.30),VERIFIED,Pressable@460{action} < View@441{missingSource} < View@429{root} < ⟨ReconcileDetailScreen⟩ < route:ReconcileDetail@src/navigation/tabs/SettingsStack.tsx ; pads: Pressable@460{paddingHorizontal=16} View@429{padding=16},bare
ReconcileDetail,src/screens/ReconcileDetailScreen.tsx:474,ReconcileDetailScreen,Text,danger,Text ?,4.5,32..W-32,left,static-body(non-scrolling),dense (veil galaxy 0.22 / standard 0.30),VERIFIED,Pressable@469{action} < View@441{missingSource} < View@429{root} < ⟨ReconcileDetailScreen⟩ < route:ReconcileDetail@src/navigation/tabs/SettingsStack.tsx ; pads: Pressable@469{paddingHorizontal=16} View@429{padding=16},bare
ReconcileDetail,src/screens/ReconcileDetailScreen.tsx:477,ReconcileDetailScreen,Text,textSecondary,Text ?,4.5,16..W-16,left,static-body(non-scrolling),dense (veil galaxy 0.22 / standard 0.30),VERIFIED,View@441{missingSource} < View@429{root} < ⟨ReconcileDetailScreen⟩ < route:ReconcileDetail@src/navigation/tabs/SettingsStack.tsx ; pads: View@429{padding=16},bare
ReconcileDetail,src/screens/ReconcileDetailScreen.tsx:486,ReconcileDetailScreen,Text,textSecondary,Text ?,4.5,16..W-16,left,top-header(fixed),dense (veil galaxy 0.22 / standard 0.30),"ESTIMATED(AST-traced, not hand-read)",Pressable@485 < View@484{header} < View@483{root} < ⟨ReconcileDetailScreen⟩ < route:ReconcileDetail@src/navigation/tabs/SettingsStack.tsx ; pads: View@483{padding=16},bare
ReconcileDetail,src/screens/ReconcileDetailScreen.tsx:488,ReconcileDetailScreen,Text,textPrimary,"Text 24/""600""",3.0,16..W-16,left,top-header(fixed),dense (veil galaxy 0.22 / standard 0.30),"ESTIMATED(AST-traced, not hand-read)",View@484{header} < View@483{root} < ⟨ReconcileDetailScreen⟩ < route:ReconcileDetail@src/navigation/tabs/SettingsStack.tsx ; pads: View@483{padding=16},bare
ReconcileDetail,src/screens/ReconcileDetailScreen.tsx:491,ReconcileDetailScreen,Text,textSecondary,Text 18,4.5,16..W-16,left,top-header(fixed),dense (veil galaxy 0.22 / standard 0.30),"ESTIMATED(AST-traced, not hand-read)",View@484{header} < View@483{root} < ⟨ReconcileDetailScreen⟩ < route:ReconcileDetail@src/navigation/tabs/SettingsStack.tsx ; pads: View@483{padding=16},bare
ReconcileDetail,src/screens/ReconcileDetailScreen.tsx:499,ReconcileDetailScreen,Text,textSecondary,Text ?,4.5,16..W-16,left,top-header(fixed),dense (veil galaxy 0.22 / standard 0.30),"ESTIMATED(AST-traced, not hand-read)",Pressable@494 < View@484{header} < View@483{root} < ⟨ReconcileDetailScreen⟩ < route:ReconcileDetail@src/navigation/tabs/SettingsStack.tsx ; pads: View@483{padding=16},bare
ReconcileDetail,src/screens/ReconcileDetailScreen.tsx:551,ReconcileDetailScreen,Text,textSecondary,Text ?,4.5,16..W-16,left,scrolling,dense (veil galaxy 0.22 / standard 0.30),"ESTIMATED(AST-traced, not hand-read)",ScrollView@504 < View@483{root} < ⟨ReconcileDetailScreen⟩ < route:ReconcileDetail@src/navigation/tabs/SettingsStack.tsx ; pads: View@483{padding=16},bare
ReconcileGrid,src/screens/ReconcileGridScreen.tsx:433,ReconcileGridScreen,Text,textPrimary,"Text 24/""700""",3.0,0..W-0,left,static-body(non-scrolling),dense (veil galaxy 0.22 / standard 0.30),"ESTIMATED(AST-traced, not hand-read)",View@432{root} < ⟨ReconcileGridScreen⟩ < route:ReconcileGrid@src/navigation/tabs/SettingsStack.tsx,bare
ReconcileGrid,src/screens/ReconcileGridScreen.tsx:437,ReconcileGridScreen,Text,textSecondary,Text 14,4.5,0..W-0,left,static-body(non-scrolling),dense (veil galaxy 0.22 / standard 0.30),"ESTIMATED(AST-traced, not hand-read)",View@432{root} < ⟨ReconcileGridScreen⟩ < route:ReconcileGrid@src/navigation/tabs/SettingsStack.tsx,bare
ReconcileGrid,src/screens/ReconcileGridScreen.tsx:448,ReconcileGridScreen,Text,textPrimary,Text ?,4.5,16..W-16,centered(alignItems),static-body(non-scrolling),dense (veil galaxy 0.22 / standard 0.30),"ESTIMATED(AST-traced, not hand-read)",Pressable@442{settingsButton} < View@432{root} < ⟨ReconcileGridScreen⟩ < route:ReconcileGrid@src/navigation/tabs/SettingsStack.tsx ; pads: Pressable@442{marginHorizontal=16},bare
RestorePreview,src/screens/RestorePreviewScreen.tsx:230,RestorePreviewScreen,Text,textSecondary,Text ?,4.5,32..W-32,left,scrolling,dense (veil galaxy 0.22 / standard 0.30),"ESTIMATED(AST-traced, not hand-read)",Pressable@224{back} < ScrollView@220 < ⟨RestorePreviewScreen⟩ < <RestorePreviewScreen>@src/navigation/tabs/BackupStack.tsx:21 < ⟨RestorePreviewTabRoute⟩ < route:RestorePreview@src/navigation/tabs/BackupStack.tsx || Pressable@224{back} < ScrollView@220 < ⟨RestorePreviewScreen⟩ < <RestorePreviewScreen>@src/navigation/tabs/SettingsStack.tsx:159 < ⟨RestorePreviewSettingsRoute⟩ < route:RestorePreview@src/navigation/tabs/SettingsStack.tsx ; pads: Pressable@224{paddingHorizontal=16} ScrollView@220{cc.padding=16},bare
RestorePreview,src/screens/RestorePreviewScreen.tsx:277,RestorePreviewScreen,Text,textSecondary,Text ?,4.5,32..W-32,left,scrolling,dense (veil galaxy 0.22 / standard 0.30),"ESTIMATED(AST-traced, not hand-read)",Pressable@266{back} < ScrollView@262 < ⟨RestorePreviewScreen⟩ < <RestorePreviewScreen>@src/navigation/tabs/BackupStack.tsx:21 < ⟨RestorePreviewTabRoute⟩ < route:RestorePreview@src/navigation/tabs/BackupStack.tsx || Pressable@266{back} < ScrollView@262 < ⟨RestorePreviewScreen⟩ < <RestorePreviewScreen>@src/navigation/tabs/SettingsStack.tsx:159 < ⟨RestorePreviewSettingsRoute⟩ < route:RestorePreview@src/navigation/tabs/SettingsStack.tsx ; pads: Pressable@266{paddingHorizontal=16} ScrollView@262{cc.padding=16},bare
RestorePreview,src/screens/RestorePreviewScreen.tsx:279,RestorePreviewScreen,Text,textPrimary,"Text 24/""600""",3.0,16..W-16,left,scrolling,dense (veil galaxy 0.22 / standard 0.30),"ESTIMATED(AST-traced, not hand-read)",ScrollView@262 < ⟨RestorePreviewScreen⟩ < <RestorePreviewScreen>@src/navigation/tabs/BackupStack.tsx:21 < ⟨RestorePreviewTabRoute⟩ < route:RestorePreview@src/navigation/tabs/BackupStack.tsx || ScrollView@262 < ⟨RestorePreviewScreen⟩ < <RestorePreviewScreen>@src/navigation/tabs/SettingsStack.tsx:159 < ⟨RestorePreviewSettingsRoute⟩ < route:RestorePreview@src/navigation/tabs/SettingsStack.tsx ; pads: ScrollView@262{cc.padding=16},bare
SettingsAI,src/screens/SettingsAIScreen.tsx:151,SettingsAIScreen,Text,textSecondary,"Text 13/""600""",4.5,16..W-16,left,scrolling,presentation (veil galaxy 0.02 / standard 0.05),VERIFIED,View@150{section} < ScrollView@140 < View@138{root} < ⟨SettingsAIScreen⟩ < <SettingsAIScreen>@src/navigation/tabs/SettingsStack.tsx:142 < ⟨SettingsAIRoute⟩ < route:SettingsAI@src/navigation/tabs/SettingsStack.tsx ; pads: ScrollView@140{cc.padding=16},bare
SettingsAI,src/screens/SettingsAIScreen.tsx:185,SettingsAIScreen,Text,textSecondary,"Text 13/""400""",4.5,16..W-16,left,scrolling,presentation (veil galaxy 0.02 / standard 0.05),VERIFIED,View@150{section} < ScrollView@140 < View@138{root} < ⟨SettingsAIScreen⟩ < <SettingsAIScreen>@src/navigation/tabs/SettingsStack.tsx:142 < ⟨SettingsAIRoute⟩ < route:SettingsAI@src/navigation/tabs/SettingsStack.tsx ; pads: ScrollView@140{cc.padding=16},bare
SettingsAI,src/screens/SettingsAIScreen.tsx:284,SettingsAIScreen,Text,danger,"Text 13/""400""",4.5,16..W-16,left,scrolling,presentation (veil galaxy 0.02 / standard 0.05),VERIFIED,View@150{section} < ScrollView@140 < View@138{root} < ⟨SettingsAIScreen⟩ < <SettingsAIScreen>@src/navigation/tabs/SettingsStack.tsx:142 < ⟨SettingsAIRoute⟩ < route:SettingsAI@src/navigation/tabs/SettingsStack.tsx ; pads: ScrollView@140{cc.padding=16},bare
SettingsAppearance,src/screens/SettingsAppearanceScreen.tsx:535,SettingsAppearanceScreen,Text,textSecondary,"Text 13/""600""",4.5,16..W-16,left,scrolling,presentation (veil galaxy 0.02 / standard 0.05),"ESTIMATED(AST-traced, not hand-read)",View@534{section} < ScrollView@494 < View@492{root} < ⟨SettingsAppearanceScreen⟩ < <SettingsAppearanceScreen>@src/navigation/tabs/SettingsStack.tsx:126 < ⟨SettingsAppearanceRoute⟩ < route:SettingsAppearance@src/navigation/tabs/SettingsStack.tsx ; pads: ScrollView@494{cc.padding=16},bare
SettingsAppearance,src/screens/SettingsAppearanceScreen.tsx:799,SettingsAppearanceScreen,Text,textSecondary,"Text 13/""600""",4.5,16..W-16,left,scrolling,presentation (veil galaxy 0.02 / standard 0.05),"ESTIMATED(AST-traced, not hand-read)",View@798{section} < ScrollView@494 < View@492{root} < ⟨SettingsAppearanceScreen⟩ < <SettingsAppearanceScreen>@src/navigation/tabs/SettingsStack.tsx:126 < ⟨SettingsAppearanceRoute⟩ < route:SettingsAppearance@src/navigation/tabs/SettingsStack.tsx ; pads: ScrollView@494{cc.padding=16},bare
SettingsAppearance,src/screens/SettingsAppearanceScreen.tsx:884,SettingsAppearanceScreen,Text,textSecondary,"Text 13/""600""",4.5,16..W-16,left,scrolling,presentation (veil galaxy 0.02 / standard 0.05),"ESTIMATED(AST-traced, not hand-read)",View@883{section} < ScrollView@494 < View@492{root} < ⟨SettingsAppearanceScreen⟩ < <SettingsAppearanceScreen>@src/navigation/tabs/SettingsStack.tsx:126 < ⟨SettingsAppearanceRoute⟩ < route:SettingsAppearance@src/navigation/tabs/SettingsStack.tsx ; pads: ScrollView@494{cc.padding=16},bare
SettingsAppearance,src/screens/SettingsAppearanceScreen.tsx:1050,SettingsAppearanceScreen,Text,textSecondary,"Text 13/""600""",4.5,16..W-16,left,scrolling,presentation (veil galaxy 0.02 / standard 0.05),"ESTIMATED(AST-traced, not hand-read)",View@1049{section} < ScrollView@494 < View@492{root} < ⟨SettingsAppearanceScreen⟩ < <SettingsAppearanceScreen>@src/navigation/tabs/SettingsStack.tsx:126 < ⟨SettingsAppearanceRoute⟩ < route:SettingsAppearance@src/navigation/tabs/SettingsStack.tsx ; pads: ScrollView@494{cc.padding=16},bare
SettingsAppearance,src/screens/SettingsAppearanceScreen.tsx:1074,SettingsAppearanceScreen,Text,textSecondary,"Text 13/""400""",4.5,16..W-16,left,scrolling,presentation (veil galaxy 0.02 / standard 0.05),"ESTIMATED(AST-traced, not hand-read)",View@1049{section} < ScrollView@494 < View@492{root} < ⟨SettingsAppearanceScreen⟩ < <SettingsAppearanceScreen>@src/navigation/tabs/SettingsStack.tsx:126 < ⟨SettingsAppearanceRoute⟩ < route:SettingsAppearance@src/navigation/tabs/SettingsStack.tsx ; pads: ScrollView@494{cc.padding=16},bare
SettingsContacts,src/screens/SettingsContactsScreen.tsx:383,SettingsContactsScreen,Text,textSecondary,"Text 13/""600""",4.5,16..W-16,left,scrolling,presentation (veil galaxy 0.02 / standard 0.05),"ESTIMATED(AST-traced, not hand-read)",View@378{section} < ScrollView@370 < View@368{root} < ⟨SettingsContactsScreen⟩ < <SettingsContactsScreen>@src/navigation/tabs/SettingsStack.tsx:130 < ⟨SettingsContactsRoute⟩ < route:SettingsContacts@src/navigation/tabs/SettingsStack.tsx ; pads: ScrollView@370{cc.padding=16},bare
Settings,src/screens/SettingsHubScreen.tsx:135,SettingsHubScreen,Text,textSecondary,"Text 13/""400""",4.5,16..W-16,left,scrolling,dense (veil galaxy 0.22 / standard 0.30),VERIFIED,View@105 < ScrollView@80 < View@78{root} < ⟨SettingsHubScreen⟩ < route:Settings@src/navigation/tabs/SettingsStack.tsx ; pads: ScrollView@80{cc.padding=16},bare
SettingsInteractions,src/screens/SettingsInteractionsScreen.tsx:117,SettingsInteractionsScreen,AppText,textPrimary,heading 20/600,4.5*,16..W-16,left,scrolling,presentation (veil galaxy 0.02 / standard 0.05),"ESTIMATED(AST-traced, not hand-read)",View@116{section} < ⟨local renderChipSection⟩ < ScrollView@166 < View@164{root} < ⟨SettingsInteractionsScreen⟩ < <SettingsInteractionsScreen>@src/navigation/tabs/SettingsStack.tsx:118 < ⟨SettingsInteractionsRoute⟩ < route:SettingsInteractions@src/navigation/tabs/SettingsStack.tsx || View@116{section} < ⟨local renderChipSection⟩ < ScrollView@166 < View@164{root} < ⟨SettingsInteractionsScreen⟩ < <SettingsInteractionsScreen>@src/navigation/tabs/SettingsStack.tsx:118 < ⟨SettingsInteractionsRoute⟩ < route:SettingsInteractions@src/navigation/tabs/SettingsStack.tsx || View@116{section} < ⟨local renderChipSection⟩ < ScrollView@166 < View@164{root} < ⟨SettingsInteractionsScreen⟩ < <SettingsInteractionsScreen>@src/navigation/tabs/SettingsStack.tsx:118 < ⟨SettingsInteractionsRoute⟩ < route:SettingsInteractions@src/navigation/tabs/SettingsStack.tsx ; pads: ScrollView@166{cc.padding=SPACING.base},bare
SettingsInteractions,src/screens/SettingsInteractionsScreen.tsx:124,SettingsInteractionsScreen,AppText,textSecondary,caption 14/400,4.5,16..W-16,left,scrolling,presentation (veil galaxy 0.02 / standard 0.05),"ESTIMATED(AST-traced, not hand-read)",View@116{section} < ⟨local renderChipSection⟩ < ScrollView@166 < View@164{root} < ⟨SettingsInteractionsScreen⟩ < <SettingsInteractionsScreen>@src/navigation/tabs/SettingsStack.tsx:118 < ⟨SettingsInteractionsRoute⟩ < route:SettingsInteractions@src/navigation/tabs/SettingsStack.tsx || View@116{section} < ⟨local renderChipSection⟩ < ScrollView@166 < View@164{root} < ⟨SettingsInteractionsScreen⟩ < <SettingsInteractionsScreen>@src/navigation/tabs/SettingsStack.tsx:118 < ⟨SettingsInteractionsRoute⟩ < route:SettingsInteractions@src/navigation/tabs/SettingsStack.tsx || View@116{section} < ⟨local renderChipSection⟩ < ScrollView@166 < View@164{root} < ⟨SettingsInteractionsScreen⟩ < <SettingsInteractionsScreen>@src/navigation/tabs/SettingsStack.tsx:118 < ⟨SettingsInteractionsRoute⟩ < route:SettingsInteractions@src/navigation/tabs/SettingsStack.tsx ; pads: ScrollView@166{cc.padding=SPACING.base},bare
SettingsInteractions,src/screens/SettingsInteractionsScreen.tsx:210,SettingsInteractionsScreen,AppText,textPrimary,heading 20/600,4.5*,16..W-16,left(row),scrolling,presentation (veil galaxy 0.02 / standard 0.05),"ESTIMATED(AST-traced, not hand-read)",View@209{toggleRow} < View@205{section} < ScrollView@166 < View@164{root} < ⟨SettingsInteractionsScreen⟩ < <SettingsInteractionsScreen>@src/navigation/tabs/SettingsStack.tsx:118 < ⟨SettingsInteractionsRoute⟩ < route:SettingsInteractions@src/navigation/tabs/SettingsStack.tsx ; pads: ScrollView@166{cc.padding=SPACING.base},bare
SettingsInteractions,src/screens/SettingsInteractionsScreen.tsx:232,SettingsInteractionsScreen,AppText,textSecondary,caption 14/400,4.5,16..W-16,left,scrolling,presentation (veil galaxy 0.02 / standard 0.05),"ESTIMATED(AST-traced, not hand-read)",View@205{section} < ScrollView@166 < View@164{root} < ⟨SettingsInteractionsScreen⟩ < <SettingsInteractionsScreen>@src/navigation/tabs/SettingsStack.tsx:118 < ⟨SettingsInteractionsRoute⟩ < route:SettingsInteractions@src/navigation/tabs/SettingsStack.tsx ; pads: ScrollView@166{cc.padding=SPACING.base},bare
SettingsNotifications,src/screens/SettingsNotificationsScreen.tsx:237,SettingsNotificationsScreen,Text,textSecondary,"Text 13/""600""",4.5,16..W-16,left,scrolling,presentation (veil galaxy 0.02 / standard 0.05),"ESTIMATED(AST-traced, not hand-read)",View@236{section} < ScrollView@228 < View@226{root} < ⟨SettingsNotificationsScreen⟩ < <SettingsNotificationsScreen>@src/navigation/tabs/SettingsStack.tsx:134 < ⟨SettingsNotificationsRoute⟩ < route:SettingsNotifications@src/navigation/tabs/SettingsStack.tsx ; pads: ScrollView@228{cc.padding=16},bare
SettingsNotifications,src/screens/SettingsNotificationsScreen.tsx:342,SettingsNotificationsScreen,Text,danger,"Text 13/""400""",4.5,16..W-16,left,scrolling,presentation (veil galaxy 0.02 / standard 0.05),"ESTIMATED(AST-traced, not hand-read)",View@236{section} < ScrollView@228 < View@226{root} < ⟨SettingsNotificationsScreen⟩ < <SettingsNotificationsScreen>@src/navigation/tabs/SettingsStack.tsx:134 < ⟨SettingsNotificationsRoute⟩ < route:SettingsNotifications@src/navigation/tabs/SettingsStack.tsx ; pads: ScrollView@228{cc.padding=16},bare
SettingsNotifications,src/screens/SettingsNotificationsScreen.tsx:354,SettingsNotificationsScreen,Text,textSecondary,"Text 13/""600""",4.5,16..W-16,left,scrolling,presentation (veil galaxy 0.02 / standard 0.05),"ESTIMATED(AST-traced, not hand-read)",View@353{section} < ScrollView@228 < View@226{root} < ⟨SettingsNotificationsScreen⟩ < <SettingsNotificationsScreen>@src/navigation/tabs/SettingsStack.tsx:134 < ⟨SettingsNotificationsRoute⟩ < route:SettingsNotifications@src/navigation/tabs/SettingsStack.tsx ; pads: ScrollView@228{cc.padding=16},bare
SettingsNotifications,src/screens/SettingsNotificationsScreen.tsx:402,SettingsNotificationsScreen,Text,textSecondary,"Text 13/""600""",4.5,16..W-16,left,scrolling,presentation (veil galaxy 0.02 / standard 0.05),"ESTIMATED(AST-traced, not hand-read)",View@401{section} < ScrollView@228 < View@226{root} < ⟨SettingsNotificationsScreen⟩ < <SettingsNotificationsScreen>@src/navigation/tabs/SettingsStack.tsx:134 < ⟨SettingsNotificationsRoute⟩ < route:SettingsNotifications@src/navigation/tabs/SettingsStack.tsx ; pads: ScrollView@228{cc.padding=16},bare
SettingsNotifications,src/screens/SettingsNotificationsScreen.tsx:494,SettingsNotificationsScreen,Text,textSecondary,"Text 13/""600""",4.5,16..W-16,left,scrolling,presentation (veil galaxy 0.02 / standard 0.05),"ESTIMATED(AST-traced, not hand-read)",View@493{section} < ScrollView@228 < View@226{root} < ⟨SettingsNotificationsScreen⟩ < <SettingsNotificationsScreen>@src/navigation/tabs/SettingsStack.tsx:134 < ⟨SettingsNotificationsRoute⟩ < route:SettingsNotifications@src/navigation/tabs/SettingsStack.tsx ; pads: ScrollView@228{cc.padding=16},bare
SettingsNotifications,src/screens/SettingsNotificationsScreen.tsx:547,SettingsNotificationsScreen,Text,textSecondary,"Text 13/""600""",4.5,16..W-16,left,scrolling,presentation (veil galaxy 0.02 / standard 0.05),"ESTIMATED(AST-traced, not hand-read)",View@546{section} < ScrollView@228 < View@226{root} < ⟨SettingsNotificationsScreen⟩ < <SettingsNotificationsScreen>@src/navigation/tabs/SettingsStack.tsx:134 < ⟨SettingsNotificationsRoute⟩ < route:SettingsNotifications@src/navigation/tabs/SettingsStack.tsx ; pads: ScrollView@228{cc.padding=16},bare
SettingsNotifications,src/screens/SettingsNotificationsScreen.tsx:658,SettingsNotificationsScreen,Text,textSecondary,"Text 13/""400""",4.5,16..W-16,left,scrolling,presentation (veil galaxy 0.02 / standard 0.05),"ESTIMATED(AST-traced, not hand-read)",View@546{section} < ScrollView@228 < View@226{root} < ⟨SettingsNotificationsScreen⟩ < <SettingsNotificationsScreen>@src/navigation/tabs/SettingsStack.tsx:134 < ⟨SettingsNotificationsRoute⟩ < route:SettingsNotifications@src/navigation/tabs/SettingsStack.tsx ; pads: ScrollView@228{cc.padding=16},bare
SettingsNotifications,src/screens/SettingsNotificationsScreen.tsx:675,SettingsNotificationsScreen,Text,textSecondary,"Text 13/""600""",4.5,16..W-16,left,scrolling,presentation (veil galaxy 0.02 / standard 0.05),"ESTIMATED(AST-traced, not hand-read)",View@674{section} < ScrollView@228 < View@226{root} < ⟨SettingsNotificationsScreen⟩ < <SettingsNotificationsScreen>@src/navigation/tabs/SettingsStack.tsx:134 < ⟨SettingsNotificationsRoute⟩ < route:SettingsNotifications@src/navigation/tabs/SettingsStack.tsx ; pads: ScrollView@228{cc.padding=16},bare
SettingsOrrery,src/screens/SettingsOrreryScreen.tsx:85,SettingsOrreryScreen,Text,textSecondary,"Text 13/""600""",4.5,16..W-16,left,scrolling,presentation (veil galaxy 0.02 / standard 0.05),"ESTIMATED(AST-traced, not hand-read)",View@84{section} < ScrollView@75 < View@73{root} < ⟨SettingsOrreryScreen⟩ < <SettingsOrreryScreen>@src/navigation/tabs/SettingsStack.tsx:138 < ⟨SettingsOrreryRoute⟩ < route:SettingsOrrery@src/navigation/tabs/SettingsStack.tsx ; pads: ScrollView@75{cc.padding=16},bare
SettingsOrrery,src/screens/SettingsOrreryScreen.tsx:171,SettingsOrreryScreen,Text,textSecondary,"Text 13/""400""",4.5,16..W-16,left,scrolling,presentation (veil galaxy 0.02 / standard 0.05),"ESTIMATED(AST-traced, not hand-read)",View@84{section} < ScrollView@75 < View@73{root} < ⟨SettingsOrreryScreen⟩ < <SettingsOrreryScreen>@src/navigation/tabs/SettingsStack.tsx:138 < ⟨SettingsOrreryRoute⟩ < route:SettingsOrrery@src/navigation/tabs/SettingsStack.tsx ; pads: ScrollView@75{cc.padding=16},bare
SettingsOrrery,src/screens/SettingsOrreryScreen.tsx:219,SettingsOrreryScreen,Text,textSecondary,"Text 13/""600""",4.5,16..W-16,left,scrolling,presentation (veil galaxy 0.02 / standard 0.05),"ESTIMATED(AST-traced, not hand-read)",View@218{section} < ScrollView@75 < View@73{root} < ⟨SettingsOrreryScreen⟩ < <SettingsOrreryScreen>@src/navigation/tabs/SettingsStack.tsx:138 < ⟨SettingsOrreryRoute⟩ < route:SettingsOrrery@src/navigation/tabs/SettingsStack.tsx ; pads: ScrollView@75{cc.padding=16},bare
SurvivorSelect,src/screens/SurvivorSelectScreen.tsx:58,SurvivorSelectScreen,Text,textPrimary,"Text 24/""600""",3.0,20..W-20,left,top-fixed,dense (veil galaxy 0.22 / standard 0.30),"ESTIMATED(AST-traced, not hand-read)",View@57{root} < ⟨SurvivorSelectScreen⟩ < route:SurvivorSelect@src/navigation/tabs/DashboardStack.tsx || View@57{root} < ⟨SurvivorSelectScreen⟩ < route:SurvivorSelect@src/navigation/tabs/DigestStack.tsx || View@57{root} < ⟨SurvivorSelectScreen⟩ < route:SurvivorSelect@src/navigation/tabs/EventsStack.tsx ; pads: View@57{padding=20},bare
SurvivorSelect,src/screens/SurvivorSelectScreen.tsx:83,SurvivorSelectScreen,Text,textPrimary,"Text 24/""600""",3.0,20..W-20,left,static-body(non-scrolling),dense (veil galaxy 0.22 / standard 0.30),"ESTIMATED(AST-traced, not hand-read)",View@82{root} < ⟨SurvivorSelectScreen⟩ < route:SurvivorSelect@src/navigation/tabs/DashboardStack.tsx || View@82{root} < ⟨SurvivorSelectScreen⟩ < route:SurvivorSelect@src/navigation/tabs/DigestStack.tsx || View@82{root} < ⟨SurvivorSelectScreen⟩ < route:SurvivorSelect@src/navigation/tabs/EventsStack.tsx ; pads: View@82{padding=20},bare
SystemsManagement,src/screens/SystemsManagementScreen.tsx:556,SystemsManagementScreen,AppText,danger,body 16/400,4.5,16..W-16,left,top-fixed,dense (veil galaxy 0.22 / standard 0.30),VERIFIED,View@554{content} < View@552{root} < ⟨SystemsManagementScreen⟩ < route:SystemsManagement@src/navigation/tabs/OrreryStack.tsx || View@554{content} < View@552{root} < ⟨SystemsManagementScreen⟩ < route:SystemsManagement@src/navigation/tabs/SettingsStack.tsx ; pads: View@554{padding=SPACING.base},bare
SystemsManagement,src/screens/SystemsManagementScreen.tsx:569,SystemsManagementScreen,AppText,textPrimary(default),body 16/400,4.5,16..W-16,left,top-fixed,dense (veil galaxy 0.22 / standard 0.30),VERIFIED,View@554{content} < View@552{root} < ⟨SystemsManagementScreen⟩ < route:SystemsManagement@src/navigation/tabs/OrreryStack.tsx || View@554{content} < View@552{root} < ⟨SystemsManagementScreen⟩ < route:SystemsManagement@src/navigation/tabs/SettingsStack.tsx ; pads: View@554{padding=SPACING.base},bare
ThingsToRemember,src/screens/ThingsToRememberScreen.tsx:468,ThingsToRememberScreen,AppText,textPrimary(default),heading 20/600,4.5*,32..W-32,left(row),scrolling,presentation (veil galaxy 0.02 / standard 0.05),VERIFIED,View@467{visibilityCopy} < View@466{switchRow} < View@462{group} < ScrollView@435 < ⟨ThingsToRememberScreen⟩ < route:ThingsToRemember@src/navigation/tabs/DashboardStack.tsx || View@467{visibilityCopy} < View@466{switchRow} < View@462{group} < ScrollView@435 < ⟨ThingsToRememberScreen⟩ < route:ThingsToRemember@src/navigation/tabs/DigestStack.tsx || View@467{visibilityCopy} < View@466{switchRow} < View@462{group} < ScrollView@435 < ⟨ThingsToRememberScreen⟩ < route:ThingsToRemember@src/navigation/tabs/EventsStack.tsx ; pads: View@462{padding=SPACING.base} ScrollView@435{cc.padding=SPACING.base},bare
ThingsToRemember,src/screens/ThingsToRememberScreen.tsx:469,ThingsToRememberScreen,AppText,textSecondary,caption 14/400,4.5,32..W-32,left(row),scrolling,presentation (veil galaxy 0.02 / standard 0.05),VERIFIED,View@467{visibilityCopy} < View@466{switchRow} < View@462{group} < ScrollView@435 < ⟨ThingsToRememberScreen⟩ < route:ThingsToRemember@src/navigation/tabs/DashboardStack.tsx || View@467{visibilityCopy} < View@466{switchRow} < View@462{group} < ScrollView@435 < ⟨ThingsToRememberScreen⟩ < route:ThingsToRemember@src/navigation/tabs/DigestStack.tsx || View@467{visibilityCopy} < View@466{switchRow} < View@462{group} < ScrollView@435 < ⟨ThingsToRememberScreen⟩ < route:ThingsToRemember@src/navigation/tabs/EventsStack.tsx ; pads: View@462{padding=SPACING.base} ScrollView@435{cc.padding=SPACING.base},bare
ThingsToRemember,src/screens/ThingsToRememberScreen.tsx:494,ThingsToRememberScreen,AppText,textPrimary(default),heading 20/600,4.5*,32..W-32,left,scrolling,presentation (veil galaxy 0.02 / standard 0.05),"ESTIMATED(AST-traced, not hand-read)",View@493{group} < ScrollView@435 < ⟨ThingsToRememberScreen⟩ < route:ThingsToRemember@src/navigation/tabs/DashboardStack.tsx || View@493{group} < ScrollView@435 < ⟨ThingsToRememberScreen⟩ < route:ThingsToRemember@src/navigation/tabs/DigestStack.tsx || View@493{group} < ScrollView@435 < ⟨ThingsToRememberScreen⟩ < route:ThingsToRemember@src/navigation/tabs/EventsStack.tsx ; pads: View@493{padding=SPACING.base} ScrollView@435{cc.padding=SPACING.base},bare
ThingsToRemember,src/screens/ThingsToRememberScreen.tsx:497,ThingsToRememberScreen,AppText,textSecondary,label 14/600,4.5,32..W-32,left,scrolling,presentation (veil galaxy 0.02 / standard 0.05),"ESTIMATED(AST-traced, not hand-read)",View@496{readOnlyRow} < View@493{group} < ScrollView@435 < ⟨ThingsToRememberScreen⟩ < route:ThingsToRemember@src/navigation/tabs/DashboardStack.tsx || View@496{readOnlyRow} < View@493{group} < ScrollView@435 < ⟨ThingsToRememberScreen⟩ < route:ThingsToRemember@src/navigation/tabs/DigestStack.tsx || View@496{readOnlyRow} < View@493{group} < ScrollView@435 < ⟨ThingsToRememberScreen⟩ < route:ThingsToRemember@src/navigation/tabs/EventsStack.tsx ; pads: View@493{padding=SPACING.base} ScrollView@435{cc.padding=SPACING.base},bare
ThingsToRemember,src/screens/ThingsToRememberScreen.tsx:500,ThingsToRememberScreen,AppText,textPrimary(default),body 16/400,4.5,32..W-32,left,scrolling,presentation (veil galaxy 0.02 / standard 0.05),"ESTIMATED(AST-traced, not hand-read)",View@496{readOnlyRow} < View@493{group} < ScrollView@435 < ⟨ThingsToRememberScreen⟩ < route:ThingsToRemember@src/navigation/tabs/DashboardStack.tsx || View@496{readOnlyRow} < View@493{group} < ScrollView@435 < ⟨ThingsToRememberScreen⟩ < route:ThingsToRemember@src/navigation/tabs/DigestStack.tsx || View@496{readOnlyRow} < View@493{group} < ScrollView@435 < ⟨ThingsToRememberScreen⟩ < route:ThingsToRemember@src/navigation/tabs/EventsStack.tsx ; pads: View@493{padding=SPACING.base} ScrollView@435{cc.padding=SPACING.base},bare
ThingsToRemember,src/screens/ThingsToRememberScreen.tsx:508,ThingsToRememberScreen,AppText,textPrimary(default),label 14/600,4.5,32..W-32,left,scrolling,presentation (veil galaxy 0.02 / standard 0.05),VERIFIED,View@507{currentStateRow} < View@493{group} < ScrollView@435 < ⟨ThingsToRememberScreen⟩ < route:ThingsToRemember@src/navigation/tabs/DashboardStack.tsx || View@507{currentStateRow} < View@493{group} < ScrollView@435 < ⟨ThingsToRememberScreen⟩ < route:ThingsToRemember@src/navigation/tabs/DigestStack.tsx || View@507{currentStateRow} < View@493{group} < ScrollView@435 < ⟨ThingsToRememberScreen⟩ < route:ThingsToRemember@src/navigation/tabs/EventsStack.tsx ; pads: View@493{padding=SPACING.base} ScrollView@435{cc.padding=SPACING.base},bare
ThingsToRemember,src/screens/ThingsToRememberScreen.tsx:511,ThingsToRememberScreen,AppText,textPrimary(default),body 16/400,4.5,32..W-32,left,scrolling,presentation (veil galaxy 0.02 / standard 0.05),VERIFIED,View@507{currentStateRow} < View@493{group} < ScrollView@435 < ⟨ThingsToRememberScreen⟩ < route:ThingsToRemember@src/navigation/tabs/DashboardStack.tsx || View@507{currentStateRow} < View@493{group} < ScrollView@435 < ⟨ThingsToRememberScreen⟩ < route:ThingsToRemember@src/navigation/tabs/DigestStack.tsx || View@507{currentStateRow} < View@493{group} < ScrollView@435 < ⟨ThingsToRememberScreen⟩ < route:ThingsToRemember@src/navigation/tabs/EventsStack.tsx ; pads: View@493{padding=SPACING.base} ScrollView@435{cc.padding=SPACING.base},bare
ThingsToRemember,src/screens/ThingsToRememberScreen.tsx:512,ThingsToRememberScreen,AppText,textSecondary,caption 14/400,4.5,32..W-32,left,scrolling,presentation (veil galaxy 0.02 / standard 0.05),VERIFIED,View@507{currentStateRow} < View@493{group} < ScrollView@435 < ⟨ThingsToRememberScreen⟩ < route:ThingsToRemember@src/navigation/tabs/DashboardStack.tsx || View@507{currentStateRow} < View@493{group} < ScrollView@435 < ⟨ThingsToRememberScreen⟩ < route:ThingsToRemember@src/navigation/tabs/DigestStack.tsx || View@507{currentStateRow} < View@493{group} < ScrollView@435 < ⟨ThingsToRememberScreen⟩ < route:ThingsToRemember@src/navigation/tabs/EventsStack.tsx ; pads: View@493{padding=SPACING.base} ScrollView@435{cc.padding=SPACING.base},bare
ThingsToRemember,src/screens/ThingsToRememberScreen.tsx:525,ThingsToRememberScreen,AppText,accent,caption 14/400,4.5,40..W-40,centered(alignItems),scrolling,presentation (veil galaxy 0.02 / standard 0.05),VERIFIED,Pressable@516{action} < View@515{actions} < View@507{currentStateRow} < View@493{group} < ScrollView@435 < ⟨ThingsToRememberScreen⟩ < route:ThingsToRemember@src/navigation/tabs/DashboardStack.tsx || Pressable@516{action} < View@515{actions} < View@507{currentStateRow} < View@493{group} < ScrollView@435 < ⟨ThingsToRememberScreen⟩ < route:ThingsToRemember@src/navigation/tabs/DigestStack.tsx || Pressable@516{action} < View@515{actions} < View@507{currentStateRow} < View@493{group} < ScrollView@435 < ⟨ThingsToRememberScreen⟩ < route:ThingsToRemember@src/navigation/tabs/EventsStack.tsx ; pads: Pressable@516{paddingHorizontal=SPACING.sm} View@493{padding=SPACING.base} ScrollView@435{cc.padding=SPACING.base},bare
ThingsToRemember,src/screens/ThingsToRememberScreen.tsx:540,ThingsToRememberScreen,AppText,accent,caption 14/400,4.5,40..W-40,centered(alignItems),scrolling,presentation (veil galaxy 0.02 / standard 0.05),VERIFIED,Pressable@529{action} < View@515{actions} < View@507{currentStateRow} < View@493{group} < ScrollView@435 < ⟨ThingsToRememberScreen⟩ < route:ThingsToRemember@src/navigation/tabs/DashboardStack.tsx || Pressable@529{action} < View@515{actions} < View@507{currentStateRow} < View@493{group} < ScrollView@435 < ⟨ThingsToRememberScreen⟩ < route:ThingsToRemember@src/navigation/tabs/DigestStack.tsx || Pressable@529{action} < View@515{actions} < View@507{currentStateRow} < View@493{group} < ScrollView@435 < ⟨ThingsToRememberScreen⟩ < route:ThingsToRemember@src/navigation/tabs/EventsStack.tsx ; pads: Pressable@529{paddingHorizontal=SPACING.sm} View@493{padding=SPACING.base} ScrollView@435{cc.padding=SPACING.base},bare
ThingsToRemember,src/screens/ThingsToRememberScreen.tsx:568,ThingsToRememberScreen,AppText,accent,caption 14/400,4.5,40..W-40,centered(alignItems),scrolling,presentation (veil galaxy 0.02 / standard 0.05),"ESTIMATED(AST-traced, not hand-read)",Pressable@562{action} < View@546{inlineDraft} < View@507{currentStateRow} < View@493{group} < ScrollView@435 < ⟨ThingsToRememberScreen⟩ < route:ThingsToRemember@src/navigation/tabs/DashboardStack.tsx || Pressable@562{action} < View@546{inlineDraft} < View@507{currentStateRow} < View@493{group} < ScrollView@435 < ⟨ThingsToRememberScreen⟩ < route:ThingsToRemember@src/navigation/tabs/DigestStack.tsx || Pressable@562{action} < View@546{inlineDraft} < View@507{currentStateRow} < View@493{group} < ScrollView@435 < ⟨ThingsToRememberScreen⟩ < route:ThingsToRemember@src/navigation/tabs/EventsStack.tsx ; pads: Pressable@562{paddingHorizontal=SPACING.sm} View@493{padding=SPACING.base} ScrollView@435{cc.padding=SPACING.base},bare
ThingsToRemember,src/screens/ThingsToRememberScreen.tsx:583,ThingsToRememberScreen,AppText,textPrimary(default),heading 20/600,4.5*,32..W-32,left,scrolling,presentation (veil galaxy 0.02 / standard 0.05),"ESTIMATED(AST-traced, not hand-read)",View@579{group} < ScrollView@435 < ⟨ThingsToRememberScreen⟩ < route:ThingsToRemember@src/navigation/tabs/DashboardStack.tsx || View@579{group} < ScrollView@435 < ⟨ThingsToRememberScreen⟩ < route:ThingsToRemember@src/navigation/tabs/DigestStack.tsx || View@579{group} < ScrollView@435 < ⟨ThingsToRememberScreen⟩ < route:ThingsToRemember@src/navigation/tabs/EventsStack.tsx ; pads: View@579{padding=SPACING.base} ScrollView@435{cc.padding=SPACING.base},bare
ThingsToRemember,src/screens/ThingsToRememberScreen.tsx:586,ThingsToRememberScreen,AppText,textSecondary,label 14/600,4.5,32..W-32,left,scrolling,presentation (veil galaxy 0.02 / standard 0.05),"ESTIMATED(AST-traced, not hand-read)",View@585{readOnlyRow} < View@579{group} < ScrollView@435 < ⟨ThingsToRememberScreen⟩ < route:ThingsToRemember@src/navigation/tabs/DashboardStack.tsx || View@585{readOnlyRow} < View@579{group} < ScrollView@435 < ⟨ThingsToRememberScreen⟩ < route:ThingsToRemember@src/navigation/tabs/DigestStack.tsx || View@585{readOnlyRow} < View@579{group} < ScrollView@435 < ⟨ThingsToRememberScreen⟩ < route:ThingsToRemember@src/navigation/tabs/EventsStack.tsx ; pads: View@579{padding=SPACING.base} ScrollView@435{cc.padding=SPACING.base},bare
ThingsToRemember,src/screens/ThingsToRememberScreen.tsx:589,ThingsToRememberScreen,AppText,textPrimary(default),body 16/400,4.5,32..W-32,left,scrolling,presentation (veil galaxy 0.02 / standard 0.05),"ESTIMATED(AST-traced, not hand-read)",View@585{readOnlyRow} < View@579{group} < ScrollView@435 < ⟨ThingsToRememberScreen⟩ < route:ThingsToRemember@src/navigation/tabs/DashboardStack.tsx || View@585{readOnlyRow} < View@579{group} < ScrollView@435 < ⟨ThingsToRememberScreen⟩ < route:ThingsToRemember@src/navigation/tabs/DigestStack.tsx || View@585{readOnlyRow} < View@579{group} < ScrollView@435 < ⟨ThingsToRememberScreen⟩ < route:ThingsToRemember@src/navigation/tabs/EventsStack.tsx ; pads: View@579{padding=SPACING.base} ScrollView@435{cc.padding=SPACING.base},bare
ThingsToRemember,src/screens/ThingsToRememberScreen.tsx:595,ThingsToRememberScreen,AppText,textPrimary(default),heading 20/600,4.5*,32..W-32,left,scrolling,presentation (veil galaxy 0.02 / standard 0.05),"ESTIMATED(AST-traced, not hand-read)",View@594{group} < ScrollView@435 < ⟨ThingsToRememberScreen⟩ < route:ThingsToRemember@src/navigation/tabs/DashboardStack.tsx || View@594{group} < ScrollView@435 < ⟨ThingsToRememberScreen⟩ < route:ThingsToRemember@src/navigation/tabs/DigestStack.tsx || View@594{group} < ScrollView@435 < ⟨ThingsToRememberScreen⟩ < route:ThingsToRemember@src/navigation/tabs/EventsStack.tsx ; pads: View@594{padding=SPACING.base} ScrollView@435{cc.padding=SPACING.base},bare
ThingsToRemember,src/screens/ThingsToRememberScreen.tsx:615,ThingsToRememberScreen,AppText,textPrimary(default),heading 20/600,4.5*,32..W-32,left,scrolling,presentation (veil galaxy 0.02 / standard 0.05),"ESTIMATED(AST-traced, not hand-read)",View@610{group} < ScrollView@435 < ⟨ThingsToRememberScreen⟩ < route:ThingsToRemember@src/navigation/tabs/DashboardStack.tsx || View@610{group} < ScrollView@435 < ⟨ThingsToRememberScreen⟩ < route:ThingsToRemember@src/navigation/tabs/DigestStack.tsx || View@610{group} < ScrollView@435 < ⟨ThingsToRememberScreen⟩ < route:ThingsToRemember@src/navigation/tabs/EventsStack.tsx ; pads: View@610{padding=SPACING.base} ScrollView@435{cc.padding=SPACING.base},bare
ThingsToRemember,src/screens/ThingsToRememberScreen.tsx:639,ThingsToRememberScreen,AppText,accent,caption 14/400,4.5,40..W-40,centered(alignItems),scrolling,presentation (veil galaxy 0.02 / standard 0.05),"ESTIMATED(AST-traced, not hand-read)",Pressable@632{action} < View@610{group} < ScrollView@435 < ⟨ThingsToRememberScreen⟩ < route:ThingsToRemember@src/navigation/tabs/DashboardStack.tsx || Pressable@632{action} < View@610{group} < ScrollView@435 < ⟨ThingsToRememberScreen⟩ < route:ThingsToRemember@src/navigation/tabs/DigestStack.tsx || Pressable@632{action} < View@610{group} < ScrollView@435 < ⟨ThingsToRememberScreen⟩ < route:ThingsToRemember@src/navigation/tabs/EventsStack.tsx ; pads: Pressable@632{paddingHorizontal=SPACING.sm} View@610{padding=SPACING.base} ScrollView@435{cc.padding=SPACING.base},bare
ThingsToRemember,src/screens/ThingsToRememberScreen.tsx:654,ThingsToRememberScreen,AppText,accent,body 16/400,4.5,32..W-32,left,scrolling,presentation (veil galaxy 0.02 / standard 0.05),"ESTIMATED(AST-traced, not hand-read)",Pressable@646{tertiary} < View@610{group} < ScrollView@435 < ⟨ThingsToRememberScreen⟩ < route:ThingsToRemember@src/navigation/tabs/DashboardStack.tsx || Pressable@646{tertiary} < View@610{group} < ScrollView@435 < ⟨ThingsToRememberScreen⟩ < route:ThingsToRemember@src/navigation/tabs/DigestStack.tsx || Pressable@646{tertiary} < View@610{group} < ScrollView@435 < ⟨ThingsToRememberScreen⟩ < route:ThingsToRemember@src/navigation/tabs/EventsStack.tsx ; pads: View@610{padding=SPACING.base} ScrollView@435{cc.padding=SPACING.base},bare
UnboundContacts,src/screens/UnboundContactsScreen.tsx:111,UnboundContactsScreen,Text,textSecondary,Text ?,4.5,16..W-16,centered(alignItems),top-fixed,presentation (veil galaxy 0.02 / standard 0.05),"ESTIMATED(AST-traced, not hand-read)",Pressable@104{searchClear} < View@85{searchRow} < View@84{content} < View@64{root} < ⟨UnboundContactsScreen⟩ < route:UnboundContacts@src/navigation/tabs/DashboardStack.tsx ; pads: View@84{padding=16},bare
UpdateContact,src/screens/UpdateContactScreen.tsx:127,EditorFrame,AppText,textPrimary(default),heading 20/600,4.5*,16..W-16,left,scrolling,dense (veil galaxy 0.22 / standard 0.30),VERIFIED,View@126{editor} < ⟨EditorFrame⟩ < <EditorFrame>@src/screens/UpdateContactScreen.tsx:245 < ⟨CurrentStateFocusedEditor⟩ < <CurrentStateFocusedEditor>@src/screens/UpdateContactScreen.tsx:889 < ⟨local renderActiveEditor⟩ < ScrollView@958 < View@956{root} < ⟨UpdateContactScreen⟩ < route:UpdateContact@src/navigation/tabs/DashboardStack.tsx || View@126{editor} < ⟨EditorFrame⟩ < <EditorFrame>@src/screens/UpdateContactScreen.tsx:378 < ⟨KeyPeopleFocusedEditor⟩ < <KeyPeopleFocusedEditor>@src/screens/UpdateContactScreen.tsx:899 < ⟨local renderActiveEditor⟩ < ScrollView@958 < View@956{root} < ⟨UpdateContactScreen⟩ < route:UpdateContact@src/navigation/tabs/DashboardStack.tsx || View@126{editor} < ⟨EditorFrame⟩ < <EditorFrame>@src/screens/UpdateContactScreen.tsx:467 < ⟨OffLimitsFocusedEditor⟩ < <OffLimitsFocusedEditor>@src/screens/UpdateContactScreen.tsx:907 < ⟨local renderActiveEditor⟩ < ScrollView@958 < View@956{root} < ⟨UpdateContactScreen⟩ < route:UpdateContact@src/navigation/tabs/DashboardStack.tsx ; pads: ScrollView@958{cc.padding=SPACING.base},bare
UpdateContact,src/screens/UpdateContactScreen.tsx:132,EditorFrame,AppText,danger,caption 14/400,4.5,16..W-16,left,scrolling,dense (veil galaxy 0.22 / standard 0.30),VERIFIED,View@126{editor} < ⟨EditorFrame⟩ < <EditorFrame>@src/screens/UpdateContactScreen.tsx:245 < ⟨CurrentStateFocusedEditor⟩ < <CurrentStateFocusedEditor>@src/screens/UpdateContactScreen.tsx:889 < ⟨local renderActiveEditor⟩ < ScrollView@958 < View@956{root} < ⟨UpdateContactScreen⟩ < route:UpdateContact@src/navigation/tabs/DashboardStack.tsx || View@126{editor} < ⟨EditorFrame⟩ < <EditorFrame>@src/screens/UpdateContactScreen.tsx:378 < ⟨KeyPeopleFocusedEditor⟩ < <KeyPeopleFocusedEditor>@src/screens/UpdateContactScreen.tsx:899 < ⟨local renderActiveEditor⟩ < ScrollView@958 < View@956{root} < ⟨UpdateContactScreen⟩ < route:UpdateContact@src/navigation/tabs/DashboardStack.tsx || View@126{editor} < ⟨EditorFrame⟩ < <EditorFrame>@src/screens/UpdateContactScreen.tsx:467 < ⟨OffLimitsFocusedEditor⟩ < <OffLimitsFocusedEditor>@src/screens/UpdateContactScreen.tsx:907 < ⟨local renderActiveEditor⟩ < ScrollView@958 < View@956{root} < ⟨UpdateContactScreen⟩ < route:UpdateContact@src/navigation/tabs/DashboardStack.tsx ; pads: ScrollView@958{cc.padding=SPACING.base},bare
UpdateContact,src/screens/UpdateContactScreen.tsx:142,EditorFrame,AppText,textSecondary,body 16/400,4.5,16..W-16,centered(alignItems),scrolling,dense (veil galaxy 0.22 / standard 0.30),VERIFIED,Pressable@136{secondary} < View@126{editor} < ⟨EditorFrame⟩ < <EditorFrame>@src/screens/UpdateContactScreen.tsx:245 < ⟨CurrentStateFocusedEditor⟩ < <CurrentStateFocusedEditor>@src/screens/UpdateContactScreen.tsx:889 < ⟨local renderActiveEditor⟩ < ScrollView@958 < View@956{root} < ⟨UpdateContactScreen⟩ < route:UpdateContact@src/navigation/tabs/DashboardStack.tsx || Pressable@136{secondary} < View@126{editor} < ⟨EditorFrame⟩ < <EditorFrame>@src/screens/UpdateContactScreen.tsx:378 < ⟨KeyPeopleFocusedEditor⟩ < <KeyPeopleFocusedEditor>@src/screens/UpdateContactScreen.tsx:899 < ⟨local renderActiveEditor⟩ < ScrollView@958 < View@956{root} < ⟨UpdateContactScreen⟩ < route:UpdateContact@src/navigation/tabs/DashboardStack.tsx || Pressable@136{secondary} < View@126{editor} < ⟨EditorFrame⟩ < <EditorFrame>@src/screens/UpdateContactScreen.tsx:467 < ⟨OffLimitsFocusedEditor⟩ < <OffLimitsFocusedEditor>@src/screens/UpdateContactScreen.tsx:907 < ⟨local renderActiveEditor⟩ < ScrollView@958 < View@956{root} < ⟨UpdateContactScreen⟩ < route:UpdateContact@src/navigation/tabs/DashboardStack.tsx ; pads: ScrollView@958{cc.padding=SPACING.base},bare
UpdateContact,src/screens/UpdateContactScreen.tsx:246,CurrentStateFocusedEditor,AppText,textSecondary,caption 14/400,4.5,16..W-16,left,scrolling,dense (veil galaxy 0.22 / standard 0.30),"ESTIMATED(AST-traced, not hand-read)",EditorFrame@245 < ⟨CurrentStateFocusedEditor⟩ < <CurrentStateFocusedEditor>@src/screens/UpdateContactScreen.tsx:889 < ⟨local renderActiveEditor⟩ < ScrollView@958 < View@956{root} < ⟨UpdateContactScreen⟩ < route:UpdateContact@src/navigation/tabs/DashboardStack.tsx ; pads: ScrollView@958{cc.padding=SPACING.base},bare
UpdateContact,src/screens/UpdateContactScreen.tsx:482,OffLimitsFocusedEditor,AppText,textPrimary(default),body 16/400,4.5,24..W-24,left(row),scrolling,dense (veil galaxy 0.22 / standard 0.30),"ESTIMATED(AST-traced, not hand-read)",Pressable@473{listRowMain} < View@469{listRow} < EditorFrame@467 < ⟨OffLimitsFocusedEditor⟩ < <OffLimitsFocusedEditor>@src/screens/UpdateContactScreen.tsx:907 < ⟨local renderActiveEditor⟩ < ScrollView@958 < View@956{root} < ⟨UpdateContactScreen⟩ < route:UpdateContact@src/navigation/tabs/DashboardStack.tsx ; pads: View@469{paddingHorizontal=SPACING.sm} ScrollView@958{cc.padding=SPACING.base},bare
UpdateContact,src/screens/UpdateContactScreen.tsx:490,OffLimitsFocusedEditor,AppText,textSecondary,caption 14/400,4.5,32..W-32,centered(alignItems),scrolling,dense (veil galaxy 0.22 / standard 0.30),"ESTIMATED(AST-traced, not hand-read)",Pressable@484{smallAction} < View@469{listRow} < EditorFrame@467 < ⟨OffLimitsFocusedEditor⟩ < <OffLimitsFocusedEditor>@src/screens/UpdateContactScreen.tsx:907 < ⟨local renderActiveEditor⟩ < ScrollView@958 < View@956{root} < ⟨UpdateContactScreen⟩ < route:UpdateContact@src/navigation/tabs/DashboardStack.tsx ; pads: Pressable@484{paddingHorizontal=SPACING.sm} View@469{paddingHorizontal=SPACING.sm} ScrollView@958{cc.padding=SPACING.base},bare
UpdateContact,src/screens/UpdateContactScreen.tsx:790,GenericCustomFieldsFocusedEditor,AppText,textSecondary,body 16/400,4.5,16..W-16,left,scrolling,dense (veil galaxy 0.22 / standard 0.30),"ESTIMATED(AST-traced, not hand-read)",EditorFrame@788 < ⟨GenericCustomFieldsFocusedEditor⟩ < <GenericCustomFieldsFocusedEditor>@src/screens/UpdateContactScreen.tsx:943 < ⟨local renderActiveEditor⟩ < ScrollView@958 < View@956{root} < ⟨UpdateContactScreen⟩ < route:UpdateContact@src/navigation/tabs/DashboardStack.tsx ; pads: ScrollView@958{cc.padding=SPACING.base},bare
UpdateContact,src/screens/UpdateContactScreen.tsx:802,GenericCustomFieldsFocusedEditor,AppText,textPrimary(default),body 16/400,4.5,24..W-24,left(row),scrolling,dense (veil galaxy 0.22 / standard 0.30),"ESTIMATED(AST-traced, not hand-read)",Pressable@795{listRow} < EditorFrame@788 < ⟨GenericCustomFieldsFocusedEditor⟩ < <GenericCustomFieldsFocusedEditor>@src/screens/UpdateContactScreen.tsx:943 < ⟨local renderActiveEditor⟩ < ScrollView@958 < View@956{root} < ⟨UpdateContactScreen⟩ < route:UpdateContact@src/navigation/tabs/DashboardStack.tsx ; pads: Pressable@795{paddingHorizontal=SPACING.sm} ScrollView@958{cc.padding=SPACING.base},bare
UpdateContact,src/screens/UpdateContactScreen.tsx:994,UpdateContactScreen,AppText,accentText,body 16/400,4.5,16..W-16,centered(alignItems),scrolling,dense (veil galaxy 0.22 / standard 0.30),VERIFIED,Pressable@988{done} < ScrollView@958 < View@956{root} < ⟨UpdateContactScreen⟩ < route:UpdateContact@src/navigation/tabs/DashboardStack.tsx ; pads: ScrollView@958{cc.padding=SPACING.base},bare
