slot,mode,row,col,x0_dp,x1_dp,y0_dp,y1_dp,mean_Lstar,p1_Lstar,p99_Lstar,pct_px_failing_bare_presentation
galaxy-deep-space,dark,0,0,0,51,0,55,0.1,0.0,0.3,0.0
galaxy-deep-space,dark,0,1,51,103,0,55,0.0,0.0,0.3,0.0
galaxy-deep-space,dark,0,2,103,154,0,55,0.0,0.0,0.0,0.0
galaxy-deep-space,dark,0,3,154,205,0,55,0.0,0.0,0.0,0.0
galaxy-deep-space,dark,0,4,205,257,0,55,0.0,0.0,0.2,0.0
galaxy-deep-space,dark,0,5,257,308,0,55,0.2,0.0,0.3,0.0
galaxy-deep-space,dark,0,6,308,360,0,55,0.3,0.1,0.6,0.0
galaxy-deep-space,dark,0,7,360,411,0,55,0.5,0.3,1.2,0.0
galaxy-deep-space,dark,1,0,0,51,55,111,0.1,0.0,0.3,0.0
galaxy-deep-space,dark,1,1,51,103,55,111,0.1,0.0,0.3,0.0
galaxy-deep-space,dark,1,2,103,154,55,111,0.1,0.0,0.3,0.0
galaxy-deep-space,dark,1,3,154,205,55,111,0.1,0.0,0.3,0.0
galaxy-deep-space,dark,1,4,205,257,55,111,0.1,0.0,0.3,0.0
galaxy-deep-space,dark,1,5,257,308,55,111,0.2,0.0,0.4,0.0
galaxy-deep-space,dark,1,6,308,360,55,111,0.4,0.0,0.9,0.0
galaxy-deep-space,dark,1,7,360,411,55,111,0.5,0.3,1.2,0.0
galaxy-deep-space,dark,2,0,0,51,111,167,0.1,0.0,0.3,0.0
galaxy-deep-space,dark,2,1,51,103,111,167,0.1,0.0,0.3,0.0
galaxy-deep-space,dark,2,2,103,154,111,167,0.1,0.0,0.3,0.0
galaxy-deep-space,dark,2,3,154,205,111,167,0.2,0.0,0.5,0.0
galaxy-deep-space,dark,2,4,205,257,111,167,0.3,0.1,0.6,0.0
galaxy-deep-space,dark,2,5,257,308,111,167,0.4,0.1,0.8,0.0
galaxy-deep-space,dark,2,6,308,360,111,167,0.6,0.3,1.2,0.0
galaxy-deep-space,dark,2,7,360,411,111,167,0.4,0.3,0.8,0.0
galaxy-deep-space,dark,3,0,0,51,167,222,0.2,0.0,0.6,0.0
galaxy-deep-space,dark,3,1,51,103,167,222,0.1,0.0,0.3,0.0
galaxy-deep-space,dark,3,2,103,154,167,222,0.1,0.0,0.3,0.0
galaxy-deep-space,dark,3,3,154,205,167,222,0.2,0.0,0.6,0.0
galaxy-deep-space,dark,3,4,205,257,167,222,0.4,0.1,0.9,0.0
galaxy-deep-space,dark,3,5,257,308,167,222,0.6,0.3,1.5,0.0
galaxy-deep-space,dark,3,6,308,360,167,222,0.5,0.3,1.2,0.0
galaxy-deep-space,dark,3,7,360,411,167,222,0.3,0.3,0.6,0.0
galaxy-deep-space,dark,4,0,0,51,222,278,0.3,0.0,0.6,0.0
galaxy-deep-space,dark,4,1,51,103,222,278,0.2,0.0,0.3,0.0
galaxy-deep-space,dark,4,2,103,154,222,278,0.2,0.0,0.3,0.0
galaxy-deep-space,dark,4,3,154,205,222,278,0.2,0.0,0.3,0.0
galaxy-deep-space,dark,4,4,205,257,222,278,0.4,0.1,1.2,0.0
galaxy-deep-space,dark,4,5,257,308,222,278,0.6,0.3,1.2,0.0
galaxy-deep-space,dark,4,6,308,360,222,278,0.4,0.3,0.8,0.0
galaxy-deep-space,dark,4,7,360,411,222,278,0.4,0.3,0.6,0.0
galaxy-deep-space,dark,5,0,0,51,278,334,0.6,0.3,1.4,0.0
galaxy-deep-space,dark,5,1,51,103,278,334,0.4,0.3,1.2,0.0
galaxy-deep-space,dark,5,2,103,154,278,334,0.3,0.1,0.6,0.0
galaxy-deep-space,dark,5,3,154,205,278,334,0.3,0.1,0.6,0.0
galaxy-deep-space,dark,5,4,205,257,278,334,0.3,0.0,0.6,0.0
galaxy-deep-space,dark,5,5,257,308,278,334,0.3,0.0,0.6,0.0
galaxy-deep-space,dark,5,6,308,360,278,334,0.3,0.1,0.6,0.0
galaxy-deep-space,dark,5,7,360,411,278,334,0.3,0.3,0.6,0.0
galaxy-deep-space,dark,6,0,0,51,334,389,0.8,0.3,2.1,0.0
galaxy-deep-space,dark,6,1,51,103,334,389,0.8,0.3,1.7,0.0
galaxy-deep-space,dark,6,2,103,154,334,389,0.4,0.3,0.6,0.0
galaxy-deep-space,dark,6,3,154,205,334,389,0.3,0.1,0.6,0.0
galaxy-deep-space,dark,6,4,205,257,334,389,0.3,0.1,0.6,0.0
galaxy-deep-space,dark,6,5,257,308,334,389,0.2,0.0,0.6,0.0
galaxy-deep-space,dark,6,6,308,360,334,389,0.3,0.3,0.6,0.0
galaxy-deep-space,dark,6,7,360,411,334,389,0.2,0.0,0.6,0.0
galaxy-deep-space,dark,7,0,0,51,389,445,0.3,0.0,0.7,0.0
galaxy-deep-space,dark,7,1,51,103,389,445,0.8,0.3,1.8,0.0
galaxy-deep-space,dark,7,2,103,154,389,445,1.0,0.4,1.7,0.0
galaxy-deep-space,dark,7,3,154,205,389,445,0.6,0.3,0.9,0.0
galaxy-deep-space,dark,7,4,205,257,389,445,0.3,0.3,0.6,0.0
galaxy-deep-space,dark,7,5,257,308,389,445,0.2,0.0,0.6,0.0
galaxy-deep-space,dark,7,6,308,360,389,445,0.1,0.0,0.3,0.0
galaxy-deep-space,dark,7,7,360,411,389,445,0.1,0.0,0.3,0.0
galaxy-deep-space,dark,8,0,0,51,445,500,0.3,0.0,0.6,0.0
galaxy-deep-space,dark,8,1,51,103,445,500,0.3,0.1,0.8,0.0
galaxy-deep-space,dark,8,2,103,154,445,500,0.7,0.3,1.9,0.0
galaxy-deep-space,dark,8,3,154,205,445,500,0.8,0.3,1.4,0.0
galaxy-deep-space,dark,8,4,205,257,445,500,0.4,0.3,0.8,0.0
galaxy-deep-space,dark,8,5,257,308,445,500,0.3,0.0,0.6,0.0
galaxy-deep-space,dark,8,6,308,360,445,500,0.1,0.0,0.3,0.0
galaxy-deep-space,dark,8,7,360,411,445,500,0.1,0.0,0.3,0.0
galaxy-deep-space,dark,9,0,0,51,500,556,0.1,0.0,0.3,0.0
galaxy-deep-space,dark,9,1,51,103,500,556,0.1,0.0,0.6,0.0
galaxy-deep-space,dark,9,2,103,154,500,556,0.3,0.1,0.6,0.0
galaxy-deep-space,dark,9,3,154,205,500,556,0.4,0.3,0.9,0.0
galaxy-deep-space,dark,9,4,205,257,500,556,0.6,0.3,1.1,0.0
galaxy-deep-space,dark,9,5,257,308,500,556,0.5,0.3,1.1,0.0
galaxy-deep-space,dark,9,6,308,360,500,556,0.2,0.0,0.5,0.0
galaxy-deep-space,dark,9,7,360,411,500,556,0.2,0.0,0.3,0.0
galaxy-deep-space,dark,10,0,0,51,556,612,0.2,0.0,0.5,0.0
galaxy-deep-space,dark,10,1,51,103,556,612,0.2,0.0,0.6,0.0
galaxy-deep-space,dark,10,2,103,154,556,612,0.1,0.0,0.5,0.0
galaxy-deep-space,dark,10,3,154,205,556,612,0.2,0.0,0.5,0.0
galaxy-deep-space,dark,10,4,205,257,556,612,0.2,0.0,0.4,0.0
galaxy-deep-space,dark,10,5,257,308,556,612,0.4,0.1,0.9,0.0
galaxy-deep-space,dark,10,6,308,360,556,612,0.3,0.1,0.8,0.0
galaxy-deep-space,dark,10,7,360,411,556,612,0.3,0.1,0.4,0.0
galaxy-deep-space,dark,11,0,0,51,612,668,0.2,0.0,0.5,0.0
galaxy-deep-space,dark,11,1,51,103,612,668,0.1,0.0,0.3,0.0
galaxy-deep-space,dark,11,2,103,154,612,668,0.0,0.0,0.3,0.0
galaxy-deep-space,dark,11,3,154,205,612,668,0.1,0.0,0.4,0.0
galaxy-deep-space,dark,11,4,205,257,612,668,0.2,0.0,0.3,0.0
galaxy-deep-space,dark,11,5,257,308,612,668,0.4,0.1,0.8,0.0
galaxy-deep-space,dark,11,6,308,360,612,668,0.5,0.3,0.9,0.0
galaxy-deep-space,dark,11,7,360,411,612,668,0.5,0.3,0.9,0.0
galaxy-deep-space,dark,12,0,0,51,668,723,0.0,0.0,0.0,0.0
galaxy-deep-space,dark,12,1,51,103,668,723,0.0,0.0,0.2,0.0
galaxy-deep-space,dark,12,2,103,154,668,723,0.1,0.0,0.3,0.0
galaxy-deep-space,dark,12,3,154,205,668,723,0.0,0.0,0.3,0.0
galaxy-deep-space,dark,12,4,205,257,668,723,0.1,0.0,0.3,0.0
galaxy-deep-space,dark,12,5,257,308,668,723,0.2,0.0,0.5,0.0
galaxy-deep-space,dark,12,6,308,360,668,723,0.3,0.1,0.6,0.0
galaxy-deep-space,dark,12,7,360,411,668,723,0.4,0.1,0.8,0.0
galaxy-deep-space,dark,13,0,0,51,723,779,0.0,0.0,0.3,0.0
galaxy-deep-space,dark,13,1,51,103,723,779,0.1,0.0,0.3,0.0
galaxy-deep-space,dark,13,2,103,154,723,779,0.1,0.0,0.3,0.0
galaxy-deep-space,dark,13,3,154,205,723,779,0.1,0.0,0.3,0.0
galaxy-deep-space,dark,13,4,205,257,723,779,0.2,0.0,0.4,0.0
galaxy-deep-space,dark,13,5,257,308,723,779,0.1,0.0,0.3,0.0
galaxy-deep-space,dark,13,6,308,360,723,779,0.2,0.0,0.5,0.0
galaxy-deep-space,dark,13,7,360,411,723,779,0.2,0.0,0.4,0.0
galaxy-deep-space,dark,14,0,0,51,779,834,0.1,0.0,0.4,0.0
galaxy-deep-space,dark,14,1,51,103,779,834,0.2,0.0,0.9,0.0
galaxy-deep-space,dark,14,2,103,154,779,834,0.2,0.0,0.6,0.0
galaxy-deep-space,dark,14,3,154,205,779,834,0.2,0.0,0.4,0.0
galaxy-deep-space,dark,14,4,205,257,779,834,0.2,0.0,0.6,0.0
galaxy-deep-space,dark,14,5,257,308,779,834,0.1,0.0,0.5,0.0
galaxy-deep-space,dark,14,6,308,360,779,834,0.2,0.0,0.5,0.0
galaxy-deep-space,dark,14,7,360,411,779,834,0.1,0.0,0.3,0.0
galaxy-deep-space,dark,15,0,0,51,834,890,0.1,0.0,0.3,0.0
galaxy-deep-space,dark,15,1,51,103,834,890,0.2,0.0,0.4,0.0
galaxy-deep-space,dark,15,2,103,154,834,890,0.1,0.0,0.3,0.0
galaxy-deep-space,dark,15,3,154,205,834,890,0.1,0.0,0.3,0.0
galaxy-deep-space,dark,15,4,205,257,834,890,0.0,0.0,0.3,0.0
galaxy-deep-space,dark,15,5,257,308,834,890,0.0,0.0,0.3,0.0
galaxy-deep-space,dark,15,6,308,360,834,890,0.1,0.0,0.3,0.0
galaxy-deep-space,dark,15,7,360,411,834,890,0.1,0.0,0.3,0.0
galaxy-deep-space,light,0,0,0,51,0,55,0.1,0.0,0.3,100.0
galaxy-deep-space,light,0,1,51,103,0,55,0.0,0.0,0.3,100.0
galaxy-deep-space,light,0,2,103,154,0,55,0.0,0.0,0.0,100.0
galaxy-deep-space,light,0,3,154,205,0,55,0.0,0.0,0.0,100.0
galaxy-deep-space,light,0,4,205,257,0,55,0.0,0.0,0.2,100.0
galaxy-deep-space,light,0,5,257,308,0,55,0.2,0.0,0.3,100.0
galaxy-deep-space,light,0,6,308,360,0,55,0.3,0.1,0.6,100.0
galaxy-deep-space,light,0,7,360,411,0,55,0.5,0.3,1.2,100.0
galaxy-deep-space,light,1,0,0,51,55,111,0.1,0.0,0.3,100.0
galaxy-deep-space,light,1,1,51,103,55,111,0.1,0.0,0.3,100.0
galaxy-deep-space,light,1,2,103,154,55,111,0.1,0.0,0.3,100.0
galaxy-deep-space,light,1,3,154,205,55,111,0.1,0.0,0.3,100.0
galaxy-deep-space,light,1,4,205,257,55,111,0.1,0.0,0.3,100.0
galaxy-deep-space,light,1,5,257,308,55,111,0.2,0.0,0.4,100.0
galaxy-deep-space,light,1,6,308,360,55,111,0.4,0.0,0.9,100.0
galaxy-deep-space,light,1,7,360,411,55,111,0.5,0.3,1.2,100.0
galaxy-deep-space,light,2,0,0,51,111,167,0.1,0.0,0.3,100.0
galaxy-deep-space,light,2,1,51,103,111,167,0.1,0.0,0.3,100.0
galaxy-deep-space,light,2,2,103,154,111,167,0.1,0.0,0.3,100.0
galaxy-deep-space,light,2,3,154,205,111,167,0.2,0.0,0.5,100.0
galaxy-deep-space,light,2,4,205,257,111,167,0.3,0.1,0.6,100.0
galaxy-deep-space,light,2,5,257,308,111,167,0.4,0.1,0.8,100.0
galaxy-deep-space,light,2,6,308,360,111,167,0.6,0.3,1.2,100.0
galaxy-deep-space,light,2,7,360,411,111,167,0.4,0.3,0.8,100.0
galaxy-deep-space,light,3,0,0,51,167,222,0.2,0.0,0.6,100.0
galaxy-deep-space,light,3,1,51,103,167,222,0.1,0.0,0.3,100.0
galaxy-deep-space,light,3,2,103,154,167,222,0.1,0.0,0.3,100.0
galaxy-deep-space,light,3,3,154,205,167,222,0.2,0.0,0.6,100.0
galaxy-deep-space,light,3,4,205,257,167,222,0.4,0.1,0.9,100.0
galaxy-deep-space,light,3,5,257,308,167,222,0.6,0.3,1.5,100.0
galaxy-deep-space,light,3,6,308,360,167,222,0.5,0.3,1.2,100.0
galaxy-deep-space,light,3,7,360,411,167,222,0.3,0.3,0.6,100.0
galaxy-deep-space,light,4,0,0,51,222,278,0.3,0.0,0.6,100.0
galaxy-deep-space,light,4,1,51,103,222,278,0.2,0.0,0.3,100.0
galaxy-deep-space,light,4,2,103,154,222,278,0.2,0.0,0.3,100.0
galaxy-deep-space,light,4,3,154,205,222,278,0.2,0.0,0.3,100.0
galaxy-deep-space,light,4,4,205,257,222,278,0.4,0.1,1.2,100.0
galaxy-deep-space,light,4,5,257,308,222,278,0.6,0.3,1.2,100.0
galaxy-deep-space,light,4,6,308,360,222,278,0.4,0.3,0.8,100.0
galaxy-deep-space,light,4,7,360,411,222,278,0.4,0.3,0.6,100.0
galaxy-deep-space,light,5,0,0,51,278,334,0.6,0.3,1.4,100.0
galaxy-deep-space,light,5,1,51,103,278,334,0.4,0.3,1.2,100.0
galaxy-deep-space,light,5,2,103,154,278,334,0.3,0.1,0.6,100.0
galaxy-deep-space,light,5,3,154,205,278,334,0.3,0.1,0.6,100.0
galaxy-deep-space,light,5,4,205,257,278,334,0.3,0.0,0.6,100.0
galaxy-deep-space,light,5,5,257,308,278,334,0.3,0.0,0.6,100.0
galaxy-deep-space,light,5,6,308,360,278,334,0.3,0.1,0.6,100.0
galaxy-deep-space,light,5,7,360,411,278,334,0.3,0.3,0.6,100.0
galaxy-deep-space,light,6,0,0,51,334,389,0.8,0.3,2.1,100.0
galaxy-deep-space,light,6,1,51,103,334,389,0.8,0.3,1.7,100.0
galaxy-deep-space,light,6,2,103,154,334,389,0.4,0.3,0.6,100.0
galaxy-deep-space,light,6,3,154,205,334,389,0.3,0.1,0.6,100.0
galaxy-deep-space,light,6,4,205,257,334,389,0.3,0.1,0.6,100.0
galaxy-deep-space,light,6,5,257,308,334,389,0.2,0.0,0.6,100.0
galaxy-deep-space,light,6,6,308,360,334,389,0.3,0.3,0.6,100.0
galaxy-deep-space,light,6,7,360,411,334,389,0.2,0.0,0.6,100.0
galaxy-deep-space,light,7,0,0,51,389,445,0.3,0.0,0.7,100.0
galaxy-deep-space,light,7,1,51,103,389,445,0.8,0.3,1.8,100.0
galaxy-deep-space,light,7,2,103,154,389,445,1.0,0.4,1.7,100.0
galaxy-deep-space,light,7,3,154,205,389,445,0.6,0.3,0.9,100.0
galaxy-deep-space,light,7,4,205,257,389,445,0.3,0.3,0.6,100.0
galaxy-deep-space,light,7,5,257,308,389,445,0.2,0.0,0.6,100.0
galaxy-deep-space,light,7,6,308,360,389,445,0.1,0.0,0.3,100.0
galaxy-deep-space,light,7,7,360,411,389,445,0.1,0.0,0.3,100.0
galaxy-deep-space,light,8,0,0,51,445,500,0.3,0.0,0.6,100.0
galaxy-deep-space,light,8,1,51,103,445,500,0.3,0.1,0.8,100.0
galaxy-deep-space,light,8,2,103,154,445,500,0.7,0.3,1.9,100.0
galaxy-deep-space,light,8,3,154,205,445,500,0.8,0.3,1.4,100.0
galaxy-deep-space,light,8,4,205,257,445,500,0.4,0.3,0.8,100.0
galaxy-deep-space,light,8,5,257,308,445,500,0.3,0.0,0.6,100.0
galaxy-deep-space,light,8,6,308,360,445,500,0.1,0.0,0.3,100.0
galaxy-deep-space,light,8,7,360,411,445,500,0.1,0.0,0.3,100.0
galaxy-deep-space,light,9,0,0,51,500,556,0.1,0.0,0.3,100.0
galaxy-deep-space,light,9,1,51,103,500,556,0.1,0.0,0.6,100.0
galaxy-deep-space,light,9,2,103,154,500,556,0.3,0.1,0.6,100.0
galaxy-deep-space,light,9,3,154,205,500,556,0.4,0.3,0.9,100.0
galaxy-deep-space,light,9,4,205,257,500,556,0.6,0.3,1.1,100.0
galaxy-deep-space,light,9,5,257,308,500,556,0.5,0.3,1.1,100.0
galaxy-deep-space,light,9,6,308,360,500,556,0.2,0.0,0.5,100.0
galaxy-deep-space,light,9,7,360,411,500,556,0.2,0.0,0.3,100.0
galaxy-deep-space,light,10,0,0,51,556,612,0.2,0.0,0.5,100.0
galaxy-deep-space,light,10,1,51,103,556,612,0.2,0.0,0.6,100.0
galaxy-deep-space,light,10,2,103,154,556,612,0.1,0.0,0.5,100.0
galaxy-deep-space,light,10,3,154,205,556,612,0.2,0.0,0.5,100.0
galaxy-deep-space,light,10,4,205,257,556,612,0.2,0.0,0.4,100.0
galaxy-deep-space,light,10,5,257,308,556,612,0.4,0.1,0.9,100.0
galaxy-deep-space,light,10,6,308,360,556,612,0.3,0.1,0.8,100.0
galaxy-deep-space,light,10,7,360,411,556,612,0.3,0.1,0.4,100.0
galaxy-deep-space,light,11,0,0,51,612,668,0.2,0.0,0.5,100.0
galaxy-deep-space,light,11,1,51,103,612,668,0.1,0.0,0.3,100.0
galaxy-deep-space,light,11,2,103,154,612,668,0.0,0.0,0.3,100.0
galaxy-deep-space,light,11,3,154,205,612,668,0.1,0.0,0.4,100.0
galaxy-deep-space,light,11,4,205,257,612,668,0.2,0.0,0.3,100.0
galaxy-deep-space,light,11,5,257,308,612,668,0.4,0.1,0.8,100.0
galaxy-deep-space,light,11,6,308,360,612,668,0.5,0.3,0.9,100.0
galaxy-deep-space,light,11,7,360,411,612,668,0.5,0.3,0.9,100.0
galaxy-deep-space,light,12,0,0,51,668,723,0.0,0.0,0.0,100.0
galaxy-deep-space,light,12,1,51,103,668,723,0.0,0.0,0.2,100.0
galaxy-deep-space,light,12,2,103,154,668,723,0.1,0.0,0.3,100.0
galaxy-deep-space,light,12,3,154,205,668,723,0.0,0.0,0.3,100.0
galaxy-deep-space,light,12,4,205,257,668,723,0.1,0.0,0.3,100.0
galaxy-deep-space,light,12,5,257,308,668,723,0.2,0.0,0.5,100.0
galaxy-deep-space,light,12,6,308,360,668,723,0.3,0.1,0.6,100.0
galaxy-deep-space,light,12,7,360,411,668,723,0.4,0.1,0.8,100.0
galaxy-deep-space,light,13,0,0,51,723,779,0.0,0.0,0.3,100.0
galaxy-deep-space,light,13,1,51,103,723,779,0.1,0.0,0.3,100.0
galaxy-deep-space,light,13,2,103,154,723,779,0.1,0.0,0.3,100.0
galaxy-deep-space,light,13,3,154,205,723,779,0.1,0.0,0.3,100.0
galaxy-deep-space,light,13,4,205,257,723,779,0.2,0.0,0.4,100.0
galaxy-deep-space,light,13,5,257,308,723,779,0.1,0.0,0.3,100.0
galaxy-deep-space,light,13,6,308,360,723,779,0.2,0.0,0.5,100.0
galaxy-deep-space,light,13,7,360,411,723,779,0.2,0.0,0.4,100.0
galaxy-deep-space,light,14,0,0,51,779,834,0.1,0.0,0.4,100.0
galaxy-deep-space,light,14,1,51,103,779,834,0.2,0.0,0.9,100.0
galaxy-deep-space,light,14,2,103,154,779,834,0.2,0.0,0.6,100.0
galaxy-deep-space,light,14,3,154,205,779,834,0.2,0.0,0.4,100.0
galaxy-deep-space,light,14,4,205,257,779,834,0.2,0.0,0.6,100.0
galaxy-deep-space,light,14,5,257,308,779,834,0.1,0.0,0.5,100.0
galaxy-deep-space,light,14,6,308,360,779,834,0.2,0.0,0.5,100.0
galaxy-deep-space,light,14,7,360,411,779,834,0.1,0.0,0.3,100.0
galaxy-deep-space,light,15,0,0,51,834,890,0.1,0.0,0.3,100.0
galaxy-deep-space,light,15,1,51,103,834,890,0.2,0.0,0.4,100.0
galaxy-deep-space,light,15,2,103,154,834,890,0.1,0.0,0.3,100.0
galaxy-deep-space,light,15,3,154,205,834,890,0.1,0.0,0.3,100.0
galaxy-deep-space,light,15,4,205,257,834,890,0.0,0.0,0.3,100.0
galaxy-deep-space,light,15,5,257,308,834,890,0.0,0.0,0.3,100.0
galaxy-deep-space,light,15,6,308,360,834,890,0.1,0.0,0.3,100.0
galaxy-deep-space,light,15,7,360,411,834,890,0.1,0.0,0.3,100.0
galaxy-starfield,dark,0,0,0,51,0,55,0.8,0.3,2.7,0.0
galaxy-starfield,dark,0,1,51,103,0,55,0.3,0.0,1.1,0.0
galaxy-starfield,dark,0,2,103,154,0,55,0.2,0.0,0.9,0.0
galaxy-starfield,dark,0,3,154,205,0,55,0.1,0.0,0.6,0.0
galaxy-starfield,dark,0,4,205,257,0,55,0.1,0.0,0.3,0.0
galaxy-starfield,dark,0,5,257,308,0,55,0.1,0.0,0.3,0.0
galaxy-starfield,dark,0,6,308,360,0,55,0.2,0.0,0.4,0.0
galaxy-starfield,dark,0,7,360,411,0,55,0.3,0.1,0.6,0.0
galaxy-starfield,dark,1,0,0,51,55,111,0.9,0.3,3.3,0.0
galaxy-starfield,dark,1,1,51,103,55,111,0.5,0.1,1.8,0.0
galaxy-starfield,dark,1,2,103,154,55,111,0.3,0.1,0.8,0.0
galaxy-starfield,dark,1,3,154,205,55,111,0.2,0.0,0.6,0.0
galaxy-starfield,dark,1,4,205,257,55,111,0.2,0.1,0.4,0.0
galaxy-starfield,dark,1,5,257,308,55,111,0.2,0.1,0.4,0.0
galaxy-starfield,dark,1,6,308,360,55,111,0.3,0.1,0.6,0.0
galaxy-starfield,dark,1,7,360,411,55,111,0.3,0.1,0.6,0.0
galaxy-starfield,dark,2,0,0,51,111,167,0.5,0.1,1.2,0.0
galaxy-starfield,dark,2,1,51,103,111,167,0.7,0.3,1.7,0.0
galaxy-starfield,dark,2,2,103,154,111,167,0.4,0.3,0.9,0.0
galaxy-starfield,dark,2,3,154,205,111,167,0.3,0.1,0.6,0.0
galaxy-starfield,dark,2,4,205,257,111,167,0.2,0.1,0.3,0.0
galaxy-starfield,dark,2,5,257,308,111,167,0.3,0.1,0.5,0.0
galaxy-starfield,dark,2,6,308,360,111,167,0.3,0.1,0.7,0.0
galaxy-starfield,dark,2,7,360,411,111,167,0.3,0.1,0.6,0.0
galaxy-starfield,dark,3,0,0,51,167,222,0.3,0.1,1.0,0.0
galaxy-starfield,dark,3,1,51,103,167,222,0.4,0.1,0.8,0.0
galaxy-starfield,dark,3,2,103,154,167,222,0.4,0.1,0.9,0.0
galaxy-starfield,dark,3,3,154,205,167,222,0.3,0.1,0.6,0.0
galaxy-starfield,dark,3,4,205,257,167,222,0.2,0.1,0.4,0.0
galaxy-starfield,dark,3,5,257,308,167,222,0.2,0.1,0.3,0.0
galaxy-starfield,dark,3,6,308,360,167,222,0.3,0.1,0.6,0.0
galaxy-starfield,dark,3,7,360,411,167,222,0.3,0.1,0.6,0.0
galaxy-starfield,dark,4,0,0,51,222,278,0.4,0.1,0.9,0.0
galaxy-starfield,dark,4,1,51,103,222,278,0.3,0.1,0.6,0.0
galaxy-starfield,dark,4,2,103,154,222,278,0.3,0.1,0.4,0.0
galaxy-starfield,dark,4,3,154,205,222,278,0.2,0.1,0.3,0.0
galaxy-starfield,dark,4,4,205,257,222,278,0.3,0.1,0.3,0.0
galaxy-starfield,dark,4,5,257,308,222,278,0.3,0.1,0.3,0.0
galaxy-starfield,dark,4,6,308,360,222,278,0.3,0.1,0.6,0.0
galaxy-starfield,dark,4,7,360,411,222,278,0.4,0.3,1.2,0.0
galaxy-starfield,dark,5,0,0,51,278,334,0.3,0.1,0.6,0.0
galaxy-starfield,dark,5,1,51,103,278,334,0.3,0.2,0.6,0.0
galaxy-starfield,dark,5,2,103,154,278,334,0.3,0.1,0.3,0.0
galaxy-starfield,dark,5,3,154,205,278,334,0.2,0.1,0.3,0.0
galaxy-starfield,dark,5,4,205,257,278,334,0.2,0.1,0.3,0.0
galaxy-starfield,dark,5,5,257,308,278,334,0.3,0.1,0.4,0.0
galaxy-starfield,dark,5,6,308,360,278,334,0.3,0.1,0.6,0.0
galaxy-starfield,dark,5,7,360,411,278,334,0.7,0.1,2.4,0.0
galaxy-starfield,dark,6,0,0,51,334,389,0.2,0.1,0.6,0.0
galaxy-starfield,dark,6,1,51,103,334,389,0.3,0.1,0.3,0.0
galaxy-starfield,dark,6,2,103,154,334,389,0.3,0.1,0.3,0.0
galaxy-starfield,dark,6,3,154,205,334,389,0.2,0.1,0.3,0.0
galaxy-starfield,dark,6,4,205,257,334,389,0.2,0.1,0.3,0.0
galaxy-starfield,dark,6,5,257,308,334,389,0.3,0.1,0.6,0.0
galaxy-starfield,dark,6,6,308,360,334,389,0.3,0.1,0.9,0.0
galaxy-starfield,dark,6,7,360,411,334,389,0.6,0.1,1.5,0.0
galaxy-starfield,dark,7,0,0,51,389,445,0.2,0.1,0.4,0.0
galaxy-starfield,dark,7,1,51,103,389,445,0.2,0.1,0.4,0.0
galaxy-starfield,dark,7,2,103,154,389,445,0.2,0.1,0.3,0.0
galaxy-starfield,dark,7,3,154,205,389,445,0.3,0.1,0.3,0.0
galaxy-starfield,dark,7,4,205,257,389,445,0.3,0.1,0.3,0.0
galaxy-starfield,dark,7,5,257,308,389,445,0.3,0.1,0.3,0.0
galaxy-starfield,dark,7,6,308,360,389,445,0.3,0.1,0.6,0.0
galaxy-starfield,dark,7,7,360,411,389,445,0.4,0.3,0.9,0.0
galaxy-starfield,dark,8,0,0,51,445,500,0.3,0.1,0.6,0.0
galaxy-starfield,dark,8,1,51,103,445,500,0.3,0.1,0.4,0.0
galaxy-starfield,dark,8,2,103,154,445,500,0.2,0.1,0.3,0.0
galaxy-starfield,dark,8,3,154,205,445,500,0.2,0.1,0.3,0.0
galaxy-starfield,dark,8,4,205,257,445,500,0.3,0.1,0.3,0.0
galaxy-starfield,dark,8,5,257,308,445,500,0.3,0.1,0.5,0.0
galaxy-starfield,dark,8,6,308,360,445,500,0.3,0.1,0.6,0.0
galaxy-starfield,dark,8,7,360,411,445,500,0.3,0.1,0.6,0.0
galaxy-starfield,dark,9,0,0,51,500,556,0.4,0.1,1.2,0.0
galaxy-starfield,dark,9,1,51,103,500,556,0.3,0.1,0.6,0.0
galaxy-starfield,dark,9,2,103,154,500,556,0.3,0.1,0.3,0.0
galaxy-starfield,dark,9,3,154,205,500,556,0.2,0.1,0.3,0.0
galaxy-starfield,dark,9,4,205,257,500,556,0.2,0.1,0.3,0.0
galaxy-starfield,dark,9,5,257,308,500,556,0.2,0.1,0.3,0.0
galaxy-starfield,dark,9,6,308,360,500,556,0.3,0.1,0.6,0.0
galaxy-starfield,dark,9,7,360,411,500,556,0.3,0.1,0.4,0.0
galaxy-starfield,dark,10,0,0,51,556,612,0.5,0.3,0.9,0.0
galaxy-starfield,dark,10,1,51,103,556,612,0.4,0.3,0.8,0.0
galaxy-starfield,dark,10,2,103,154,556,612,0.3,0.1,0.6,0.0
galaxy-starfield,dark,10,3,154,205,556,612,0.2,0.1,0.3,0.0
galaxy-starfield,dark,10,4,205,257,556,612,0.2,0.1,0.3,0.0
galaxy-starfield,dark,10,5,257,308,556,612,0.2,0.1,0.3,0.0
galaxy-starfield,dark,10,6,308,360,556,612,0.3,0.1,0.6,0.0
galaxy-starfield,dark,10,7,360,411,556,612,0.3,0.1,0.5,0.0
galaxy-starfield,dark,11,0,0,51,612,668,0.6,0.3,1.7,0.0
galaxy-starfield,dark,11,1,51,103,612,668,0.5,0.3,1.3,0.0
galaxy-starfield,dark,11,2,103,154,612,668,0.3,0.1,0.6,0.0
galaxy-starfield,dark,11,3,154,205,612,668,0.3,0.1,0.3,0.0
galaxy-starfield,dark,11,4,205,257,612,668,0.3,0.1,0.4,0.0
galaxy-starfield,dark,11,5,257,308,612,668,0.3,0.1,0.5,0.0
galaxy-starfield,dark,11,6,308,360,612,668,0.3,0.1,0.6,0.0
galaxy-starfield,dark,11,7,360,411,612,668,0.3,0.1,0.6,0.0
galaxy-starfield,dark,12,0,0,51,668,723,0.7,0.3,2.2,0.0
galaxy-starfield,dark,12,1,51,103,668,723,0.3,0.1,0.6,0.0
galaxy-starfield,dark,12,2,103,154,668,723,0.3,0.1,0.6,0.0
galaxy-starfield,dark,12,3,154,205,668,723,0.3,0.1,0.4,0.0
galaxy-starfield,dark,12,4,205,257,668,723,0.3,0.1,0.6,0.0
galaxy-starfield,dark,12,5,257,308,668,723,0.3,0.3,0.6,0.0
galaxy-starfield,dark,12,6,308,360,668,723,0.5,0.3,1.1,0.0
galaxy-starfield,dark,12,7,360,411,668,723,0.4,0.3,1.2,0.0
galaxy-starfield,dark,13,0,0,51,723,779,0.5,0.1,1.5,0.0
galaxy-starfield,dark,13,1,51,103,723,779,0.4,0.1,1.2,0.0
galaxy-starfield,dark,13,2,103,154,723,779,0.2,0.0,0.5,0.0
galaxy-starfield,dark,13,3,154,205,723,779,0.2,0.1,0.4,0.0
galaxy-starfield,dark,13,4,205,257,723,779,0.3,0.1,0.6,0.0
galaxy-starfield,dark,13,5,257,308,723,779,0.4,0.1,0.9,0.0
galaxy-starfield,dark,13,6,308,360,723,779,0.4,0.1,1.2,0.0
galaxy-starfield,dark,13,7,360,411,723,779,1.1,0.3,3.1,0.0
galaxy-starfield,dark,14,0,0,51,779,834,0.3,0.1,0.9,0.0
galaxy-starfield,dark,14,1,51,103,779,834,0.3,0.1,0.6,0.0
galaxy-starfield,dark,14,2,103,154,779,834,0.2,0.0,0.4,0.0
galaxy-starfield,dark,14,3,154,205,779,834,0.2,0.1,0.5,0.0
galaxy-starfield,dark,14,4,205,257,779,834,0.2,0.1,0.6,0.0
galaxy-starfield,dark,14,5,257,308,779,834,0.3,0.1,0.9,0.0
galaxy-starfield,dark,14,6,308,360,779,834,0.5,0.3,1.2,0.0
galaxy-starfield,dark,14,7,360,411,779,834,0.5,0.1,1.5,0.0
galaxy-starfield,dark,15,0,0,51,834,890,0.1,0.0,0.6,0.0
galaxy-starfield,dark,15,1,51,103,834,890,0.2,0.0,0.4,0.0
galaxy-starfield,dark,15,2,103,154,834,890,0.1,0.0,0.3,0.0
galaxy-starfield,dark,15,3,154,205,834,890,0.1,0.0,0.4,0.0
galaxy-starfield,dark,15,4,205,257,834,890,0.2,0.0,0.6,0.0
galaxy-starfield,dark,15,5,257,308,834,890,0.2,0.0,0.9,0.0
galaxy-starfield,dark,15,6,308,360,834,890,0.3,0.1,0.6,0.0
galaxy-starfield,dark,15,7,360,411,834,890,0.4,0.1,0.8,0.0
galaxy-starfield,light,0,0,0,51,0,55,0.8,0.3,2.7,100.0
galaxy-starfield,light,0,1,51,103,0,55,0.3,0.0,1.1,100.0
galaxy-starfield,light,0,2,103,154,0,55,0.2,0.0,0.9,100.0
galaxy-starfield,light,0,3,154,205,0,55,0.1,0.0,0.6,100.0
galaxy-starfield,light,0,4,205,257,0,55,0.1,0.0,0.3,100.0
galaxy-starfield,light,0,5,257,308,0,55,0.1,0.0,0.3,100.0
galaxy-starfield,light,0,6,308,360,0,55,0.2,0.0,0.4,100.0
galaxy-starfield,light,0,7,360,411,0,55,0.3,0.1,0.6,100.0
galaxy-starfield,light,1,0,0,51,55,111,0.9,0.3,3.3,100.0
galaxy-starfield,light,1,1,51,103,55,111,0.5,0.1,1.8,100.0
galaxy-starfield,light,1,2,103,154,55,111,0.3,0.1,0.8,100.0
galaxy-starfield,light,1,3,154,205,55,111,0.2,0.0,0.6,100.0
galaxy-starfield,light,1,4,205,257,55,111,0.2,0.1,0.4,100.0
galaxy-starfield,light,1,5,257,308,55,111,0.2,0.1,0.4,100.0
galaxy-starfield,light,1,6,308,360,55,111,0.3,0.1,0.6,100.0
galaxy-starfield,light,1,7,360,411,55,111,0.3,0.1,0.6,100.0
galaxy-starfield,light,2,0,0,51,111,167,0.5,0.1,1.2,100.0
galaxy-starfield,light,2,1,51,103,111,167,0.7,0.3,1.7,100.0
galaxy-starfield,light,2,2,103,154,111,167,0.4,0.3,0.9,100.0
galaxy-starfield,light,2,3,154,205,111,167,0.3,0.1,0.6,100.0
galaxy-starfield,light,2,4,205,257,111,167,0.2,0.1,0.3,100.0
galaxy-starfield,light,2,5,257,308,111,167,0.3,0.1,0.5,100.0
galaxy-starfield,light,2,6,308,360,111,167,0.3,0.1,0.7,100.0
galaxy-starfield,light,2,7,360,411,111,167,0.3,0.1,0.6,100.0
galaxy-starfield,light,3,0,0,51,167,222,0.3,0.1,1.0,100.0
galaxy-starfield,light,3,1,51,103,167,222,0.4,0.1,0.8,100.0
galaxy-starfield,light,3,2,103,154,167,222,0.4,0.1,0.9,100.0
galaxy-starfield,light,3,3,154,205,167,222,0.3,0.1,0.6,100.0
galaxy-starfield,light,3,4,205,257,167,222,0.2,0.1,0.4,100.0
galaxy-starfield,light,3,5,257,308,167,222,0.2,0.1,0.3,100.0
galaxy-starfield,light,3,6,308,360,167,222,0.3,0.1,0.6,100.0
galaxy-starfield,light,3,7,360,411,167,222,0.3,0.1,0.6,100.0
galaxy-starfield,light,4,0,0,51,222,278,0.4,0.1,0.9,100.0
galaxy-starfield,light,4,1,51,103,222,278,0.3,0.1,0.6,100.0
galaxy-starfield,light,4,2,103,154,222,278,0.3,0.1,0.4,100.0
galaxy-starfield,light,4,3,154,205,222,278,0.2,0.1,0.3,100.0
galaxy-starfield,light,4,4,205,257,222,278,0.3,0.1,0.3,100.0
galaxy-starfield,light,4,5,257,308,222,278,0.3,0.1,0.3,100.0
galaxy-starfield,light,4,6,308,360,222,278,0.3,0.1,0.6,100.0
galaxy-starfield,light,4,7,360,411,222,278,0.4,0.3,1.2,100.0
galaxy-starfield,light,5,0,0,51,278,334,0.3,0.1,0.6,100.0
galaxy-starfield,light,5,1,51,103,278,334,0.3,0.2,0.6,100.0
galaxy-starfield,light,5,2,103,154,278,334,0.3,0.1,0.3,100.0
galaxy-starfield,light,5,3,154,205,278,334,0.2,0.1,0.3,100.0
galaxy-starfield,light,5,4,205,257,278,334,0.2,0.1,0.3,100.0
galaxy-starfield,light,5,5,257,308,278,334,0.3,0.1,0.4,100.0
galaxy-starfield,light,5,6,308,360,278,334,0.3,0.1,0.6,100.0
galaxy-starfield,light,5,7,360,411,278,334,0.7,0.1,2.4,100.0
galaxy-starfield,light,6,0,0,51,334,389,0.2,0.1,0.6,100.0
galaxy-starfield,light,6,1,51,103,334,389,0.3,0.1,0.3,100.0
galaxy-starfield,light,6,2,103,154,334,389,0.3,0.1,0.3,100.0
galaxy-starfield,light,6,3,154,205,334,389,0.2,0.1,0.3,100.0
galaxy-starfield,light,6,4,205,257,334,389,0.2,0.1,0.3,100.0
galaxy-starfield,light,6,5,257,308,334,389,0.3,0.1,0.6,100.0
galaxy-starfield,light,6,6,308,360,334,389,0.3,0.1,0.9,100.0
galaxy-starfield,light,6,7,360,411,334,389,0.6,0.1,1.5,100.0
galaxy-starfield,light,7,0,0,51,389,445,0.2,0.1,0.4,100.0
galaxy-starfield,light,7,1,51,103,389,445,0.2,0.1,0.4,100.0
galaxy-starfield,light,7,2,103,154,389,445,0.2,0.1,0.3,100.0
galaxy-starfield,light,7,3,154,205,389,445,0.3,0.1,0.3,100.0
galaxy-starfield,light,7,4,205,257,389,445,0.3,0.1,0.3,100.0
galaxy-starfield,light,7,5,257,308,389,445,0.3,0.1,0.3,100.0
galaxy-starfield,light,7,6,308,360,389,445,0.3,0.1,0.6,100.0
galaxy-starfield,light,7,7,360,411,389,445,0.4,0.3,0.9,100.0
galaxy-starfield,light,8,0,0,51,445,500,0.3,0.1,0.6,100.0
galaxy-starfield,light,8,1,51,103,445,500,0.3,0.1,0.4,100.0
galaxy-starfield,light,8,2,103,154,445,500,0.2,0.1,0.3,100.0
galaxy-starfield,light,8,3,154,205,445,500,0.2,0.1,0.3,100.0
galaxy-starfield,light,8,4,205,257,445,500,0.3,0.1,0.3,100.0
galaxy-starfield,light,8,5,257,308,445,500,0.3,0.1,0.5,100.0
galaxy-starfield,light,8,6,308,360,445,500,0.3,0.1,0.6,100.0
galaxy-starfield,light,8,7,360,411,445,500,0.3,0.1,0.6,100.0
galaxy-starfield,light,9,0,0,51,500,556,0.4,0.1,1.2,100.0
galaxy-starfield,light,9,1,51,103,500,556,0.3,0.1,0.6,100.0
galaxy-starfield,light,9,2,103,154,500,556,0.3,0.1,0.3,100.0
galaxy-starfield,light,9,3,154,205,500,556,0.2,0.1,0.3,100.0
galaxy-starfield,light,9,4,205,257,500,556,0.2,0.1,0.3,100.0
galaxy-starfield,light,9,5,257,308,500,556,0.2,0.1,0.3,100.0
galaxy-starfield,light,9,6,308,360,500,556,0.3,0.1,0.6,100.0
galaxy-starfield,light,9,7,360,411,500,556,0.3,0.1,0.4,100.0
galaxy-starfield,light,10,0,0,51,556,612,0.5,0.3,0.9,100.0
galaxy-starfield,light,10,1,51,103,556,612,0.4,0.3,0.8,100.0
galaxy-starfield,light,10,2,103,154,556,612,0.3,0.1,0.6,100.0
galaxy-starfield,light,10,3,154,205,556,612,0.2,0.1,0.3,100.0
galaxy-starfield,light,10,4,205,257,556,612,0.2,0.1,0.3,100.0
galaxy-starfield,light,10,5,257,308,556,612,0.2,0.1,0.3,100.0
galaxy-starfield,light,10,6,308,360,556,612,0.3,0.1,0.6,100.0
galaxy-starfield,light,10,7,360,411,556,612,0.3,0.1,0.5,100.0
galaxy-starfield,light,11,0,0,51,612,668,0.6,0.3,1.7,100.0
galaxy-starfield,light,11,1,51,103,612,668,0.5,0.3,1.3,100.0
galaxy-starfield,light,11,2,103,154,612,668,0.3,0.1,0.6,100.0
galaxy-starfield,light,11,3,154,205,612,668,0.3,0.1,0.3,100.0
galaxy-starfield,light,11,4,205,257,612,668,0.3,0.1,0.4,100.0
galaxy-starfield,light,11,5,257,308,612,668,0.3,0.1,0.5,100.0
galaxy-starfield,light,11,6,308,360,612,668,0.3,0.1,0.6,100.0
galaxy-starfield,light,11,7,360,411,612,668,0.3,0.1,0.6,100.0
galaxy-starfield,light,12,0,0,51,668,723,0.7,0.3,2.2,100.0
galaxy-starfield,light,12,1,51,103,668,723,0.3,0.1,0.6,100.0
galaxy-starfield,light,12,2,103,154,668,723,0.3,0.1,0.6,100.0
galaxy-starfield,light,12,3,154,205,668,723,0.3,0.1,0.4,100.0
galaxy-starfield,light,12,4,205,257,668,723,0.3,0.1,0.6,100.0
galaxy-starfield,light,12,5,257,308,668,723,0.3,0.3,0.6,100.0
galaxy-starfield,light,12,6,308,360,668,723,0.5,0.3,1.1,100.0
galaxy-starfield,light,12,7,360,411,668,723,0.4,0.3,1.2,100.0
galaxy-starfield,light,13,0,0,51,723,779,0.5,0.1,1.5,100.0
galaxy-starfield,light,13,1,51,103,723,779,0.4,0.1,1.2,100.0
galaxy-starfield,light,13,2,103,154,723,779,0.2,0.0,0.5,100.0
galaxy-starfield,light,13,3,154,205,723,779,0.2,0.1,0.4,100.0
galaxy-starfield,light,13,4,205,257,723,779,0.3,0.1,0.6,100.0
galaxy-starfield,light,13,5,257,308,723,779,0.4,0.1,0.9,100.0
galaxy-starfield,light,13,6,308,360,723,779,0.4,0.1,1.2,100.0
galaxy-starfield,light,13,7,360,411,723,779,1.1,0.3,3.1,100.0
galaxy-starfield,light,14,0,0,51,779,834,0.3,0.1,0.9,100.0
galaxy-starfield,light,14,1,51,103,779,834,0.3,0.1,0.6,100.0
galaxy-starfield,light,14,2,103,154,779,834,0.2,0.0,0.4,100.0
galaxy-starfield,light,14,3,154,205,779,834,0.2,0.1,0.5,100.0
galaxy-starfield,light,14,4,205,257,779,834,0.2,0.1,0.6,100.0
galaxy-starfield,light,14,5,257,308,779,834,0.3,0.1,0.9,100.0
galaxy-starfield,light,14,6,308,360,779,834,0.5,0.3,1.2,100.0
galaxy-starfield,light,14,7,360,411,779,834,0.5,0.1,1.5,100.0
galaxy-starfield,light,15,0,0,51,834,890,0.1,0.0,0.6,100.0
galaxy-starfield,light,15,1,51,103,834,890,0.2,0.0,0.4,100.0
galaxy-starfield,light,15,2,103,154,834,890,0.1,0.0,0.3,100.0
galaxy-starfield,light,15,3,154,205,834,890,0.1,0.0,0.4,100.0
galaxy-starfield,light,15,4,205,257,834,890,0.2,0.0,0.6,100.0
galaxy-starfield,light,15,5,257,308,834,890,0.2,0.0,0.9,100.0
galaxy-starfield,light,15,6,308,360,834,890,0.3,0.1,0.6,100.0
galaxy-starfield,light,15,7,360,411,834,890,0.4,0.1,0.8,100.0
galaxy-nebula,dark,0,0,0,51,0,55,3.7,2.2,5.6,0.0
galaxy-nebula,dark,0,1,51,103,0,55,2.1,1.5,3.2,0.0
galaxy-nebula,dark,0,2,103,154,0,55,1.8,1.4,2.5,0.0
galaxy-nebula,dark,0,3,154,205,0,55,1.1,0.7,1.9,0.0
galaxy-nebula,dark,0,4,205,257,0,55,1.0,0.6,1.5,0.0
galaxy-nebula,dark,0,5,257,308,0,55,0.7,0.4,1.1,0.0
galaxy-nebula,dark,0,6,308,360,0,55,0.8,0.5,1.4,0.0
galaxy-nebula,dark,0,7,360,411,0,55,0.6,0.4,1.1,0.0
galaxy-nebula,dark,1,0,0,51,55,111,5.1,1.8,10.9,7.2
galaxy-nebula,dark,1,1,51,103,55,111,3.5,1.7,6.3,0.0
galaxy-nebula,dark,1,2,103,154,55,111,1.8,1.4,2.6,0.0
galaxy-nebula,dark,1,3,154,205,55,111,1.7,1.1,2.8,0.0
galaxy-nebula,dark,1,4,205,257,55,111,1.4,1.1,2.2,0.0
galaxy-nebula,dark,1,5,257,308,55,111,1.4,0.8,2.0,0.0
galaxy-nebula,dark,1,6,308,360,55,111,1.6,1.1,2.4,0.0
galaxy-nebula,dark,1,7,360,411,55,111,1.2,0.8,2.0,0.0
galaxy-nebula,dark,2,0,0,51,111,167,5.0,1.9,12.8,12.2
galaxy-nebula,dark,2,1,51,103,111,167,5.6,1.6,11.8,14.2
galaxy-nebula,dark,2,2,103,154,111,167,4.0,1.8,7.8,0.3
galaxy-nebula,dark,2,3,154,205,111,167,2.3,1.4,4.7,0.0
galaxy-nebula,dark,2,4,205,257,111,167,1.3,0.8,2.1,0.0
galaxy-nebula,dark,2,5,257,308,111,167,1.6,0.8,2.8,0.0
galaxy-nebula,dark,2,6,308,360,111,167,1.8,1.4,2.7,0.0
galaxy-nebula,dark,2,7,360,411,111,167,1.6,1.0,2.2,0.0
galaxy-nebula,dark,3,0,0,51,167,222,2.0,1.0,3.8,0.0
galaxy-nebula,dark,3,1,51,103,167,222,2.8,1.8,4.5,0.0
galaxy-nebula,dark,3,2,103,154,167,222,3.4,1.2,8.4,0.7
galaxy-nebula,dark,3,3,154,205,167,222,2.9,1.5,5.2,0.0
galaxy-nebula,dark,3,4,205,257,167,222,1.6,0.8,2.3,0.0
galaxy-nebula,dark,3,5,257,308,167,222,1.3,0.8,2.7,0.0
galaxy-nebula,dark,3,6,308,360,167,222,1.6,0.9,2.6,0.0
galaxy-nebula,dark,3,7,360,411,167,222,2.1,1.4,2.8,0.0
galaxy-nebula,dark,4,0,0,51,222,278,1.7,0.8,4.8,0.0
galaxy-nebula,dark,4,1,51,103,222,278,2.3,1.1,3.8,0.0
galaxy-nebula,dark,4,2,103,154,222,278,2.2,1.2,3.4,0.0
galaxy-nebula,dark,4,3,154,205,222,278,1.4,0.9,2.2,0.0
galaxy-nebula,dark,4,4,205,257,222,278,1.5,0.8,2.2,0.0
galaxy-nebula,dark,4,5,257,308,222,278,1.4,0.8,2.1,0.0
galaxy-nebula,dark,4,6,308,360,222,278,1.6,0.8,3.3,0.0
galaxy-nebula,dark,4,7,360,411,222,278,2.1,1.3,4.6,0.0
galaxy-nebula,dark,5,0,0,51,278,334,2.4,0.9,4.3,0.0
galaxy-nebula,dark,5,1,51,103,278,334,1.3,0.9,1.9,0.0
galaxy-nebula,dark,5,2,103,154,278,334,1.5,1.1,2.1,0.0
galaxy-nebula,dark,5,3,154,205,278,334,1.2,0.9,1.8,0.0
galaxy-nebula,dark,5,4,205,257,278,334,1.0,0.8,1.4,0.0
galaxy-nebula,dark,5,5,257,308,278,334,1.2,0.7,1.8,0.0
galaxy-nebula,dark,5,6,308,360,278,334,1.7,1.1,3.6,0.0
galaxy-nebula,dark,5,7,360,411,278,334,3.2,1.7,5.8,0.0
galaxy-nebula,dark,6,0,0,51,334,389,1.6,0.9,2.5,0.0
galaxy-nebula,dark,6,1,51,103,334,389,1.4,1.1,1.9,0.0
galaxy-nebula,dark,6,2,103,154,334,389,1.0,0.8,1.4,0.0
galaxy-nebula,dark,6,3,154,205,334,389,0.9,0.8,1.1,0.0
galaxy-nebula,dark,6,4,205,257,334,389,0.9,0.7,1.1,0.0
galaxy-nebula,dark,6,5,257,308,334,389,1.0,0.8,1.3,0.0
galaxy-nebula,dark,6,6,308,360,334,389,1.5,0.9,2.1,0.0
galaxy-nebula,dark,6,7,360,411,334,389,1.8,1.1,3.1,0.0
galaxy-nebula,dark,7,0,0,51,389,445,0.9,0.8,1.4,0.0
galaxy-nebula,dark,7,1,51,103,389,445,1.1,0.8,1.5,0.0
galaxy-nebula,dark,7,2,103,154,389,445,1.1,0.8,1.2,0.0
galaxy-nebula,dark,7,3,154,205,389,445,0.9,0.7,1.2,0.0
galaxy-nebula,dark,7,4,205,257,389,445,0.8,0.7,1.1,0.0
galaxy-nebula,dark,7,5,257,308,389,445,1.1,0.8,1.5,0.0
galaxy-nebula,dark,7,6,308,360,389,445,1.3,1.1,1.8,0.0
galaxy-nebula,dark,7,7,360,411,389,445,1.5,1.1,2.2,0.0
galaxy-nebula,dark,8,0,0,51,445,500,1.2,0.8,1.9,0.0
galaxy-nebula,dark,8,1,51,103,445,500,0.9,0.8,1.2,0.0
galaxy-nebula,dark,8,2,103,154,445,500,1.0,0.8,1.2,0.0
galaxy-nebula,dark,8,3,154,205,445,500,1.1,0.8,1.4,0.0
galaxy-nebula,dark,8,4,205,257,445,500,1.1,0.8,1.4,0.0
galaxy-nebula,dark,8,5,257,308,445,500,1.0,0.8,1.2,0.0
galaxy-nebula,dark,8,6,308,360,445,500,1.5,0.8,2.2,0.0
galaxy-nebula,dark,8,7,360,411,445,500,1.8,1.4,2.6,0.0
galaxy-nebula,dark,9,0,0,51,500,556,2.2,0.8,4.4,0.0
galaxy-nebula,dark,9,1,51,103,500,556,1.9,1.1,3.4,0.0
galaxy-nebula,dark,9,2,103,154,500,556,1.2,0.8,2.5,0.0
galaxy-nebula,dark,9,3,154,205,500,556,1.2,0.9,1.5,0.0
galaxy-nebula,dark,9,4,205,257,500,556,1.3,1.1,1.5,0.0
galaxy-nebula,dark,9,5,257,308,500,556,1.3,1.1,1.8,0.0
galaxy-nebula,dark,9,6,308,360,500,556,1.5,1.1,2.3,0.0
galaxy-nebula,dark,9,7,360,411,500,556,3.0,1.5,6.8,0.0
galaxy-nebula,dark,10,0,0,51,556,612,2.9,1.5,5.5,0.0
galaxy-nebula,dark,10,1,51,103,556,612,2.9,1.5,5.5,0.0
galaxy-nebula,dark,10,2,103,154,556,612,1.6,0.9,2.8,0.0
galaxy-nebula,dark,10,3,154,205,556,612,1.6,1.1,2.4,0.0
galaxy-nebula,dark,10,4,205,257,556,612,1.5,1.1,2.5,0.0
galaxy-nebula,dark,10,5,257,308,556,612,1.3,1.1,1.8,0.0
galaxy-nebula,dark,10,6,308,360,556,612,1.7,1.4,2.5,0.0
galaxy-nebula,dark,10,7,360,411,556,612,2.3,1.5,4.2,0.0
galaxy-nebula,dark,11,0,0,51,612,668,1.8,1.0,2.7,0.0
galaxy-nebula,dark,11,1,51,103,612,668,2.6,1.5,4.4,0.0
galaxy-nebula,dark,11,2,103,154,612,668,2.3,0.9,3.7,0.0
galaxy-nebula,dark,11,3,154,205,612,668,2.2,1.1,4.5,0.0
galaxy-nebula,dark,11,4,205,257,612,668,2.3,1.2,4.1,0.0
galaxy-nebula,dark,11,5,257,308,612,668,2.0,1.4,2.9,0.0
galaxy-nebula,dark,11,6,308,360,612,668,2.0,1.4,3.4,0.0
galaxy-nebula,dark,11,7,360,411,612,668,2.3,1.5,3.7,0.0
galaxy-nebula,dark,12,0,0,51,668,723,1.2,0.8,1.8,0.0
galaxy-nebula,dark,12,1,51,103,668,723,1.2,0.7,2.0,0.0
galaxy-nebula,dark,12,2,103,154,668,723,1.7,1.1,2.8,0.0
galaxy-nebula,dark,12,3,154,205,668,723,2.3,1.3,4.7,0.0
galaxy-nebula,dark,12,4,205,257,668,723,3.1,1.2,6.9,0.2
galaxy-nebula,dark,12,5,257,308,668,723,2.7,1.6,4.6,0.0
galaxy-nebula,dark,12,6,308,360,668,723,4.1,2.1,7.3,0.0
galaxy-nebula,dark,12,7,360,411,668,723,3.4,1.5,7.0,0.0
galaxy-nebula,dark,13,0,0,51,723,779,1.1,0.7,1.4,0.0
galaxy-nebula,dark,13,1,51,103,723,779,0.8,0.6,1.3,0.0
galaxy-nebula,dark,13,2,103,154,723,779,1.1,0.7,1.7,0.0
galaxy-nebula,dark,13,3,154,205,723,779,1.5,0.5,2.5,0.0
galaxy-nebula,dark,13,4,205,257,723,779,3.0,1.8,5.2,0.0
galaxy-nebula,dark,13,5,257,308,723,779,2.6,1.5,4.4,0.0
galaxy-nebula,dark,13,6,308,360,723,779,3.2,1.8,7.5,0.2
galaxy-nebula,dark,13,7,360,411,723,779,4.4,2.3,8.4,0.8
galaxy-nebula,dark,14,0,0,51,779,834,0.7,0.2,1.3,0.0
galaxy-nebula,dark,14,1,51,103,779,834,0.8,0.4,1.1,0.0
galaxy-nebula,dark,14,2,103,154,779,834,0.8,0.5,1.1,0.0
galaxy-nebula,dark,14,3,154,205,779,834,1.1,0.7,1.8,0.0
galaxy-nebula,dark,14,4,205,257,779,834,1.3,0.5,2.3,0.0
galaxy-nebula,dark,14,5,257,308,779,834,1.3,0.8,2.3,0.0
galaxy-nebula,dark,14,6,308,360,779,834,2.2,1.1,4.6,0.0
galaxy-nebula,dark,14,7,360,411,779,834,3.2,1.8,5.4,0.0
galaxy-nebula,dark,15,0,0,51,834,890,0.4,0.2,0.5,0.0
galaxy-nebula,dark,15,1,51,103,834,890,0.5,0.2,0.8,0.0
galaxy-nebula,dark,15,2,103,154,834,890,0.8,0.5,1.1,0.0
galaxy-nebula,dark,15,3,154,205,834,890,0.9,0.5,1.4,0.0
galaxy-nebula,dark,15,4,205,257,834,890,0.8,0.5,1.1,0.0
galaxy-nebula,dark,15,5,257,308,834,890,1.0,0.6,1.2,0.0
galaxy-nebula,dark,15,6,308,360,834,890,1.0,0.7,2.2,0.0
galaxy-nebula,dark,15,7,360,411,834,890,1.4,0.8,2.5,0.0
galaxy-nebula,light,0,0,0,51,0,55,3.7,2.2,5.6,100.0
galaxy-nebula,light,0,1,51,103,0,55,2.1,1.5,3.2,100.0
galaxy-nebula,light,0,2,103,154,0,55,1.8,1.4,2.5,100.0
galaxy-nebula,light,0,3,154,205,0,55,1.1,0.7,1.9,100.0
galaxy-nebula,light,0,4,205,257,0,55,1.0,0.6,1.5,100.0
galaxy-nebula,light,0,5,257,308,0,55,0.7,0.4,1.1,100.0
galaxy-nebula,light,0,6,308,360,0,55,0.8,0.5,1.4,100.0
galaxy-nebula,light,0,7,360,411,0,55,0.6,0.4,1.1,100.0
galaxy-nebula,light,1,0,0,51,55,111,5.1,1.8,10.9,100.0
galaxy-nebula,light,1,1,51,103,55,111,3.5,1.7,6.3,100.0
galaxy-nebula,light,1,2,103,154,55,111,1.8,1.4,2.6,100.0
galaxy-nebula,light,1,3,154,205,55,111,1.7,1.1,2.8,100.0
galaxy-nebula,light,1,4,205,257,55,111,1.4,1.1,2.2,100.0
galaxy-nebula,light,1,5,257,308,55,111,1.4,0.8,2.0,100.0
galaxy-nebula,light,1,6,308,360,55,111,1.6,1.1,2.4,100.0
galaxy-nebula,light,1,7,360,411,55,111,1.2,0.8,2.0,100.0
galaxy-nebula,light,2,0,0,51,111,167,5.0,1.9,12.8,100.0
galaxy-nebula,light,2,1,51,103,111,167,5.6,1.6,11.8,100.0
galaxy-nebula,light,2,2,103,154,111,167,4.0,1.8,7.8,100.0
galaxy-nebula,light,2,3,154,205,111,167,2.3,1.4,4.7,100.0
galaxy-nebula,light,2,4,205,257,111,167,1.3,0.8,2.1,100.0
galaxy-nebula,light,2,5,257,308,111,167,1.6,0.8,2.8,100.0
galaxy-nebula,light,2,6,308,360,111,167,1.8,1.4,2.7,100.0
galaxy-nebula,light,2,7,360,411,111,167,1.6,1.0,2.2,100.0
galaxy-nebula,light,3,0,0,51,167,222,2.0,1.0,3.8,100.0
galaxy-nebula,light,3,1,51,103,167,222,2.8,1.8,4.5,100.0
galaxy-nebula,light,3,2,103,154,167,222,3.4,1.2,8.4,100.0
galaxy-nebula,light,3,3,154,205,167,222,2.9,1.5,5.2,100.0
galaxy-nebula,light,3,4,205,257,167,222,1.6,0.8,2.3,100.0
galaxy-nebula,light,3,5,257,308,167,222,1.3,0.8,2.7,100.0
galaxy-nebula,light,3,6,308,360,167,222,1.6,0.9,2.6,100.0
galaxy-nebula,light,3,7,360,411,167,222,2.1,1.4,2.8,100.0
galaxy-nebula,light,4,0,0,51,222,278,1.7,0.8,4.8,100.0
galaxy-nebula,light,4,1,51,103,222,278,2.3,1.1,3.8,100.0
galaxy-nebula,light,4,2,103,154,222,278,2.2,1.2,3.4,100.0
galaxy-nebula,light,4,3,154,205,222,278,1.4,0.9,2.2,100.0
galaxy-nebula,light,4,4,205,257,222,278,1.5,0.8,2.2,100.0
galaxy-nebula,light,4,5,257,308,222,278,1.4,0.8,2.1,100.0
galaxy-nebula,light,4,6,308,360,222,278,1.6,0.8,3.3,100.0
galaxy-nebula,light,4,7,360,411,222,278,2.1,1.3,4.6,100.0
galaxy-nebula,light,5,0,0,51,278,334,2.4,0.9,4.3,100.0
galaxy-nebula,light,5,1,51,103,278,334,1.3,0.9,1.9,100.0
galaxy-nebula,light,5,2,103,154,278,334,1.5,1.1,2.1,100.0
galaxy-nebula,light,5,3,154,205,278,334,1.2,0.9,1.8,100.0
galaxy-nebula,light,5,4,205,257,278,334,1.0,0.8,1.4,100.0
galaxy-nebula,light,5,5,257,308,278,334,1.2,0.7,1.8,100.0
galaxy-nebula,light,5,6,308,360,278,334,1.7,1.1,3.6,100.0
galaxy-nebula,light,5,7,360,411,278,334,3.2,1.7,5.8,100.0
galaxy-nebula,light,6,0,0,51,334,389,1.6,0.9,2.5,100.0
galaxy-nebula,light,6,1,51,103,334,389,1.4,1.1,1.9,100.0
galaxy-nebula,light,6,2,103,154,334,389,1.0,0.8,1.4,100.0
galaxy-nebula,light,6,3,154,205,334,389,0.9,0.8,1.1,100.0
galaxy-nebula,light,6,4,205,257,334,389,0.9,0.7,1.1,100.0
galaxy-nebula,light,6,5,257,308,334,389,1.0,0.8,1.3,100.0
galaxy-nebula,light,6,6,308,360,334,389,1.5,0.9,2.1,100.0
galaxy-nebula,light,6,7,360,411,334,389,1.8,1.1,3.1,100.0
galaxy-nebula,light,7,0,0,51,389,445,0.9,0.8,1.4,100.0
galaxy-nebula,light,7,1,51,103,389,445,1.1,0.8,1.5,100.0
galaxy-nebula,light,7,2,103,154,389,445,1.1,0.8,1.2,100.0
galaxy-nebula,light,7,3,154,205,389,445,0.9,0.7,1.2,100.0
galaxy-nebula,light,7,4,205,257,389,445,0.8,0.7,1.1,100.0
galaxy-nebula,light,7,5,257,308,389,445,1.1,0.8,1.5,100.0
galaxy-nebula,light,7,6,308,360,389,445,1.3,1.1,1.8,100.0
galaxy-nebula,light,7,7,360,411,389,445,1.5,1.1,2.2,100.0
galaxy-nebula,light,8,0,0,51,445,500,1.2,0.8,1.9,100.0
galaxy-nebula,light,8,1,51,103,445,500,0.9,0.8,1.2,100.0
galaxy-nebula,light,8,2,103,154,445,500,1.0,0.8,1.2,100.0
galaxy-nebula,light,8,3,154,205,445,500,1.1,0.8,1.4,100.0
galaxy-nebula,light,8,4,205,257,445,500,1.1,0.8,1.4,100.0
galaxy-nebula,light,8,5,257,308,445,500,1.0,0.8,1.2,100.0
galaxy-nebula,light,8,6,308,360,445,500,1.5,0.8,2.2,100.0
galaxy-nebula,light,8,7,360,411,445,500,1.8,1.4,2.6,100.0
galaxy-nebula,light,9,0,0,51,500,556,2.2,0.8,4.4,100.0
galaxy-nebula,light,9,1,51,103,500,556,1.9,1.1,3.4,100.0
galaxy-nebula,light,9,2,103,154,500,556,1.2,0.8,2.5,100.0
galaxy-nebula,light,9,3,154,205,500,556,1.2,0.9,1.5,100.0
galaxy-nebula,light,9,4,205,257,500,556,1.3,1.1,1.5,100.0
galaxy-nebula,light,9,5,257,308,500,556,1.3,1.1,1.8,100.0
galaxy-nebula,light,9,6,308,360,500,556,1.5,1.1,2.3,100.0
galaxy-nebula,light,9,7,360,411,500,556,3.0,1.5,6.8,100.0
galaxy-nebula,light,10,0,0,51,556,612,2.9,1.5,5.5,100.0
galaxy-nebula,light,10,1,51,103,556,612,2.9,1.5,5.5,100.0
galaxy-nebula,light,10,2,103,154,556,612,1.6,0.9,2.8,100.0
galaxy-nebula,light,10,3,154,205,556,612,1.6,1.1,2.4,100.0
galaxy-nebula,light,10,4,205,257,556,612,1.5,1.1,2.5,100.0
galaxy-nebula,light,10,5,257,308,556,612,1.3,1.1,1.8,100.0
galaxy-nebula,light,10,6,308,360,556,612,1.7,1.4,2.5,100.0
galaxy-nebula,light,10,7,360,411,556,612,2.3,1.5,4.2,100.0
galaxy-nebula,light,11,0,0,51,612,668,1.8,1.0,2.7,100.0
galaxy-nebula,light,11,1,51,103,612,668,2.6,1.5,4.4,100.0
galaxy-nebula,light,11,2,103,154,612,668,2.3,0.9,3.7,100.0
galaxy-nebula,light,11,3,154,205,612,668,2.2,1.1,4.5,100.0
galaxy-nebula,light,11,4,205,257,612,668,2.3,1.2,4.1,100.0
galaxy-nebula,light,11,5,257,308,612,668,2.0,1.4,2.9,100.0
galaxy-nebula,light,11,6,308,360,612,668,2.0,1.4,3.4,100.0
galaxy-nebula,light,11,7,360,411,612,668,2.3,1.5,3.7,100.0
galaxy-nebula,light,12,0,0,51,668,723,1.2,0.8,1.8,100.0
galaxy-nebula,light,12,1,51,103,668,723,1.2,0.7,2.0,100.0
galaxy-nebula,light,12,2,103,154,668,723,1.7,1.1,2.8,100.0
galaxy-nebula,light,12,3,154,205,668,723,2.3,1.3,4.7,100.0
galaxy-nebula,light,12,4,205,257,668,723,3.1,1.2,6.9,100.0
galaxy-nebula,light,12,5,257,308,668,723,2.7,1.6,4.6,100.0
galaxy-nebula,light,12,6,308,360,668,723,4.1,2.1,7.3,100.0
galaxy-nebula,light,12,7,360,411,668,723,3.4,1.5,7.0,100.0
galaxy-nebula,light,13,0,0,51,723,779,1.1,0.7,1.4,100.0
galaxy-nebula,light,13,1,51,103,723,779,0.8,0.6,1.3,100.0
galaxy-nebula,light,13,2,103,154,723,779,1.1,0.7,1.7,100.0
galaxy-nebula,light,13,3,154,205,723,779,1.5,0.5,2.5,100.0
galaxy-nebula,light,13,4,205,257,723,779,3.0,1.8,5.2,100.0
galaxy-nebula,light,13,5,257,308,723,779,2.6,1.5,4.4,100.0
galaxy-nebula,light,13,6,308,360,723,779,3.2,1.8,7.5,100.0
galaxy-nebula,light,13,7,360,411,723,779,4.4,2.3,8.4,100.0
galaxy-nebula,light,14,0,0,51,779,834,0.7,0.2,1.3,100.0
galaxy-nebula,light,14,1,51,103,779,834,0.8,0.4,1.1,100.0
galaxy-nebula,light,14,2,103,154,779,834,0.8,0.5,1.1,100.0
galaxy-nebula,light,14,3,154,205,779,834,1.1,0.7,1.8,100.0
galaxy-nebula,light,14,4,205,257,779,834,1.3,0.5,2.3,100.0
galaxy-nebula,light,14,5,257,308,779,834,1.3,0.8,2.3,100.0
galaxy-nebula,light,14,6,308,360,779,834,2.2,1.1,4.6,100.0
galaxy-nebula,light,14,7,360,411,779,834,3.2,1.8,5.4,100.0
galaxy-nebula,light,15,0,0,51,834,890,0.4,0.2,0.5,100.0
galaxy-nebula,light,15,1,51,103,834,890,0.5,0.2,0.8,100.0
galaxy-nebula,light,15,2,103,154,834,890,0.8,0.5,1.1,100.0
galaxy-nebula,light,15,3,154,205,834,890,0.9,0.5,1.4,100.0
galaxy-nebula,light,15,4,205,257,834,890,0.8,0.5,1.1,100.0
galaxy-nebula,light,15,5,257,308,834,890,1.0,0.6,1.2,100.0
galaxy-nebula,light,15,6,308,360,834,890,1.0,0.7,2.2,100.0
galaxy-nebula,light,15,7,360,411,834,890,1.4,0.8,2.5,100.0
galaxy-aurora,dark,0,0,0,51,0,55,1.5,0.9,3.0,0.0
galaxy-aurora,dark,0,1,51,103,0,55,3.5,1.6,9.1,1.6
galaxy-aurora,dark,0,2,103,154,0,55,2.1,1.4,5.4,0.0
galaxy-aurora,dark,0,3,154,205,0,55,1.3,0.7,3.7,0.0
galaxy-aurora,dark,0,4,205,257,0,55,0.6,0.5,0.9,0.0
galaxy-aurora,dark,0,5,257,308,0,55,0.8,0.5,0.9,0.0
galaxy-aurora,dark,0,6,308,360,0,55,1.0,0.9,1.2,0.0
galaxy-aurora,dark,0,7,360,411,0,55,0.9,0.7,1.2,0.0
galaxy-aurora,dark,1,0,0,51,55,111,4.0,1.6,9.8,2.8
galaxy-aurora,dark,1,1,51,103,55,111,6.1,2.3,11.4,17.7
galaxy-aurora,dark,1,2,103,154,55,111,2.1,1.2,5.8,0.0
galaxy-aurora,dark,1,3,154,205,55,111,1.0,0.7,1.4,0.0
galaxy-aurora,dark,1,4,205,257,55,111,0.7,0.5,0.9,0.0
galaxy-aurora,dark,1,5,257,308,55,111,0.9,0.7,1.2,0.0
galaxy-aurora,dark,1,6,308,360,55,111,1.2,0.9,1.4,0.0
galaxy-aurora,dark,1,7,360,411,55,111,1.1,0.9,1.2,0.0
galaxy-aurora,dark,2,0,0,51,111,167,6.4,2.5,13.5,25.5
galaxy-aurora,dark,2,1,51,103,111,167,4.2,1.6,12.7,14.3
galaxy-aurora,dark,2,2,103,154,111,167,1.6,1.2,1.9,0.0
galaxy-aurora,dark,2,3,154,205,111,167,1.0,0.7,1.6,0.0
galaxy-aurora,dark,2,4,205,257,111,167,0.8,0.7,1.1,0.0
galaxy-aurora,dark,2,5,257,308,111,167,1.1,0.9,1.4,0.0
galaxy-aurora,dark,2,6,308,360,111,167,1.3,1.2,1.4,0.0
galaxy-aurora,dark,2,7,360,411,111,167,1.2,1.2,1.4,0.0
galaxy-aurora,dark,3,0,0,51,167,222,5.7,1.8,13.0,15.6
galaxy-aurora,dark,3,1,51,103,167,222,3.0,1.6,5.3,0.0
galaxy-aurora,dark,3,2,103,154,167,222,1.4,0.9,2.1,0.0
galaxy-aurora,dark,3,3,154,205,167,222,0.9,0.7,1.2,0.0
galaxy-aurora,dark,3,4,205,257,167,222,1.0,0.9,1.2,0.0
galaxy-aurora,dark,3,5,257,308,167,222,1.2,0.9,1.4,0.0
galaxy-aurora,dark,3,6,308,360,167,222,1.1,0.9,1.4,0.0
galaxy-aurora,dark,3,7,360,411,167,222,1.1,0.9,1.4,0.0
galaxy-aurora,dark,4,0,0,51,222,278,4.6,1.6,11.4,12.7
galaxy-aurora,dark,4,1,51,103,222,278,5.4,2.1,13.4,19.3
galaxy-aurora,dark,4,2,103,154,222,278,1.3,0.9,2.3,0.0
galaxy-aurora,dark,4,3,154,205,222,278,1.2,0.9,1.4,0.0
galaxy-aurora,dark,4,4,205,257,222,278,1.1,0.9,1.2,0.0
galaxy-aurora,dark,4,5,257,308,222,278,0.9,0.7,1.2,0.0
galaxy-aurora,dark,4,6,308,360,222,278,0.8,0.7,0.9,0.0
galaxy-aurora,dark,4,7,360,411,222,278,0.8,0.5,0.9,0.0
galaxy-aurora,dark,5,0,0,51,278,334,2.0,0.9,7.2,0.1
galaxy-aurora,dark,5,1,51,103,278,334,6.8,1.6,16.9,27.6
galaxy-aurora,dark,5,2,103,154,278,334,2.8,1.2,12.9,5.5
galaxy-aurora,dark,5,3,154,205,278,334,1.4,1.1,1.8,0.0
galaxy-aurora,dark,5,4,205,257,278,334,0.9,0.7,1.2,0.0
galaxy-aurora,dark,5,5,257,308,278,334,0.7,0.7,0.9,0.0
galaxy-aurora,dark,5,6,308,360,278,334,0.7,0.7,0.9,0.0
galaxy-aurora,dark,5,7,360,411,278,334,0.7,0.5,0.9,0.0
galaxy-aurora,dark,6,0,0,51,334,389,1.7,0.9,3.3,0.0
galaxy-aurora,dark,6,1,51,103,334,389,2.2,1.2,6.7,0.0
galaxy-aurora,dark,6,2,103,154,334,389,5.8,2.0,11.2,13.2
galaxy-aurora,dark,6,3,154,205,334,389,2.3,1.4,4.5,0.0
galaxy-aurora,dark,6,4,205,257,334,389,1.2,0.9,1.6,0.0
galaxy-aurora,dark,6,5,257,308,334,389,0.7,0.5,0.9,0.0
galaxy-aurora,dark,6,6,308,360,334,389,0.7,0.5,0.7,0.0
galaxy-aurora,dark,6,7,360,411,334,389,0.7,0.5,0.7,0.0
galaxy-aurora,dark,7,0,0,51,389,445,3.7,1.4,7.8,0.7
galaxy-aurora,dark,7,1,51,103,389,445,1.3,1.2,1.6,0.0
galaxy-aurora,dark,7,2,103,154,389,445,3.6,1.4,7.6,0.0
galaxy-aurora,dark,7,3,154,205,389,445,2.4,1.8,3.3,0.0
galaxy-aurora,dark,7,4,205,257,389,445,1.8,1.1,2.8,0.0
galaxy-aurora,dark,7,5,257,308,389,445,1.0,0.7,1.6,0.0
galaxy-aurora,dark,7,6,308,360,389,445,0.7,0.7,0.9,0.0
galaxy-aurora,dark,7,7,360,411,389,445,0.7,0.7,0.7,0.0
galaxy-aurora,dark,8,0,0,51,445,500,3.8,1.6,9.6,1.4
galaxy-aurora,dark,8,1,51,103,445,500,1.3,0.9,1.9,0.0
galaxy-aurora,dark,8,2,103,154,445,500,2.4,1.2,5.0,0.0
galaxy-aurora,dark,8,3,154,205,445,500,1.8,1.4,2.3,0.0
galaxy-aurora,dark,8,4,205,257,445,500,1.5,1.2,1.8,0.0
galaxy-aurora,dark,8,5,257,308,445,500,1.2,1.1,1.6,0.0
galaxy-aurora,dark,8,6,308,360,445,500,1.0,0.7,1.4,0.0
galaxy-aurora,dark,8,7,360,411,445,500,0.9,0.7,1.1,0.0
galaxy-aurora,dark,9,0,0,51,500,556,4.5,1.6,8.7,1.0
galaxy-aurora,dark,9,1,51,103,500,556,2.4,0.9,8.2,0.3
galaxy-aurora,dark,9,2,103,154,500,556,1.7,1.2,3.7,0.0
galaxy-aurora,dark,9,3,154,205,500,556,1.9,1.6,2.3,0.0
galaxy-aurora,dark,9,4,205,257,500,556,1.6,1.4,2.1,0.0
galaxy-aurora,dark,9,5,257,308,500,556,1.4,1.1,1.9,0.0
galaxy-aurora,dark,9,6,308,360,500,556,1.2,0.9,1.4,0.0
galaxy-aurora,dark,9,7,360,411,500,556,1.1,0.9,1.4,0.0
galaxy-aurora,dark,10,0,0,51,556,612,2.1,1.2,9.0,1.0
galaxy-aurora,dark,10,1,51,103,556,612,4.6,2.1,12.0,8.6
galaxy-aurora,dark,10,2,103,154,556,612,2.6,1.4,8.2,0.8
galaxy-aurora,dark,10,3,154,205,556,612,1.9,1.6,3.5,0.0
galaxy-aurora,dark,10,4,205,257,556,612,1.4,0.9,2.1,0.0
galaxy-aurora,dark,10,5,257,308,556,612,1.5,0.9,2.1,0.0
galaxy-aurora,dark,10,6,308,360,556,612,1.5,1.2,1.8,0.0
galaxy-aurora,dark,10,7,360,411,556,612,1.4,1.2,1.6,0.0
galaxy-aurora,dark,11,0,0,51,612,668,1.2,0.7,2.3,0.0
galaxy-aurora,dark,11,1,51,103,612,668,1.8,0.9,3.3,0.0
galaxy-aurora,dark,11,2,103,154,612,668,2.0,1.1,3.0,0.0
galaxy-aurora,dark,11,3,154,205,612,668,2.6,1.4,7.8,0.7
galaxy-aurora,dark,11,4,205,257,612,668,1.2,0.9,2.1,0.0
galaxy-aurora,dark,11,5,257,308,612,668,0.8,0.5,0.9,0.0
galaxy-aurora,dark,11,6,308,360,612,668,0.8,0.5,1.4,0.0
galaxy-aurora,dark,11,7,360,411,612,668,0.9,0.5,1.4,0.0
galaxy-aurora,dark,12,0,0,51,668,723,0.8,0.5,1.2,0.0
galaxy-aurora,dark,12,1,51,103,668,723,0.9,0.7,1.1,0.0
galaxy-aurora,dark,12,2,103,154,668,723,1.0,0.7,1.4,0.0
galaxy-aurora,dark,12,3,154,205,668,723,1.4,0.7,4.2,0.0
galaxy-aurora,dark,12,4,205,257,668,723,1.8,0.7,4.0,0.0
galaxy-aurora,dark,12,5,257,308,668,723,0.7,0.5,0.9,0.0
galaxy-aurora,dark,12,6,308,360,668,723,0.7,0.5,0.9,0.0
galaxy-aurora,dark,12,7,360,411,668,723,0.7,0.5,0.7,0.0
galaxy-aurora,dark,13,0,0,51,723,779,0.6,0.5,0.7,0.0
galaxy-aurora,dark,13,1,51,103,723,779,0.6,0.5,0.7,0.0
galaxy-aurora,dark,13,2,103,154,723,779,0.7,0.5,0.9,0.0
galaxy-aurora,dark,13,3,154,205,723,779,0.8,0.7,1.2,0.0
galaxy-aurora,dark,13,4,205,257,723,779,1.6,0.9,2.5,0.0
galaxy-aurora,dark,13,5,257,308,723,779,1.1,0.7,2.1,0.0
galaxy-aurora,dark,13,6,308,360,723,779,0.8,0.7,0.9,0.0
galaxy-aurora,dark,13,7,360,411,723,779,0.7,0.5,0.9,0.0
galaxy-aurora,dark,14,0,0,51,779,834,0.5,0.5,0.7,0.0
galaxy-aurora,dark,14,1,51,103,779,834,0.5,0.5,0.7,0.0
galaxy-aurora,dark,14,2,103,154,779,834,0.5,0.5,0.7,0.0
galaxy-aurora,dark,14,3,154,205,779,834,0.6,0.5,0.7,0.0
galaxy-aurora,dark,14,4,205,257,779,834,1.1,0.7,1.6,0.0
galaxy-aurora,dark,14,5,257,308,779,834,1.2,0.9,1.4,0.0
galaxy-aurora,dark,14,6,308,360,779,834,0.9,0.5,1.4,0.0
galaxy-aurora,dark,14,7,360,411,779,834,0.6,0.3,0.9,0.0
galaxy-aurora,dark,15,0,0,51,834,890,0.5,0.5,0.7,0.0
galaxy-aurora,dark,15,1,51,103,834,890,0.5,0.5,0.7,0.0
galaxy-aurora,dark,15,2,103,154,834,890,0.5,0.5,0.7,0.0
galaxy-aurora,dark,15,3,154,205,834,890,0.5,0.5,0.7,0.0
galaxy-aurora,dark,15,4,205,257,834,890,0.6,0.3,1.2,0.0
galaxy-aurora,dark,15,5,257,308,834,890,0.8,0.5,1.2,0.0
galaxy-aurora,dark,15,6,308,360,834,890,0.8,0.7,1.2,0.0
galaxy-aurora,dark,15,7,360,411,834,890,0.6,0.5,0.7,0.0
galaxy-aurora,light,0,0,0,51,0,55,1.5,0.9,3.0,100.0
galaxy-aurora,light,0,1,51,103,0,55,3.5,1.6,9.1,100.0
galaxy-aurora,light,0,2,103,154,0,55,2.1,1.4,5.4,100.0
galaxy-aurora,light,0,3,154,205,0,55,1.3,0.7,3.7,100.0
galaxy-aurora,light,0,4,205,257,0,55,0.6,0.5,0.9,100.0
galaxy-aurora,light,0,5,257,308,0,55,0.8,0.5,0.9,100.0
galaxy-aurora,light,0,6,308,360,0,55,1.0,0.9,1.2,100.0
galaxy-aurora,light,0,7,360,411,0,55,0.9,0.7,1.2,100.0
galaxy-aurora,light,1,0,0,51,55,111,4.0,1.6,9.8,100.0
galaxy-aurora,light,1,1,51,103,55,111,6.1,2.3,11.4,100.0
galaxy-aurora,light,1,2,103,154,55,111,2.1,1.2,5.8,100.0
galaxy-aurora,light,1,3,154,205,55,111,1.0,0.7,1.4,100.0
galaxy-aurora,light,1,4,205,257,55,111,0.7,0.5,0.9,100.0
galaxy-aurora,light,1,5,257,308,55,111,0.9,0.7,1.2,100.0
galaxy-aurora,light,1,6,308,360,55,111,1.2,0.9,1.4,100.0
galaxy-aurora,light,1,7,360,411,55,111,1.1,0.9,1.2,100.0
galaxy-aurora,light,2,0,0,51,111,167,6.4,2.5,13.5,100.0
galaxy-aurora,light,2,1,51,103,111,167,4.2,1.6,12.7,100.0
galaxy-aurora,light,2,2,103,154,111,167,1.6,1.2,1.9,100.0
galaxy-aurora,light,2,3,154,205,111,167,1.0,0.7,1.6,100.0
galaxy-aurora,light,2,4,205,257,111,167,0.8,0.7,1.1,100.0
galaxy-aurora,light,2,5,257,308,111,167,1.1,0.9,1.4,100.0
galaxy-aurora,light,2,6,308,360,111,167,1.3,1.2,1.4,100.0
galaxy-aurora,light,2,7,360,411,111,167,1.2,1.2,1.4,100.0
galaxy-aurora,light,3,0,0,51,167,222,5.7,1.8,13.0,100.0
galaxy-aurora,light,3,1,51,103,167,222,3.0,1.6,5.3,100.0
galaxy-aurora,light,3,2,103,154,167,222,1.4,0.9,2.1,100.0
galaxy-aurora,light,3,3,154,205,167,222,0.9,0.7,1.2,100.0
galaxy-aurora,light,3,4,205,257,167,222,1.0,0.9,1.2,100.0
galaxy-aurora,light,3,5,257,308,167,222,1.2,0.9,1.4,100.0
galaxy-aurora,light,3,6,308,360,167,222,1.1,0.9,1.4,100.0
galaxy-aurora,light,3,7,360,411,167,222,1.1,0.9,1.4,100.0
galaxy-aurora,light,4,0,0,51,222,278,4.6,1.6,11.4,100.0
galaxy-aurora,light,4,1,51,103,222,278,5.4,2.1,13.4,100.0
galaxy-aurora,light,4,2,103,154,222,278,1.3,0.9,2.3,100.0
galaxy-aurora,light,4,3,154,205,222,278,1.2,0.9,1.4,100.0
galaxy-aurora,light,4,4,205,257,222,278,1.1,0.9,1.2,100.0
galaxy-aurora,light,4,5,257,308,222,278,0.9,0.7,1.2,100.0
galaxy-aurora,light,4,6,308,360,222,278,0.8,0.7,0.9,100.0
galaxy-aurora,light,4,7,360,411,222,278,0.8,0.5,0.9,100.0
galaxy-aurora,light,5,0,0,51,278,334,2.0,0.9,7.2,100.0
galaxy-aurora,light,5,1,51,103,278,334,6.8,1.6,16.9,100.0
galaxy-aurora,light,5,2,103,154,278,334,2.8,1.2,12.9,100.0
galaxy-aurora,light,5,3,154,205,278,334,1.4,1.1,1.8,100.0
galaxy-aurora,light,5,4,205,257,278,334,0.9,0.7,1.2,100.0
galaxy-aurora,light,5,5,257,308,278,334,0.7,0.7,0.9,100.0
galaxy-aurora,light,5,6,308,360,278,334,0.7,0.7,0.9,100.0
galaxy-aurora,light,5,7,360,411,278,334,0.7,0.5,0.9,100.0
galaxy-aurora,light,6,0,0,51,334,389,1.7,0.9,3.3,100.0
galaxy-aurora,light,6,1,51,103,334,389,2.2,1.2,6.7,100.0
galaxy-aurora,light,6,2,103,154,334,389,5.8,2.0,11.2,100.0
galaxy-aurora,light,6,3,154,205,334,389,2.3,1.4,4.5,100.0
galaxy-aurora,light,6,4,205,257,334,389,1.2,0.9,1.6,100.0
galaxy-aurora,light,6,5,257,308,334,389,0.7,0.5,0.9,100.0
galaxy-aurora,light,6,6,308,360,334,389,0.7,0.5,0.7,100.0
galaxy-aurora,light,6,7,360,411,334,389,0.7,0.5,0.7,100.0
galaxy-aurora,light,7,0,0,51,389,445,3.7,1.4,7.8,100.0
galaxy-aurora,light,7,1,51,103,389,445,1.3,1.2,1.6,100.0
galaxy-aurora,light,7,2,103,154,389,445,3.6,1.4,7.6,100.0
galaxy-aurora,light,7,3,154,205,389,445,2.4,1.8,3.3,100.0
galaxy-aurora,light,7,4,205,257,389,445,1.8,1.1,2.8,100.0
galaxy-aurora,light,7,5,257,308,389,445,1.0,0.7,1.6,100.0
galaxy-aurora,light,7,6,308,360,389,445,0.7,0.7,0.9,100.0
galaxy-aurora,light,7,7,360,411,389,445,0.7,0.7,0.7,100.0
galaxy-aurora,light,8,0,0,51,445,500,3.8,1.6,9.6,100.0
galaxy-aurora,light,8,1,51,103,445,500,1.3,0.9,1.9,100.0
galaxy-aurora,light,8,2,103,154,445,500,2.4,1.2,5.0,100.0
galaxy-aurora,light,8,3,154,205,445,500,1.8,1.4,2.3,100.0
galaxy-aurora,light,8,4,205,257,445,500,1.5,1.2,1.8,100.0
galaxy-aurora,light,8,5,257,308,445,500,1.2,1.1,1.6,100.0
galaxy-aurora,light,8,6,308,360,445,500,1.0,0.7,1.4,100.0
galaxy-aurora,light,8,7,360,411,445,500,0.9,0.7,1.1,100.0
galaxy-aurora,light,9,0,0,51,500,556,4.5,1.6,8.7,100.0
galaxy-aurora,light,9,1,51,103,500,556,2.4,0.9,8.2,100.0
galaxy-aurora,light,9,2,103,154,500,556,1.7,1.2,3.7,100.0
galaxy-aurora,light,9,3,154,205,500,556,1.9,1.6,2.3,100.0
galaxy-aurora,light,9,4,205,257,500,556,1.6,1.4,2.1,100.0
galaxy-aurora,light,9,5,257,308,500,556,1.4,1.1,1.9,100.0
galaxy-aurora,light,9,6,308,360,500,556,1.2,0.9,1.4,100.0
galaxy-aurora,light,9,7,360,411,500,556,1.1,0.9,1.4,100.0
galaxy-aurora,light,10,0,0,51,556,612,2.1,1.2,9.0,100.0
galaxy-aurora,light,10,1,51,103,556,612,4.6,2.1,12.0,100.0
galaxy-aurora,light,10,2,103,154,556,612,2.6,1.4,8.2,100.0
galaxy-aurora,light,10,3,154,205,556,612,1.9,1.6,3.5,100.0
galaxy-aurora,light,10,4,205,257,556,612,1.4,0.9,2.1,100.0
galaxy-aurora,light,10,5,257,308,556,612,1.5,0.9,2.1,100.0
galaxy-aurora,light,10,6,308,360,556,612,1.5,1.2,1.8,100.0
galaxy-aurora,light,10,7,360,411,556,612,1.4,1.2,1.6,100.0
galaxy-aurora,light,11,0,0,51,612,668,1.2,0.7,2.3,100.0
galaxy-aurora,light,11,1,51,103,612,668,1.8,0.9,3.3,100.0
galaxy-aurora,light,11,2,103,154,612,668,2.0,1.1,3.0,100.0
galaxy-aurora,light,11,3,154,205,612,668,2.6,1.4,7.8,100.0
galaxy-aurora,light,11,4,205,257,612,668,1.2,0.9,2.1,100.0
galaxy-aurora,light,11,5,257,308,612,668,0.8,0.5,0.9,100.0
galaxy-aurora,light,11,6,308,360,612,668,0.8,0.5,1.4,100.0
galaxy-aurora,light,11,7,360,411,612,668,0.9,0.5,1.4,100.0
galaxy-aurora,light,12,0,0,51,668,723,0.8,0.5,1.2,100.0
galaxy-aurora,light,12,1,51,103,668,723,0.9,0.7,1.1,100.0
galaxy-aurora,light,12,2,103,154,668,723,1.0,0.7,1.4,100.0
galaxy-aurora,light,12,3,154,205,668,723,1.4,0.7,4.2,100.0
galaxy-aurora,light,12,4,205,257,668,723,1.8,0.7,4.0,100.0
galaxy-aurora,light,12,5,257,308,668,723,0.7,0.5,0.9,100.0
galaxy-aurora,light,12,6,308,360,668,723,0.7,0.5,0.9,100.0
galaxy-aurora,light,12,7,360,411,668,723,0.7,0.5,0.7,100.0
galaxy-aurora,light,13,0,0,51,723,779,0.6,0.5,0.7,100.0
galaxy-aurora,light,13,1,51,103,723,779,0.6,0.5,0.7,100.0
galaxy-aurora,light,13,2,103,154,723,779,0.7,0.5,0.9,100.0
galaxy-aurora,light,13,3,154,205,723,779,0.8,0.7,1.2,100.0
galaxy-aurora,light,13,4,205,257,723,779,1.6,0.9,2.5,100.0
galaxy-aurora,light,13,5,257,308,723,779,1.1,0.7,2.1,100.0
galaxy-aurora,light,13,6,308,360,723,779,0.8,0.7,0.9,100.0
galaxy-aurora,light,13,7,360,411,723,779,0.7,0.5,0.9,100.0
galaxy-aurora,light,14,0,0,51,779,834,0.5,0.5,0.7,100.0
galaxy-aurora,light,14,1,51,103,779,834,0.5,0.5,0.7,100.0
galaxy-aurora,light,14,2,103,154,779,834,0.5,0.5,0.7,100.0
galaxy-aurora,light,14,3,154,205,779,834,0.6,0.5,0.7,100.0
galaxy-aurora,light,14,4,205,257,779,834,1.1,0.7,1.6,100.0
galaxy-aurora,light,14,5,257,308,779,834,1.2,0.9,1.4,100.0
galaxy-aurora,light,14,6,308,360,779,834,0.9,0.5,1.4,100.0
galaxy-aurora,light,14,7,360,411,779,834,0.6,0.3,0.9,100.0
galaxy-aurora,light,15,0,0,51,834,890,0.5,0.5,0.7,100.0
galaxy-aurora,light,15,1,51,103,834,890,0.5,0.5,0.7,100.0
galaxy-aurora,light,15,2,103,154,834,890,0.5,0.5,0.7,100.0
galaxy-aurora,light,15,3,154,205,834,890,0.5,0.5,0.7,100.0
galaxy-aurora,light,15,4,205,257,834,890,0.6,0.3,1.2,100.0
galaxy-aurora,light,15,5,257,308,834,890,0.8,0.5,1.2,100.0
galaxy-aurora,light,15,6,308,360,834,890,0.8,0.7,1.2,100.0
galaxy-aurora,light,15,7,360,411,834,890,0.6,0.5,0.7,100.0
standard-dawn,dark,0,0,0,51,0,55,82.9,81.3,84.3,100.0
standard-dawn,dark,0,1,51,103,0,55,82.8,81.2,84.2,100.0
standard-dawn,dark,0,2,103,154,0,55,82.3,80.6,83.7,100.0
standard-dawn,dark,0,3,154,205,0,55,81.9,80.1,83.5,100.0
standard-dawn,dark,0,4,205,257,0,55,81.3,79.4,83.0,100.0
standard-dawn,dark,0,5,257,308,0,55,81.4,79.6,82.9,100.0
standard-dawn,dark,0,6,308,360,0,55,80.9,79.2,82.9,100.0
standard-dawn,dark,0,7,360,411,0,55,80.9,79.2,82.7,100.0
standard-dawn,dark,1,0,0,51,55,111,83.5,81.9,85.1,100.0
standard-dawn,dark,1,1,51,103,55,111,83.3,81.8,84.9,100.0
standard-dawn,dark,1,2,103,154,55,111,82.9,81.4,84.4,100.0
standard-dawn,dark,1,3,154,205,55,111,82.4,80.6,83.9,100.0
standard-dawn,dark,1,4,205,257,55,111,81.8,79.7,83.3,100.0
standard-dawn,dark,1,5,257,308,55,111,81.6,79.7,83.2,100.0
standard-dawn,dark,1,6,308,360,55,111,80.9,79.2,82.7,100.0
standard-dawn,dark,1,7,360,411,55,111,80.7,78.9,82.5,100.0
standard-dawn,dark,2,0,0,51,111,167,84.3,82.8,85.8,100.0
standard-dawn,dark,2,1,51,103,111,167,83.9,82.4,85.4,100.0
standard-dawn,dark,2,2,103,154,111,167,83.5,81.9,85.0,100.0
standard-dawn,dark,2,3,154,205,111,167,83.2,81.5,84.8,100.0
standard-dawn,dark,2,4,205,257,111,167,82.5,80.6,84.1,100.0
standard-dawn,dark,2,5,257,308,111,167,81.9,79.9,83.4,100.0
standard-dawn,dark,2,6,308,360,111,167,81.7,79.7,83.2,100.0
standard-dawn,dark,2,7,360,411,111,167,81.2,79.3,82.9,100.0
standard-dawn,dark,3,0,0,51,167,222,83.5,81.7,85.3,100.0
standard-dawn,dark,3,1,51,103,167,222,83.6,81.7,85.3,100.0
standard-dawn,dark,3,2,103,154,167,222,83.5,82.2,85.0,100.0
standard-dawn,dark,3,3,154,205,167,222,83.4,82.0,84.9,100.0
standard-dawn,dark,3,4,205,257,167,222,83.2,81.8,84.7,100.0
standard-dawn,dark,3,5,257,308,167,222,83.0,81.4,84.7,100.0
standard-dawn,dark,3,6,308,360,167,222,83.0,81.4,84.4,100.0
standard-dawn,dark,3,7,360,411,167,222,82.6,80.7,84.1,100.0
standard-dawn,dark,4,0,0,51,222,278,81.8,79.7,83.7,100.0
standard-dawn,dark,4,1,51,103,222,278,81.5,79.5,83.4,100.0
standard-dawn,dark,4,2,103,154,222,278,81.7,79.6,84.1,100.0
standard-dawn,dark,4,3,154,205,222,278,82.6,80.2,84.6,100.0
standard-dawn,dark,4,4,205,257,222,278,83.4,81.4,84.9,100.0
standard-dawn,dark,4,5,257,308,222,278,83.4,81.9,84.9,100.0
standard-dawn,dark,4,6,308,360,222,278,83.4,82.2,84.9,100.0
standard-dawn,dark,4,7,360,411,222,278,83.2,81.8,84.6,100.0
standard-dawn,dark,5,0,0,51,278,334,81.1,79.4,82.8,100.0
standard-dawn,dark,5,1,51,103,278,334,80.7,79.0,82.7,100.0
standard-dawn,dark,5,2,103,154,278,334,81.0,79.2,82.8,100.0
standard-dawn,dark,5,3,154,205,278,334,81.3,79.6,83.1,100.0
standard-dawn,dark,5,4,205,257,278,334,81.7,79.9,83.2,100.0
standard-dawn,dark,5,5,257,308,278,334,82.1,80.1,84.2,100.0
standard-dawn,dark,5,6,308,360,278,334,82.3,80.5,84.2,100.0
standard-dawn,dark,5,7,360,411,278,334,82.3,80.5,83.7,100.0
standard-dawn,dark,6,0,0,51,334,389,80.6,77.5,83.2,100.0
standard-dawn,dark,6,1,51,103,334,389,81.3,78.9,83.2,100.0
standard-dawn,dark,6,2,103,154,334,389,81.5,79.7,83.3,100.0
standard-dawn,dark,6,3,154,205,334,389,81.8,80.0,83.3,100.0
standard-dawn,dark,6,4,205,257,334,389,81.6,79.9,83.2,100.0
standard-dawn,dark,6,5,257,308,334,389,81.3,79.6,82.9,100.0
standard-dawn,dark,6,6,308,360,334,389,81.4,79.6,83.1,100.0
standard-dawn,dark,6,7,360,411,334,389,81.7,80.1,83.2,100.0
standard-dawn,dark,7,0,0,51,389,445,78.2,76.1,80.3,100.0
standard-dawn,dark,7,1,51,103,389,445,78.3,76.0,80.7,100.0
standard-dawn,dark,7,2,103,154,389,445,79.5,76.5,82.2,100.0
standard-dawn,dark,7,3,154,205,389,445,80.8,78.1,83.0,100.0
standard-dawn,dark,7,4,205,257,389,445,81.1,79.1,82.9,100.0
standard-dawn,dark,7,5,257,308,389,445,81.5,79.8,83.2,100.0
standard-dawn,dark,7,6,308,360,389,445,81.6,79.8,83.3,100.0
standard-dawn,dark,7,7,360,411,389,445,80.8,78.5,82.9,100.0
standard-dawn,dark,8,0,0,51,445,500,78.8,76.5,80.8,100.0
standard-dawn,dark,8,1,51,103,445,500,78.4,76.3,80.4,100.0
standard-dawn,dark,8,2,103,154,445,500,78.2,76.3,80.3,100.0
standard-dawn,dark,8,3,154,205,445,500,78.5,76.4,81.0,100.0
standard-dawn,dark,8,4,205,257,445,500,79.2,76.6,81.7,100.0
standard-dawn,dark,8,5,257,308,445,500,80.0,77.4,82.5,100.0
standard-dawn,dark,8,6,308,360,445,500,80.2,78.2,82.4,100.0
standard-dawn,dark,8,7,360,411,445,500,80.1,78.4,81.7,100.0
standard-dawn,dark,9,0,0,51,500,556,80.2,78.1,82.2,100.0
standard-dawn,dark,9,1,51,103,500,556,79.5,77.6,81.3,100.0
standard-dawn,dark,9,2,103,154,500,556,79.0,76.8,80.8,100.0
standard-dawn,dark,9,3,154,205,500,556,78.6,76.5,80.6,100.0
standard-dawn,dark,9,4,205,257,500,556,78.5,76.5,80.4,100.0
standard-dawn,dark,9,5,257,308,500,556,78.8,76.5,80.6,100.0
standard-dawn,dark,9,6,308,360,500,556,79.6,77.6,81.4,100.0
standard-dawn,dark,9,7,360,411,500,556,80.2,78.3,81.9,100.0
standard-dawn,dark,10,0,0,51,556,612,78.6,76.0,81.5,100.0
standard-dawn,dark,10,1,51,103,556,612,79.1,76.6,81.7,100.0
standard-dawn,dark,10,2,103,154,556,612,79.5,77.2,81.6,100.0
standard-dawn,dark,10,3,154,205,556,612,80.2,77.9,82.5,100.0
standard-dawn,dark,10,4,205,257,556,612,80.3,77.7,82.6,100.0
standard-dawn,dark,10,5,257,308,556,612,80.3,77.9,82.7,100.0
standard-dawn,dark,10,6,308,360,556,612,81.0,78.7,83.0,100.0
standard-dawn,dark,10,7,360,411,556,612,81.3,79.1,83.2,100.0
standard-dawn,dark,11,0,0,51,612,668,77.1,74.5,79.5,100.0
standard-dawn,dark,11,1,51,103,612,668,77.7,75.5,79.8,100.0
standard-dawn,dark,11,2,103,154,612,668,78.7,76.6,80.4,100.0
standard-dawn,dark,11,3,154,205,612,668,79.5,77.4,82.2,100.0
standard-dawn,dark,11,4,205,257,612,668,80.6,77.9,83.1,100.0
standard-dawn,dark,11,5,257,308,612,668,81.9,79.2,83.6,100.0
standard-dawn,dark,11,6,308,360,612,668,82.2,80.3,83.6,100.0
standard-dawn,dark,11,7,360,411,612,668,81.9,80.3,83.3,100.0
standard-dawn,dark,12,0,0,51,668,723,75.8,72.9,78.2,100.0
standard-dawn,dark,12,1,51,103,668,723,76.5,74.0,79.0,100.0
standard-dawn,dark,12,2,103,154,668,723,77.7,75.5,79.8,100.0
standard-dawn,dark,12,3,154,205,668,723,78.8,76.5,80.6,100.0
standard-dawn,dark,12,4,205,257,668,723,78.5,76.5,80.3,100.0
standard-dawn,dark,12,5,257,308,668,723,78.8,76.3,82.1,100.0
standard-dawn,dark,12,6,308,360,668,723,79.8,76.4,83.1,100.0
standard-dawn,dark,12,7,360,411,668,723,79.8,76.1,83.0,100.0
standard-dawn,dark,13,0,0,51,723,779,73.8,71.0,76.4,100.0
standard-dawn,dark,13,1,51,103,723,779,74.5,71.6,78.0,100.0
standard-dawn,dark,13,2,103,154,723,779,75.9,72.2,79.0,100.0
standard-dawn,dark,13,3,154,205,723,779,77.5,74.0,79.9,100.0
standard-dawn,dark,13,4,205,257,723,779,77.9,75.5,79.8,100.0
standard-dawn,dark,13,5,257,308,723,779,77.8,75.5,79.9,100.0
standard-dawn,dark,13,6,308,360,723,779,77.5,75.2,79.6,100.0
standard-dawn,dark,13,7,360,411,723,779,76.9,74.6,79.3,100.0
standard-dawn,dark,14,0,0,51,779,834,73.8,71.1,76.4,100.0
standard-dawn,dark,14,1,51,103,779,834,73.6,71.0,76.0,100.0
standard-dawn,dark,14,2,103,154,779,834,73.7,71.1,76.1,100.0
standard-dawn,dark,14,3,154,205,779,834,74.2,71.5,77.2,100.0
standard-dawn,dark,14,4,205,257,779,834,75.3,71.8,78.6,100.0
standard-dawn,dark,14,5,257,308,779,834,76.8,74.1,79.3,100.0
standard-dawn,dark,14,6,308,360,779,834,77.0,75.0,79.1,100.0
standard-dawn,dark,14,7,360,411,779,834,76.4,74.3,78.6,100.0
standard-dawn,dark,15,0,0,51,834,890,75.7,72.8,78.1,100.0
standard-dawn,dark,15,1,51,103,834,890,74.9,72.4,77.3,100.0
standard-dawn,dark,15,2,103,154,834,890,74.4,71.9,76.8,100.0
standard-dawn,dark,15,3,154,205,834,890,74.3,71.7,76.6,100.0
standard-dawn,dark,15,4,205,257,834,890,74.0,71.7,76.3,100.0
standard-dawn,dark,15,5,257,308,834,890,74.7,72.1,77.3,100.0
standard-dawn,dark,15,6,308,360,834,890,75.7,73.0,78.3,100.0
standard-dawn,dark,15,7,360,411,834,890,76.2,73.6,78.7,100.0
standard-dawn,light,0,0,0,51,0,55,82.9,81.3,84.3,100.0
standard-dawn,light,0,1,51,103,0,55,82.8,81.2,84.2,100.0
standard-dawn,light,0,2,103,154,0,55,82.3,80.6,83.7,100.0
standard-dawn,light,0,3,154,205,0,55,81.9,80.1,83.5,100.0
standard-dawn,light,0,4,205,257,0,55,81.3,79.4,83.0,100.0
standard-dawn,light,0,5,257,308,0,55,81.4,79.6,82.9,100.0
standard-dawn,light,0,6,308,360,0,55,80.9,79.2,82.9,100.0
standard-dawn,light,0,7,360,411,0,55,80.9,79.2,82.7,100.0
standard-dawn,light,1,0,0,51,55,111,83.5,81.9,85.1,100.0
standard-dawn,light,1,1,51,103,55,111,83.3,81.8,84.9,100.0
standard-dawn,light,1,2,103,154,55,111,82.9,81.4,84.4,100.0
standard-dawn,light,1,3,154,205,55,111,82.4,80.6,83.9,100.0
standard-dawn,light,1,4,205,257,55,111,81.8,79.7,83.3,100.0
standard-dawn,light,1,5,257,308,55,111,81.6,79.7,83.2,100.0
standard-dawn,light,1,6,308,360,55,111,80.9,79.2,82.7,100.0
standard-dawn,light,1,7,360,411,55,111,80.7,78.9,82.5,100.0
standard-dawn,light,2,0,0,51,111,167,84.3,82.8,85.8,100.0
standard-dawn,light,2,1,51,103,111,167,83.9,82.4,85.4,100.0
standard-dawn,light,2,2,103,154,111,167,83.5,81.9,85.0,100.0
standard-dawn,light,2,3,154,205,111,167,83.2,81.5,84.8,100.0
standard-dawn,light,2,4,205,257,111,167,82.5,80.6,84.1,100.0
standard-dawn,light,2,5,257,308,111,167,81.9,79.9,83.4,100.0
standard-dawn,light,2,6,308,360,111,167,81.7,79.7,83.2,100.0
standard-dawn,light,2,7,360,411,111,167,81.2,79.3,82.9,100.0
standard-dawn,light,3,0,0,51,167,222,83.5,81.7,85.3,100.0
standard-dawn,light,3,1,51,103,167,222,83.6,81.7,85.3,100.0
standard-dawn,light,3,2,103,154,167,222,83.5,82.2,85.0,100.0
standard-dawn,light,3,3,154,205,167,222,83.4,82.0,84.9,100.0
standard-dawn,light,3,4,205,257,167,222,83.2,81.8,84.7,100.0
standard-dawn,light,3,5,257,308,167,222,83.0,81.4,84.7,100.0
standard-dawn,light,3,6,308,360,167,222,83.0,81.4,84.4,100.0
standard-dawn,light,3,7,360,411,167,222,82.6,80.7,84.1,100.0
standard-dawn,light,4,0,0,51,222,278,81.8,79.7,83.7,100.0
standard-dawn,light,4,1,51,103,222,278,81.5,79.5,83.4,100.0
standard-dawn,light,4,2,103,154,222,278,81.7,79.6,84.1,100.0
standard-dawn,light,4,3,154,205,222,278,82.6,80.2,84.6,100.0
standard-dawn,light,4,4,205,257,222,278,83.4,81.4,84.9,100.0
standard-dawn,light,4,5,257,308,222,278,83.4,81.9,84.9,100.0
standard-dawn,light,4,6,308,360,222,278,83.4,82.2,84.9,100.0
standard-dawn,light,4,7,360,411,222,278,83.2,81.8,84.6,100.0
standard-dawn,light,5,0,0,51,278,334,81.1,79.4,82.8,100.0
standard-dawn,light,5,1,51,103,278,334,80.7,79.0,82.7,100.0
standard-dawn,light,5,2,103,154,278,334,81.0,79.2,82.8,100.0
standard-dawn,light,5,3,154,205,278,334,81.3,79.6,83.1,100.0
standard-dawn,light,5,4,205,257,278,334,81.7,79.9,83.2,100.0
standard-dawn,light,5,5,257,308,278,334,82.1,80.1,84.2,100.0
standard-dawn,light,5,6,308,360,278,334,82.3,80.5,84.2,100.0
standard-dawn,light,5,7,360,411,278,334,82.3,80.5,83.7,100.0
standard-dawn,light,6,0,0,51,334,389,80.6,77.5,83.2,100.0
standard-dawn,light,6,1,51,103,334,389,81.3,78.9,83.2,100.0
standard-dawn,light,6,2,103,154,334,389,81.5,79.7,83.3,100.0
standard-dawn,light,6,3,154,205,334,389,81.8,80.0,83.3,100.0
standard-dawn,light,6,4,205,257,334,389,81.6,79.9,83.2,100.0
standard-dawn,light,6,5,257,308,334,389,81.3,79.6,82.9,100.0
standard-dawn,light,6,6,308,360,334,389,81.4,79.6,83.1,100.0
standard-dawn,light,6,7,360,411,334,389,81.7,80.1,83.2,100.0
standard-dawn,light,7,0,0,51,389,445,78.2,76.1,80.3,100.0
standard-dawn,light,7,1,51,103,389,445,78.3,76.0,80.7,100.0
standard-dawn,light,7,2,103,154,389,445,79.5,76.5,82.2,100.0
standard-dawn,light,7,3,154,205,389,445,80.8,78.1,83.0,100.0
standard-dawn,light,7,4,205,257,389,445,81.1,79.1,82.9,100.0
standard-dawn,light,7,5,257,308,389,445,81.5,79.8,83.2,100.0
standard-dawn,light,7,6,308,360,389,445,81.6,79.8,83.3,100.0
standard-dawn,light,7,7,360,411,389,445,80.8,78.5,82.9,100.0
standard-dawn,light,8,0,0,51,445,500,78.8,76.5,80.8,100.0
standard-dawn,light,8,1,51,103,445,500,78.4,76.3,80.4,100.0
standard-dawn,light,8,2,103,154,445,500,78.2,76.3,80.3,100.0
standard-dawn,light,8,3,154,205,445,500,78.5,76.4,81.0,100.0
standard-dawn,light,8,4,205,257,445,500,79.2,76.6,81.7,100.0
standard-dawn,light,8,5,257,308,445,500,80.0,77.4,82.5,100.0
standard-dawn,light,8,6,308,360,445,500,80.2,78.2,82.4,100.0
standard-dawn,light,8,7,360,411,445,500,80.1,78.4,81.7,100.0
standard-dawn,light,9,0,0,51,500,556,80.2,78.1,82.2,100.0
standard-dawn,light,9,1,51,103,500,556,79.5,77.6,81.3,100.0
standard-dawn,light,9,2,103,154,500,556,79.0,76.8,80.8,100.0
standard-dawn,light,9,3,154,205,500,556,78.6,76.5,80.6,100.0
standard-dawn,light,9,4,205,257,500,556,78.5,76.5,80.4,100.0
standard-dawn,light,9,5,257,308,500,556,78.8,76.5,80.6,100.0
standard-dawn,light,9,6,308,360,500,556,79.6,77.6,81.4,100.0
standard-dawn,light,9,7,360,411,500,556,80.2,78.3,81.9,100.0
standard-dawn,light,10,0,0,51,556,612,78.6,76.0,81.5,100.0
standard-dawn,light,10,1,51,103,556,612,79.1,76.6,81.7,100.0
standard-dawn,light,10,2,103,154,556,612,79.5,77.2,81.6,100.0
standard-dawn,light,10,3,154,205,556,612,80.2,77.9,82.5,100.0
standard-dawn,light,10,4,205,257,556,612,80.3,77.7,82.6,100.0
standard-dawn,light,10,5,257,308,556,612,80.3,77.9,82.7,100.0
standard-dawn,light,10,6,308,360,556,612,81.0,78.7,83.0,100.0
standard-dawn,light,10,7,360,411,556,612,81.3,79.1,83.2,100.0
standard-dawn,light,11,0,0,51,612,668,77.1,74.5,79.5,100.0
standard-dawn,light,11,1,51,103,612,668,77.7,75.5,79.8,100.0
standard-dawn,light,11,2,103,154,612,668,78.7,76.6,80.4,100.0
standard-dawn,light,11,3,154,205,612,668,79.5,77.4,82.2,100.0
standard-dawn,light,11,4,205,257,612,668,80.6,77.9,83.1,100.0
standard-dawn,light,11,5,257,308,612,668,81.9,79.2,83.6,100.0
standard-dawn,light,11,6,308,360,612,668,82.2,80.3,83.6,100.0
standard-dawn,light,11,7,360,411,612,668,81.9,80.3,83.3,100.0
standard-dawn,light,12,0,0,51,668,723,75.8,72.9,78.2,100.0
standard-dawn,light,12,1,51,103,668,723,76.5,74.0,79.0,100.0
standard-dawn,light,12,2,103,154,668,723,77.7,75.5,79.8,100.0
standard-dawn,light,12,3,154,205,668,723,78.8,76.5,80.6,100.0
standard-dawn,light,12,4,205,257,668,723,78.5,76.5,80.3,100.0
standard-dawn,light,12,5,257,308,668,723,78.8,76.3,82.1,100.0
standard-dawn,light,12,6,308,360,668,723,79.8,76.4,83.1,100.0
standard-dawn,light,12,7,360,411,668,723,79.8,76.1,83.0,100.0
standard-dawn,light,13,0,0,51,723,779,73.8,71.0,76.4,100.0
standard-dawn,light,13,1,51,103,723,779,74.5,71.6,78.0,100.0
standard-dawn,light,13,2,103,154,723,779,75.9,72.2,79.0,100.0
standard-dawn,light,13,3,154,205,723,779,77.5,74.0,79.9,100.0
standard-dawn,light,13,4,205,257,723,779,77.9,75.5,79.8,100.0
standard-dawn,light,13,5,257,308,723,779,77.8,75.5,79.9,100.0
standard-dawn,light,13,6,308,360,723,779,77.5,75.2,79.6,100.0
standard-dawn,light,13,7,360,411,723,779,76.9,74.6,79.3,100.0
standard-dawn,light,14,0,0,51,779,834,73.8,71.1,76.4,100.0
standard-dawn,light,14,1,51,103,779,834,73.6,71.0,76.0,100.0
standard-dawn,light,14,2,103,154,779,834,73.7,71.1,76.1,100.0
standard-dawn,light,14,3,154,205,779,834,74.2,71.5,77.2,100.0
standard-dawn,light,14,4,205,257,779,834,75.3,71.8,78.6,100.0
standard-dawn,light,14,5,257,308,779,834,76.8,74.1,79.3,100.0
standard-dawn,light,14,6,308,360,779,834,77.0,75.0,79.1,100.0
standard-dawn,light,14,7,360,411,779,834,76.4,74.3,78.6,100.0
standard-dawn,light,15,0,0,51,834,890,75.7,72.8,78.1,100.0
standard-dawn,light,15,1,51,103,834,890,74.9,72.4,77.3,100.0
standard-dawn,light,15,2,103,154,834,890,74.4,71.9,76.8,100.0
standard-dawn,light,15,3,154,205,834,890,74.3,71.7,76.6,100.0
standard-dawn,light,15,4,205,257,834,890,74.0,71.7,76.3,100.0
standard-dawn,light,15,5,257,308,834,890,74.7,72.1,77.3,100.0
standard-dawn,light,15,6,308,360,834,890,75.7,73.0,78.3,100.0
standard-dawn,light,15,7,360,411,834,890,76.2,73.6,78.7,100.0
standard-paper,dark,0,0,0,51,0,55,84.9,80.8,87.9,100.0
standard-paper,dark,0,1,51,103,0,55,84.8,80.4,87.9,100.0
standard-paper,dark,0,2,103,154,0,55,84.6,80.3,87.7,100.0
standard-paper,dark,0,3,154,205,0,55,84.8,80.5,88.0,100.0
standard-paper,dark,0,4,205,257,0,55,84.8,80.7,87.8,100.0
standard-paper,dark,0,5,257,308,0,55,84.9,80.4,88.1,100.0
standard-paper,dark,0,6,308,360,0,55,84.8,80.8,87.9,100.0
standard-paper,dark,0,7,360,411,0,55,84.7,80.3,87.9,100.0
standard-paper,dark,1,0,0,51,55,111,84.7,80.7,87.7,100.0
standard-paper,dark,1,1,51,103,55,111,84.7,80.3,87.8,100.0
standard-paper,dark,1,2,103,154,55,111,84.7,80.4,87.8,100.0
standard-paper,dark,1,3,154,205,55,111,84.5,80.0,87.5,100.0
standard-paper,dark,1,4,205,257,55,111,84.7,80.7,87.6,100.0
standard-paper,dark,1,5,257,308,55,111,84.6,80.6,87.5,100.0
standard-paper,dark,1,6,308,360,55,111,84.7,80.8,87.8,100.0
standard-paper,dark,1,7,360,411,55,111,84.6,80.2,87.8,100.0
standard-paper,dark,2,0,0,51,111,167,84.6,80.2,87.7,100.0
standard-paper,dark,2,1,51,103,111,167,84.3,80.0,87.4,100.0
standard-paper,dark,2,2,103,154,111,167,84.4,80.0,87.5,100.0
standard-paper,dark,2,3,154,205,111,167,84.8,80.7,87.9,100.0
standard-paper,dark,2,4,205,257,111,167,84.5,79.6,87.6,100.0
standard-paper,dark,2,5,257,308,111,167,84.6,80.3,87.8,100.0
standard-paper,dark,2,6,308,360,111,167,84.6,80.3,87.8,100.0
standard-paper,dark,2,7,360,411,111,167,84.6,80.3,87.6,100.0
standard-paper,dark,3,0,0,51,167,222,84.5,79.9,87.6,100.0
standard-paper,dark,3,1,51,103,167,222,84.4,80.2,87.6,100.0
standard-paper,dark,3,2,103,154,167,222,84.5,79.9,87.8,100.0
standard-paper,dark,3,3,154,205,167,222,84.6,80.3,87.6,100.0
standard-paper,dark,3,4,205,257,167,222,84.6,80.5,87.6,100.0
standard-paper,dark,3,5,257,308,167,222,84.4,79.2,87.6,100.0
standard-paper,dark,3,6,308,360,167,222,84.8,80.7,87.8,100.0
standard-paper,dark,3,7,360,411,167,222,84.7,80.3,87.6,100.0
standard-paper,dark,4,0,0,51,222,278,84.6,80.3,87.6,100.0
standard-paper,dark,4,1,51,103,222,278,84.4,80.3,87.5,100.0
standard-paper,dark,4,2,103,154,222,278,84.5,80.6,87.5,100.0
standard-paper,dark,4,3,154,205,222,278,84.7,80.7,87.8,100.0
standard-paper,dark,4,4,205,257,222,278,84.4,80.0,87.6,100.0
standard-paper,dark,4,5,257,308,222,278,84.6,80.4,87.6,100.0
standard-paper,dark,4,6,308,360,222,278,84.7,80.6,87.6,100.0
standard-paper,dark,4,7,360,411,222,278,84.7,80.5,87.8,100.0
standard-paper,dark,5,0,0,51,278,334,84.6,80.2,87.8,100.0
standard-paper,dark,5,1,51,103,278,334,84.3,79.9,87.6,100.0
standard-paper,dark,5,2,103,154,278,334,84.5,79.9,87.6,100.0
standard-paper,dark,5,3,154,205,278,334,84.6,80.4,87.6,100.0
standard-paper,dark,5,4,205,257,278,334,84.6,80.4,87.6,100.0
standard-paper,dark,5,5,257,308,278,334,84.7,80.9,87.8,100.0
standard-paper,dark,5,6,308,360,278,334,84.7,80.3,87.8,100.0
standard-paper,dark,5,7,360,411,278,334,84.4,79.8,87.5,100.0
standard-paper,dark,6,0,0,51,334,389,84.4,80.3,87.6,100.0
standard-paper,dark,6,1,51,103,334,389,84.4,80.3,87.5,100.0
standard-paper,dark,6,2,103,154,334,389,84.1,79.6,87.2,100.0
standard-paper,dark,6,3,154,205,334,389,84.4,80.0,87.5,100.0
standard-paper,dark,6,4,205,257,334,389,84.4,80.3,87.4,100.0
standard-paper,dark,6,5,257,308,334,389,84.5,80.3,87.6,100.0
standard-paper,dark,6,6,308,360,334,389,84.3,79.9,87.7,100.0
standard-paper,dark,6,7,360,411,334,389,84.4,80.3,87.2,100.0
standard-paper,dark,7,0,0,51,389,445,84.5,79.9,87.7,100.0
standard-paper,dark,7,1,51,103,389,445,84.2,80.2,87.4,100.0
standard-paper,dark,7,2,103,154,389,445,84.5,80.3,87.6,100.0
standard-paper,dark,7,3,154,205,389,445,84.6,80.4,87.6,100.0
standard-paper,dark,7,4,205,257,389,445,84.4,80.3,87.5,100.0
standard-paper,dark,7,5,257,308,389,445,84.4,79.9,87.5,100.0
standard-paper,dark,7,6,308,360,389,445,84.6,80.3,87.8,100.0
standard-paper,dark,7,7,360,411,389,445,84.5,80.7,87.5,100.0
standard-paper,dark,8,0,0,51,445,500,84.4,80.3,87.4,100.0
standard-paper,dark,8,1,51,103,445,500,84.5,80.3,87.6,100.0
standard-paper,dark,8,2,103,154,445,500,84.3,80.0,87.5,100.0
standard-paper,dark,8,3,154,205,445,500,84.7,80.7,87.6,100.0
standard-paper,dark,8,4,205,257,445,500,84.3,80.0,87.5,100.0
standard-paper,dark,8,5,257,308,445,500,84.3,80.4,87.5,100.0
standard-paper,dark,8,6,308,360,445,500,84.5,80.4,87.6,100.0
standard-paper,dark,8,7,360,411,445,500,84.4,80.3,87.5,100.0
standard-paper,dark,9,0,0,51,500,556,84.6,80.6,87.5,100.0
standard-paper,dark,9,1,51,103,500,556,84.2,79.6,87.2,100.0
standard-paper,dark,9,2,103,154,500,556,84.5,80.4,87.5,100.0
standard-paper,dark,9,3,154,205,500,556,84.7,80.7,87.6,100.0
standard-paper,dark,9,4,205,257,500,556,84.4,80.2,87.5,100.0
standard-paper,dark,9,5,257,308,500,556,84.6,80.8,87.5,100.0
standard-paper,dark,9,6,308,360,500,556,84.5,80.8,87.5,100.0
standard-paper,dark,9,7,360,411,500,556,84.6,80.4,87.6,100.0
standard-paper,dark,10,0,0,51,556,612,84.6,80.3,87.6,100.0
standard-paper,dark,10,1,51,103,556,612,84.3,80.4,87.4,100.0
standard-paper,dark,10,2,103,154,556,612,84.6,80.4,87.5,100.0
standard-paper,dark,10,3,154,205,556,612,84.3,79.9,87.5,100.0
standard-paper,dark,10,4,205,257,556,612,84.4,80.3,87.4,100.0
standard-paper,dark,10,5,257,308,556,612,84.4,80.4,87.4,100.0
standard-paper,dark,10,6,308,360,556,612,84.3,80.1,87.5,100.0
standard-paper,dark,10,7,360,411,556,612,84.3,80.3,87.5,100.0
standard-paper,dark,11,0,0,51,612,668,84.6,80.4,87.6,100.0
standard-paper,dark,11,1,51,103,612,668,84.3,80.2,87.5,100.0
standard-paper,dark,11,2,103,154,612,668,84.6,80.4,87.7,100.0
standard-paper,dark,11,3,154,205,612,668,84.4,80.3,87.5,100.0
standard-paper,dark,11,4,205,257,612,668,84.2,79.1,87.5,100.0
standard-paper,dark,11,5,257,308,612,668,84.4,80.2,87.5,100.0
standard-paper,dark,11,6,308,360,612,668,84.4,80.5,87.3,100.0
standard-paper,dark,11,7,360,411,612,668,84.5,80.4,87.5,100.0
standard-paper,dark,12,0,0,51,668,723,84.3,80.3,87.5,100.0
standard-paper,dark,12,1,51,103,668,723,84.2,79.4,87.5,100.0
standard-paper,dark,12,2,103,154,668,723,84.5,80.3,87.5,100.0
standard-paper,dark,12,3,154,205,668,723,84.5,80.6,87.5,100.0
standard-paper,dark,12,4,205,257,668,723,84.6,80.7,87.5,100.0
standard-paper,dark,12,5,257,308,668,723,84.5,80.3,87.5,100.0
standard-paper,dark,12,6,308,360,668,723,84.5,80.3,87.5,100.0
standard-paper,dark,12,7,360,411,668,723,84.4,80.4,87.6,100.0
standard-paper,dark,13,0,0,51,723,779,84.5,80.6,87.6,100.0
standard-paper,dark,13,1,51,103,723,779,84.4,80.4,87.5,100.0
standard-paper,dark,13,2,103,154,723,779,84.5,80.3,87.5,100.0
standard-paper,dark,13,3,154,205,723,779,84.4,80.3,87.5,100.0
standard-paper,dark,13,4,205,257,723,779,84.6,81.0,87.5,100.0
standard-paper,dark,13,5,257,308,723,779,84.6,79.9,87.5,100.0
standard-paper,dark,13,6,308,360,723,779,84.5,80.5,87.5,100.0
standard-paper,dark,13,7,360,411,723,779,84.6,80.5,87.5,100.0
standard-paper,dark,14,0,0,51,779,834,84.7,80.4,87.8,100.0
standard-paper,dark,14,1,51,103,779,834,84.5,80.3,87.5,100.0
standard-paper,dark,14,2,103,154,779,834,84.5,80.4,87.5,100.0
standard-paper,dark,14,3,154,205,779,834,84.4,80.3,87.4,100.0
standard-paper,dark,14,4,205,257,779,834,84.6,80.6,87.5,100.0
standard-paper,dark,14,5,257,308,779,834,84.8,81.1,87.5,100.0
standard-paper,dark,14,6,308,360,779,834,84.7,81.0,87.6,100.0
standard-paper,dark,14,7,360,411,779,834,84.5,80.4,87.4,100.0
standard-paper,dark,15,0,0,51,834,890,84.4,80.3,87.5,100.0
standard-paper,dark,15,1,51,103,834,890,84.5,80.6,87.6,100.0
standard-paper,dark,15,2,103,154,834,890,84.4,80.4,87.5,100.0
standard-paper,dark,15,3,154,205,834,890,84.6,80.8,87.5,100.0
standard-paper,dark,15,4,205,257,834,890,84.7,80.8,87.6,100.0
standard-paper,dark,15,5,257,308,834,890,84.6,80.2,87.5,100.0
standard-paper,dark,15,6,308,360,834,890,84.6,80.4,87.5,100.0
standard-paper,dark,15,7,360,411,834,890,84.7,80.3,87.8,100.0
standard-paper,light,0,0,0,51,0,55,84.9,80.8,87.9,90.4
standard-paper,light,0,1,51,103,0,55,84.8,80.4,87.9,91.2
standard-paper,light,0,2,103,154,0,55,84.6,80.3,87.7,93.2
standard-paper,light,0,3,154,205,0,55,84.8,80.5,88.0,91.2
standard-paper,light,0,4,205,257,0,55,84.8,80.7,87.8,91.1
standard-paper,light,0,5,257,308,0,55,84.9,80.4,88.1,88.5
standard-paper,light,0,6,308,360,0,55,84.8,80.8,87.9,90.7
standard-paper,light,0,7,360,411,0,55,84.7,80.3,87.9,91.9
standard-paper,light,1,0,0,51,55,111,84.7,80.7,87.7,93.4
standard-paper,light,1,1,51,103,55,111,84.7,80.3,87.8,91.9
standard-paper,light,1,2,103,154,55,111,84.7,80.4,87.8,91.9
standard-paper,light,1,3,154,205,55,111,84.5,80.0,87.5,94.8
standard-paper,light,1,4,205,257,55,111,84.7,80.7,87.6,93.6
standard-paper,light,1,5,257,308,55,111,84.6,80.6,87.5,94.1
standard-paper,light,1,6,308,360,55,111,84.7,80.8,87.8,92.0
standard-paper,light,1,7,360,411,55,111,84.6,80.2,87.8,93.3
standard-paper,light,2,0,0,51,111,167,84.6,80.2,87.7,93.1
standard-paper,light,2,1,51,103,111,167,84.3,80.0,87.4,96.2
standard-paper,light,2,2,103,154,111,167,84.4,80.0,87.5,94.8
standard-paper,light,2,3,154,205,111,167,84.8,80.7,87.9,91.2
standard-paper,light,2,4,205,257,111,167,84.5,79.6,87.6,94.4
standard-paper,light,2,5,257,308,111,167,84.6,80.3,87.8,93.2
standard-paper,light,2,6,308,360,111,167,84.6,80.3,87.8,93.1
standard-paper,light,2,7,360,411,111,167,84.6,80.3,87.6,93.8
standard-paper,light,3,0,0,51,167,222,84.5,79.9,87.6,93.2
standard-paper,light,3,1,51,103,167,222,84.4,80.2,87.6,94.8
standard-paper,light,3,2,103,154,167,222,84.5,79.9,87.8,93.7
standard-paper,light,3,3,154,205,167,222,84.6,80.3,87.6,93.3
standard-paper,light,3,4,205,257,167,222,84.6,80.5,87.6,93.8
standard-paper,light,3,5,257,308,167,222,84.4,79.2,87.6,94.2
standard-paper,light,3,6,308,360,167,222,84.8,80.7,87.8,92.2
standard-paper,light,3,7,360,411,167,222,84.7,80.3,87.6,92.8
standard-paper,light,4,0,0,51,222,278,84.6,80.3,87.6,93.6
standard-paper,light,4,1,51,103,222,278,84.4,80.3,87.5,95.3
standard-paper,light,4,2,103,154,222,278,84.5,80.6,87.5,94.7
standard-paper,light,4,3,154,205,222,278,84.7,80.7,87.8,92.7
standard-paper,light,4,4,205,257,222,278,84.4,80.0,87.6,94.5
standard-paper,light,4,5,257,308,222,278,84.6,80.4,87.6,94.1
standard-paper,light,4,6,308,360,222,278,84.7,80.6,87.6,93.1
standard-paper,light,4,7,360,411,222,278,84.7,80.5,87.8,92.3
standard-paper,light,5,0,0,51,278,334,84.6,80.2,87.8,92.7
standard-paper,light,5,1,51,103,278,334,84.3,79.9,87.6,94.7
standard-paper,light,5,2,103,154,278,334,84.5,79.9,87.6,93.5
standard-paper,light,5,3,154,205,278,334,84.6,80.4,87.6,94.2
standard-paper,light,5,4,205,257,278,334,84.6,80.4,87.6,93.4
standard-paper,light,5,5,257,308,278,334,84.7,80.9,87.8,93.4
standard-paper,light,5,6,308,360,278,334,84.7,80.3,87.8,92.3
standard-paper,light,5,7,360,411,278,334,84.4,79.8,87.5,94.7
standard-paper,light,6,0,0,51,334,389,84.4,80.3,87.6,94.8
standard-paper,light,6,1,51,103,334,389,84.4,80.3,87.5,95.6
standard-paper,light,6,2,103,154,334,389,84.1,79.6,87.2,96.6
standard-paper,light,6,3,154,205,334,389,84.4,80.0,87.5,95.4
standard-paper,light,6,4,205,257,334,389,84.4,80.3,87.4,95.1
standard-paper,light,6,5,257,308,334,389,84.5,80.3,87.6,94.7
standard-paper,light,6,6,308,360,334,389,84.3,79.9,87.7,94.5
standard-paper,light,6,7,360,411,334,389,84.4,80.3,87.2,96.0
standard-paper,light,7,0,0,51,389,445,84.5,79.9,87.7,93.5
standard-paper,light,7,1,51,103,389,445,84.2,80.2,87.4,95.9
standard-paper,light,7,2,103,154,389,445,84.5,80.3,87.6,94.8
standard-paper,light,7,3,154,205,389,445,84.6,80.4,87.6,94.3
standard-paper,light,7,4,205,257,389,445,84.4,80.3,87.5,95.1
standard-paper,light,7,5,257,308,389,445,84.4,79.9,87.5,94.4
standard-paper,light,7,6,308,360,389,445,84.6,80.3,87.8,93.1
standard-paper,light,7,7,360,411,389,445,84.5,80.7,87.5,95.0
standard-paper,light,8,0,0,51,445,500,84.4,80.3,87.4,95.5
standard-paper,light,8,1,51,103,445,500,84.5,80.3,87.6,93.7
standard-paper,light,8,2,103,154,445,500,84.3,80.0,87.5,96.0
standard-paper,light,8,3,154,205,445,500,84.7,80.7,87.6,94.0
standard-paper,light,8,4,205,257,445,500,84.3,80.0,87.5,95.3
standard-paper,light,8,5,257,308,445,500,84.3,80.4,87.5,95.7
standard-paper,light,8,6,308,360,445,500,84.5,80.4,87.6,94.1
standard-paper,light,8,7,360,411,445,500,84.4,80.3,87.5,95.5
standard-paper,light,9,0,0,51,500,556,84.6,80.6,87.5,94.6
standard-paper,light,9,1,51,103,500,556,84.2,79.6,87.2,96.3
standard-paper,light,9,2,103,154,500,556,84.5,80.4,87.5,95.1
standard-paper,light,9,3,154,205,500,556,84.7,80.7,87.6,93.7
standard-paper,light,9,4,205,257,500,556,84.4,80.2,87.5,95.3
standard-paper,light,9,5,257,308,500,556,84.6,80.8,87.5,95.2
standard-paper,light,9,6,308,360,500,556,84.5,80.8,87.5,95.0
standard-paper,light,9,7,360,411,500,556,84.6,80.4,87.6,94.1
standard-paper,light,10,0,0,51,556,612,84.6,80.3,87.6,93.5
standard-paper,light,10,1,51,103,556,612,84.3,80.4,87.4,96.1
standard-paper,light,10,2,103,154,556,612,84.6,80.4,87.5,94.1
standard-paper,light,10,3,154,205,556,612,84.3,79.9,87.5,95.3
standard-paper,light,10,4,205,257,556,612,84.4,80.3,87.4,96.1
standard-paper,light,10,5,257,308,556,612,84.4,80.4,87.4,95.5
standard-paper,light,10,6,308,360,556,612,84.3,80.1,87.5,95.2
standard-paper,light,10,7,360,411,556,612,84.3,80.3,87.5,95.6
standard-paper,light,11,0,0,51,612,668,84.6,80.4,87.6,94.4
standard-paper,light,11,1,51,103,612,668,84.3,80.2,87.5,95.1
standard-paper,light,11,2,103,154,612,668,84.6,80.4,87.7,94.0
standard-paper,light,11,3,154,205,612,668,84.4,80.3,87.5,95.2
standard-paper,light,11,4,205,257,612,668,84.2,79.1,87.5,96.0
standard-paper,light,11,5,257,308,612,668,84.4,80.2,87.5,94.7
standard-paper,light,11,6,308,360,612,668,84.4,80.5,87.3,96.2
standard-paper,light,11,7,360,411,612,668,84.5,80.4,87.5,95.4
standard-paper,light,12,0,0,51,668,723,84.3,80.3,87.5,95.3
standard-paper,light,12,1,51,103,668,723,84.2,79.4,87.5,95.4
standard-paper,light,12,2,103,154,668,723,84.5,80.3,87.5,94.2
standard-paper,light,12,3,154,205,668,723,84.5,80.6,87.5,95.4
standard-paper,light,12,4,205,257,668,723,84.6,80.7,87.5,93.9
standard-paper,light,12,5,257,308,668,723,84.5,80.3,87.5,94.1
standard-paper,light,12,6,308,360,668,723,84.5,80.3,87.5,94.9
standard-paper,light,12,7,360,411,668,723,84.4,80.4,87.6,95.0
standard-paper,light,13,0,0,51,723,779,84.5,80.6,87.6,94.7
standard-paper,light,13,1,51,103,723,779,84.4,80.4,87.5,95.2
standard-paper,light,13,2,103,154,723,779,84.5,80.3,87.5,95.0
standard-paper,light,13,3,154,205,723,779,84.4,80.3,87.5,95.6
standard-paper,light,13,4,205,257,723,779,84.6,81.0,87.5,94.5
standard-paper,light,13,5,257,308,723,779,84.6,79.9,87.5,93.5
standard-paper,light,13,6,308,360,723,779,84.5,80.5,87.5,94.7
standard-paper,light,13,7,360,411,723,779,84.6,80.5,87.5,94.7
standard-paper,light,14,0,0,51,779,834,84.7,80.4,87.8,92.4
standard-paper,light,14,1,51,103,779,834,84.5,80.3,87.5,94.9
standard-paper,light,14,2,103,154,779,834,84.5,80.4,87.5,95.2
standard-paper,light,14,3,154,205,779,834,84.4,80.3,87.4,95.6
standard-paper,light,14,4,205,257,779,834,84.6,80.6,87.5,94.3
standard-paper,light,14,5,257,308,779,834,84.8,81.1,87.5,93.9
standard-paper,light,14,6,308,360,779,834,84.7,81.0,87.6,93.8
standard-paper,light,14,7,360,411,779,834,84.5,80.4,87.4,95.6
standard-paper,light,15,0,0,51,834,890,84.4,80.3,87.5,95.3
standard-paper,light,15,1,51,103,834,890,84.5,80.6,87.6,94.7
standard-paper,light,15,2,103,154,834,890,84.4,80.4,87.5,95.5
standard-paper,light,15,3,154,205,834,890,84.6,80.8,87.5,95.0
standard-paper,light,15,4,205,257,834,890,84.7,80.8,87.6,93.6
standard-paper,light,15,5,257,308,834,890,84.6,80.2,87.5,94.4
standard-paper,light,15,6,308,360,834,890,84.6,80.4,87.5,94.3
standard-paper,light,15,7,360,411,834,890,84.7,80.3,87.8,92.5
standard-dusk,dark,0,0,0,51,0,55,49.1,45.0,52.7,100.0
standard-dusk,dark,0,1,51,103,0,55,53.9,51.0,56.4,100.0
standard-dusk,dark,0,2,103,154,0,55,57.3,53.6,60.6,100.0
standard-dusk,dark,0,3,154,205,0,55,60.7,57.7,63.2,100.0
standard-dusk,dark,0,4,205,257,0,55,64.0,60.8,66.7,100.0
standard-dusk,dark,0,5,257,308,0,55,67.1,63.5,69.9,100.0
standard-dusk,dark,0,6,308,360,0,55,70.2,67.7,71.9,100.0
standard-dusk,dark,0,7,360,411,0,55,70.8,68.7,72.2,100.0
standard-dusk,dark,1,0,0,51,55,111,46.1,42.7,51.5,100.0
standard-dusk,dark,1,1,51,103,55,111,51.7,46.5,56.2,100.0
standard-dusk,dark,1,2,103,154,55,111,58.2,53.2,61.5,100.0
standard-dusk,dark,1,3,154,205,55,111,63.1,60.5,66.4,100.0
standard-dusk,dark,1,4,205,257,55,111,67.0,64.0,69.3,100.0
standard-dusk,dark,1,5,257,308,55,111,70.1,67.6,72.3,100.0
standard-dusk,dark,1,6,308,360,55,111,71.7,70.4,72.9,100.0
standard-dusk,dark,1,7,360,411,55,111,71.1,69.1,72.6,100.0
standard-dusk,dark,2,0,0,51,111,167,44.4,42.3,46.8,100.0
standard-dusk,dark,2,1,51,103,111,167,47.1,43.5,51.7,100.0
standard-dusk,dark,2,2,103,154,111,167,54.5,48.2,61.5,100.0
standard-dusk,dark,2,3,154,205,111,167,62.7,55.7,67.1,100.0
standard-dusk,dark,2,4,205,257,111,167,68.8,65.5,71.6,100.0
standard-dusk,dark,2,5,257,308,111,167,71.8,70.3,73.1,100.0
standard-dusk,dark,2,6,308,360,111,167,71.5,69.2,73.1,100.0
standard-dusk,dark,2,7,360,411,111,167,69.3,67.3,71.6,100.0
standard-dusk,dark,3,0,0,51,167,222,47.6,43.3,52.7,100.0
standard-dusk,dark,3,1,51,103,167,222,46.9,43.3,50.7,100.0
standard-dusk,dark,3,2,103,154,167,222,49.7,46.6,53.7,100.0
standard-dusk,dark,3,3,154,205,167,222,55.2,51.4,63.3,100.0
standard-dusk,dark,3,4,205,257,167,222,64.2,56.1,70.6,100.0
standard-dusk,dark,3,5,257,308,167,222,68.7,62.2,72.1,100.0
standard-dusk,dark,3,6,308,360,167,222,69.4,67.1,71.3,100.0
standard-dusk,dark,3,7,360,411,167,222,68.1,65.8,70.5,100.0
standard-dusk,dark,4,0,0,51,222,278,52.5,47.1,55.5,100.0
standard-dusk,dark,4,1,51,103,222,278,53.3,48.8,57.7,100.0
standard-dusk,dark,4,2,103,154,222,278,53.0,48.7,56.9,100.0
standard-dusk,dark,4,3,154,205,222,278,54.6,52.3,56.8,100.0
standard-dusk,dark,4,4,205,257,222,278,57.9,55.0,61.3,100.0
standard-dusk,dark,4,5,257,308,222,278,62.5,56.9,66.9,100.0
standard-dusk,dark,4,6,308,360,222,278,65.5,61.3,68.6,100.0
standard-dusk,dark,4,7,360,411,222,278,64.8,61.6,67.1,100.0
standard-dusk,dark,5,0,0,51,278,334,46.0,39.2,54.7,100.0
standard-dusk,dark,5,1,51,103,278,334,53.6,45.5,59.1,100.0
standard-dusk,dark,5,2,103,154,278,334,58.9,54.6,62.3,100.0
standard-dusk,dark,5,3,154,205,278,334,59.1,55.0,62.3,100.0
standard-dusk,dark,5,4,205,257,278,334,58.0,55.7,61.0,100.0
standard-dusk,dark,5,5,257,308,278,334,57.1,54.7,59.9,100.0
standard-dusk,dark,5,6,308,360,278,334,56.0,53.6,61.8,100.0
standard-dusk,dark,5,7,360,411,278,334,56.1,53.5,62.3,100.0
standard-dusk,dark,6,0,0,51,334,389,37.4,31.9,42.1,100.0
standard-dusk,dark,6,1,51,103,334,389,43.7,36.9,52.3,100.0
standard-dusk,dark,6,2,103,154,334,389,52.1,44.9,60.7,100.0
standard-dusk,dark,6,3,154,205,334,389,57.1,50.9,61.3,100.0
standard-dusk,dark,6,4,205,257,334,389,58.1,55.6,61.3,100.0
standard-dusk,dark,6,5,257,308,334,389,57.8,55.5,59.7,100.0
standard-dusk,dark,6,6,308,360,334,389,56.2,54.0,58.8,100.0
standard-dusk,dark,6,7,360,411,334,389,54.8,53.1,56.7,100.0
standard-dusk,dark,7,0,0,51,389,445,30.2,25.1,37.2,100.0
standard-dusk,dark,7,1,51,103,389,445,35.9,29.0,40.6,100.0
standard-dusk,dark,7,2,103,154,389,445,42.0,36.2,50.1,100.0
standard-dusk,dark,7,3,154,205,389,445,48.3,41.0,55.8,100.0
standard-dusk,dark,7,4,205,257,389,445,54.7,48.3,58.3,100.0
standard-dusk,dark,7,5,257,308,389,445,56.6,54.2,58.5,100.0
standard-dusk,dark,7,6,308,360,389,445,55.3,52.7,58.3,100.0
standard-dusk,dark,7,7,360,411,389,445,53.0,51.2,55.9,100.0
standard-dusk,dark,8,0,0,51,445,500,25.5,23.9,28.2,100.0
standard-dusk,dark,8,1,51,103,445,500,30.4,25.0,36.6,100.0
standard-dusk,dark,8,2,103,154,445,500,36.9,33.5,40.6,100.0
standard-dusk,dark,8,3,154,205,445,500,41.3,37.3,46.0,100.0
standard-dusk,dark,8,4,205,257,445,500,47.4,42.1,53.8,100.0
standard-dusk,dark,8,5,257,308,445,500,52.1,46.9,57.9,100.0
standard-dusk,dark,8,6,308,360,445,500,54.4,50.1,57.8,100.0
standard-dusk,dark,8,7,360,411,445,500,52.3,48.9,56.0,100.0
standard-dusk,dark,9,0,0,51,500,556,23.4,20.8,25.8,81.0
standard-dusk,dark,9,1,51,103,500,556,24.7,21.4,31.3,95.8
standard-dusk,dark,9,2,103,154,500,556,31.0,24.0,37.8,100.0
standard-dusk,dark,9,3,154,205,500,556,37.7,29.5,42.4,100.0
standard-dusk,dark,9,4,205,257,500,556,42.7,37.8,45.8,100.0
standard-dusk,dark,9,5,257,308,500,556,45.7,43.2,50.0,100.0
standard-dusk,dark,9,6,308,360,500,556,47.3,43.6,52.2,100.0
standard-dusk,dark,9,7,360,411,500,556,48.1,44.9,51.1,100.0
standard-dusk,dark,10,0,0,51,556,612,21.7,20.0,23.7,25.2
standard-dusk,dark,10,1,51,103,556,612,22.1,20.1,25.4,41.4
standard-dusk,dark,10,2,103,154,556,612,24.8,21.1,28.3,92.3
standard-dusk,dark,10,3,154,205,556,612,29.2,24.8,35.9,100.0
standard-dusk,dark,10,4,205,257,556,612,36.7,29.0,42.6,100.0
standard-dusk,dark,10,5,257,308,556,612,42.0,38.0,45.7,100.0
standard-dusk,dark,10,6,308,360,556,612,43.5,40.5,46.2,100.0
standard-dusk,dark,10,7,360,411,556,612,43.6,40.3,47.3,100.0
standard-dusk,dark,11,0,0,51,612,668,21.4,19.6,24.0,16.6
standard-dusk,dark,11,1,51,103,612,668,20.2,19.0,21.5,0.0
standard-dusk,dark,11,2,103,154,612,668,21.1,19.4,24.7,12.2
standard-dusk,dark,11,3,154,205,612,668,23.8,20.3,28.8,70.1
standard-dusk,dark,11,4,205,257,612,668,28.4,22.1,34.7,99.0
standard-dusk,dark,11,5,257,308,612,668,34.1,29.0,40.5,100.0
standard-dusk,dark,11,6,308,360,612,668,36.4,30.5,42.2,100.0
standard-dusk,dark,11,7,360,411,612,668,38.0,32.1,42.5,100.0
standard-dusk,dark,12,0,0,51,668,723,25.2,20.6,30.0,84.8
standard-dusk,dark,12,1,51,103,668,723,22.4,19.1,26.5,47.2
standard-dusk,dark,12,2,103,154,668,723,21.3,19.2,24.2,16.0
standard-dusk,dark,12,3,154,205,668,723,22.1,20.1,24.4,41.8
standard-dusk,dark,12,4,205,257,668,723,23.3,21.5,27.6,88.6
standard-dusk,dark,12,5,257,308,668,723,26.9,22.9,31.7,100.0
standard-dusk,dark,12,6,308,360,668,723,28.5,23.6,32.4,100.0
standard-dusk,dark,12,7,360,411,668,723,30.1,26.2,33.9,100.0
standard-dusk,dark,13,0,0,51,723,779,29.1,25.7,32.3,100.0
standard-dusk,dark,13,1,51,103,723,779,26.8,24.0,29.9,100.0
standard-dusk,dark,13,2,103,154,723,779,24.9,21.9,28.0,97.1
standard-dusk,dark,13,3,154,205,723,779,23.2,21.3,25.3,83.3
standard-dusk,dark,13,4,205,257,723,779,21.8,19.4,24.0,33.1
standard-dusk,dark,13,5,257,308,723,779,21.4,18.5,24.0,33.9
standard-dusk,dark,13,6,308,360,723,779,21.4,18.1,25.7,34.4
standard-dusk,dark,13,7,360,411,723,779,23.2,19.3,27.8,63.5
standard-dusk,dark,14,0,0,51,779,834,31.1,28.2,33.7,100.0
standard-dusk,dark,14,1,51,103,779,834,29.3,27.2,31.1,100.0
standard-dusk,dark,14,2,103,154,779,834,26.7,23.6,29.5,100.0
standard-dusk,dark,14,3,154,205,779,834,23.1,20.8,26.7,65.1
standard-dusk,dark,14,4,205,257,779,834,20.3,18.3,22.5,1.7
standard-dusk,dark,14,5,257,308,779,834,18.3,16.8,19.9,0.0
standard-dusk,dark,14,6,308,360,779,834,18.1,16.8,20.0,0.0
standard-dusk,dark,14,7,360,411,779,834,18.7,16.7,21.0,0.0
standard-dusk,dark,15,0,0,51,834,890,32.8,29.9,35.3,100.0
standard-dusk,dark,15,1,51,103,834,890,30.9,29.0,33.9,100.0
standard-dusk,dark,15,2,103,154,834,890,28.9,26.4,31.3,100.0
standard-dusk,dark,15,3,154,205,834,890,26.0,21.7,29.6,97.3
standard-dusk,dark,15,4,205,257,834,890,22.5,19.9,26.3,47.7
standard-dusk,dark,15,5,257,308,834,890,20.1,18.3,22.7,1.9
standard-dusk,dark,15,6,308,360,834,890,19.0,17.2,20.7,0.0
standard-dusk,dark,15,7,360,411,834,890,18.7,17.1,20.4,0.0
standard-dusk,light,0,0,0,51,0,55,49.1,45.0,52.7,100.0
standard-dusk,light,0,1,51,103,0,55,53.9,51.0,56.4,100.0
standard-dusk,light,0,2,103,154,0,55,57.3,53.6,60.6,100.0
standard-dusk,light,0,3,154,205,0,55,60.7,57.7,63.2,100.0
standard-dusk,light,0,4,205,257,0,55,64.0,60.8,66.7,100.0
standard-dusk,light,0,5,257,308,0,55,67.1,63.5,69.9,100.0
standard-dusk,light,0,6,308,360,0,55,70.2,67.7,71.9,100.0
standard-dusk,light,0,7,360,411,0,55,70.8,68.7,72.2,100.0
standard-dusk,light,1,0,0,51,55,111,46.1,42.7,51.5,100.0
standard-dusk,light,1,1,51,103,55,111,51.7,46.5,56.2,100.0
standard-dusk,light,1,2,103,154,55,111,58.2,53.2,61.5,100.0
standard-dusk,light,1,3,154,205,55,111,63.1,60.5,66.4,100.0
standard-dusk,light,1,4,205,257,55,111,67.0,64.0,69.3,100.0
standard-dusk,light,1,5,257,308,55,111,70.1,67.6,72.3,100.0
standard-dusk,light,1,6,308,360,55,111,71.7,70.4,72.9,100.0
standard-dusk,light,1,7,360,411,55,111,71.1,69.1,72.6,100.0
standard-dusk,light,2,0,0,51,111,167,44.4,42.3,46.8,100.0
standard-dusk,light,2,1,51,103,111,167,47.1,43.5,51.7,100.0
standard-dusk,light,2,2,103,154,111,167,54.5,48.2,61.5,100.0
standard-dusk,light,2,3,154,205,111,167,62.7,55.7,67.1,100.0
standard-dusk,light,2,4,205,257,111,167,68.8,65.5,71.6,100.0
standard-dusk,light,2,5,257,308,111,167,71.8,70.3,73.1,100.0
standard-dusk,light,2,6,308,360,111,167,71.5,69.2,73.1,100.0
standard-dusk,light,2,7,360,411,111,167,69.3,67.3,71.6,100.0
standard-dusk,light,3,0,0,51,167,222,47.6,43.3,52.7,100.0
standard-dusk,light,3,1,51,103,167,222,46.9,43.3,50.7,100.0
standard-dusk,light,3,2,103,154,167,222,49.7,46.6,53.7,100.0
standard-dusk,light,3,3,154,205,167,222,55.2,51.4,63.3,100.0
standard-dusk,light,3,4,205,257,167,222,64.2,56.1,70.6,100.0
standard-dusk,light,3,5,257,308,167,222,68.7,62.2,72.1,100.0
standard-dusk,light,3,6,308,360,167,222,69.4,67.1,71.3,100.0
standard-dusk,light,3,7,360,411,167,222,68.1,65.8,70.5,100.0
standard-dusk,light,4,0,0,51,222,278,52.5,47.1,55.5,100.0
standard-dusk,light,4,1,51,103,222,278,53.3,48.8,57.7,100.0
standard-dusk,light,4,2,103,154,222,278,53.0,48.7,56.9,100.0
standard-dusk,light,4,3,154,205,222,278,54.6,52.3,56.8,100.0
standard-dusk,light,4,4,205,257,222,278,57.9,55.0,61.3,100.0
standard-dusk,light,4,5,257,308,222,278,62.5,56.9,66.9,100.0
standard-dusk,light,4,6,308,360,222,278,65.5,61.3,68.6,100.0
standard-dusk,light,4,7,360,411,222,278,64.8,61.6,67.1,100.0
standard-dusk,light,5,0,0,51,278,334,46.0,39.2,54.7,100.0
standard-dusk,light,5,1,51,103,278,334,53.6,45.5,59.1,100.0
standard-dusk,light,5,2,103,154,278,334,58.9,54.6,62.3,100.0
standard-dusk,light,5,3,154,205,278,334,59.1,55.0,62.3,100.0
standard-dusk,light,5,4,205,257,278,334,58.0,55.7,61.0,100.0
standard-dusk,light,5,5,257,308,278,334,57.1,54.7,59.9,100.0
standard-dusk,light,5,6,308,360,278,334,56.0,53.6,61.8,100.0
standard-dusk,light,5,7,360,411,278,334,56.1,53.5,62.3,100.0
standard-dusk,light,6,0,0,51,334,389,37.4,31.9,42.1,100.0
standard-dusk,light,6,1,51,103,334,389,43.7,36.9,52.3,100.0
standard-dusk,light,6,2,103,154,334,389,52.1,44.9,60.7,100.0
standard-dusk,light,6,3,154,205,334,389,57.1,50.9,61.3,100.0
standard-dusk,light,6,4,205,257,334,389,58.1,55.6,61.3,100.0
standard-dusk,light,6,5,257,308,334,389,57.8,55.5,59.7,100.0
standard-dusk,light,6,6,308,360,334,389,56.2,54.0,58.8,100.0
standard-dusk,light,6,7,360,411,334,389,54.8,53.1,56.7,100.0
standard-dusk,light,7,0,0,51,389,445,30.2,25.1,37.2,100.0
standard-dusk,light,7,1,51,103,389,445,35.9,29.0,40.6,100.0
standard-dusk,light,7,2,103,154,389,445,42.0,36.2,50.1,100.0
standard-dusk,light,7,3,154,205,389,445,48.3,41.0,55.8,100.0
standard-dusk,light,7,4,205,257,389,445,54.7,48.3,58.3,100.0
standard-dusk,light,7,5,257,308,389,445,56.6,54.2,58.5,100.0
standard-dusk,light,7,6,308,360,389,445,55.3,52.7,58.3,100.0
standard-dusk,light,7,7,360,411,389,445,53.0,51.2,55.9,100.0
standard-dusk,light,8,0,0,51,445,500,25.5,23.9,28.2,100.0
standard-dusk,light,8,1,51,103,445,500,30.4,25.0,36.6,100.0
standard-dusk,light,8,2,103,154,445,500,36.9,33.5,40.6,100.0
standard-dusk,light,8,3,154,205,445,500,41.3,37.3,46.0,100.0
standard-dusk,light,8,4,205,257,445,500,47.4,42.1,53.8,100.0
standard-dusk,light,8,5,257,308,445,500,52.1,46.9,57.9,100.0
standard-dusk,light,8,6,308,360,445,500,54.4,50.1,57.8,100.0
standard-dusk,light,8,7,360,411,445,500,52.3,48.9,56.0,100.0
standard-dusk,light,9,0,0,51,500,556,23.4,20.8,25.8,100.0
standard-dusk,light,9,1,51,103,500,556,24.7,21.4,31.3,100.0
standard-dusk,light,9,2,103,154,500,556,31.0,24.0,37.8,100.0
standard-dusk,light,9,3,154,205,500,556,37.7,29.5,42.4,100.0
standard-dusk,light,9,4,205,257,500,556,42.7,37.8,45.8,100.0
standard-dusk,light,9,5,257,308,500,556,45.7,43.2,50.0,100.0
standard-dusk,light,9,6,308,360,500,556,47.3,43.6,52.2,100.0
standard-dusk,light,9,7,360,411,500,556,48.1,44.9,51.1,100.0
standard-dusk,light,10,0,0,51,556,612,21.7,20.0,23.7,100.0
standard-dusk,light,10,1,51,103,556,612,22.1,20.1,25.4,100.0
standard-dusk,light,10,2,103,154,556,612,24.8,21.1,28.3,100.0
standard-dusk,light,10,3,154,205,556,612,29.2,24.8,35.9,100.0
standard-dusk,light,10,4,205,257,556,612,36.7,29.0,42.6,100.0
standard-dusk,light,10,5,257,308,556,612,42.0,38.0,45.7,100.0
standard-dusk,light,10,6,308,360,556,612,43.5,40.5,46.2,100.0
standard-dusk,light,10,7,360,411,556,612,43.6,40.3,47.3,100.0
standard-dusk,light,11,0,0,51,612,668,21.4,19.6,24.0,100.0
standard-dusk,light,11,1,51,103,612,668,20.2,19.0,21.5,100.0
standard-dusk,light,11,2,103,154,612,668,21.1,19.4,24.7,100.0
standard-dusk,light,11,3,154,205,612,668,23.8,20.3,28.8,100.0
standard-dusk,light,11,4,205,257,612,668,28.4,22.1,34.7,100.0
standard-dusk,light,11,5,257,308,612,668,34.1,29.0,40.5,100.0
standard-dusk,light,11,6,308,360,612,668,36.4,30.5,42.2,100.0
standard-dusk,light,11,7,360,411,612,668,38.0,32.1,42.5,100.0
standard-dusk,light,12,0,0,51,668,723,25.2,20.6,30.0,100.0
standard-dusk,light,12,1,51,103,668,723,22.4,19.1,26.5,100.0
standard-dusk,light,12,2,103,154,668,723,21.3,19.2,24.2,100.0
standard-dusk,light,12,3,154,205,668,723,22.1,20.1,24.4,100.0
standard-dusk,light,12,4,205,257,668,723,23.3,21.5,27.6,100.0
standard-dusk,light,12,5,257,308,668,723,26.9,22.9,31.7,100.0
standard-dusk,light,12,6,308,360,668,723,28.5,23.6,32.4,100.0
standard-dusk,light,12,7,360,411,668,723,30.1,26.2,33.9,100.0
standard-dusk,light,13,0,0,51,723,779,29.1,25.7,32.3,100.0
standard-dusk,light,13,1,51,103,723,779,26.8,24.0,29.9,100.0
standard-dusk,light,13,2,103,154,723,779,24.9,21.9,28.0,100.0
standard-dusk,light,13,3,154,205,723,779,23.2,21.3,25.3,100.0
standard-dusk,light,13,4,205,257,723,779,21.8,19.4,24.0,100.0
standard-dusk,light,13,5,257,308,723,779,21.4,18.5,24.0,100.0
standard-dusk,light,13,6,308,360,723,779,21.4,18.1,25.7,100.0
standard-dusk,light,13,7,360,411,723,779,23.2,19.3,27.8,100.0
standard-dusk,light,14,0,0,51,779,834,31.1,28.2,33.7,100.0
standard-dusk,light,14,1,51,103,779,834,29.3,27.2,31.1,100.0
standard-dusk,light,14,2,103,154,779,834,26.7,23.6,29.5,100.0
standard-dusk,light,14,3,154,205,779,834,23.1,20.8,26.7,100.0
standard-dusk,light,14,4,205,257,779,834,20.3,18.3,22.5,100.0
standard-dusk,light,14,5,257,308,779,834,18.3,16.8,19.9,100.0
standard-dusk,light,14,6,308,360,779,834,18.1,16.8,20.0,100.0
standard-dusk,light,14,7,360,411,779,834,18.7,16.7,21.0,100.0
standard-dusk,light,15,0,0,51,834,890,32.8,29.9,35.3,100.0
standard-dusk,light,15,1,51,103,834,890,30.9,29.0,33.9,100.0
standard-dusk,light,15,2,103,154,834,890,28.9,26.4,31.3,100.0
standard-dusk,light,15,3,154,205,834,890,26.0,21.7,29.6,100.0
standard-dusk,light,15,4,205,257,834,890,22.5,19.9,26.3,100.0
standard-dusk,light,15,5,257,308,834,890,20.1,18.3,22.7,100.0
standard-dusk,light,15,6,308,360,834,890,19.0,17.2,20.7,100.0
standard-dusk,light,15,7,360,411,834,890,18.7,17.1,20.4,100.0
standard-mesh,dark,0,0,0,51,0,55,58.4,55.1,61.7,100.0
standard-mesh,dark,0,1,51,103,0,55,62.3,59.9,64.1,100.0
standard-mesh,dark,0,2,103,154,0,55,64.1,62.9,66.4,100.0
standard-mesh,dark,0,3,154,205,0,55,68.2,65.0,72.6,100.0
standard-mesh,dark,0,4,205,257,0,55,73.7,70.7,75.2,100.0
standard-mesh,dark,0,5,257,308,0,55,74.0,72.9,74.9,100.0
standard-mesh,dark,0,6,308,360,0,55,74.4,72.9,75.6,100.0
standard-mesh,dark,0,7,360,411,0,55,75.3,74.1,76.4,100.0
standard-mesh,dark,1,0,0,51,55,111,57.6,53.8,62.7,100.0
standard-mesh,dark,1,1,51,103,55,111,63.0,57.1,65.4,100.0
standard-mesh,dark,1,2,103,154,55,111,66.9,63.9,71.7,100.0
standard-mesh,dark,1,3,154,205,55,111,72.8,67.3,75.6,100.0
standard-mesh,dark,1,4,205,257,55,111,74.7,74.0,75.5,100.0
standard-mesh,dark,1,5,257,308,55,111,74.8,74.1,75.6,100.0
standard-mesh,dark,1,6,308,360,55,111,75.2,74.5,75.9,100.0
standard-mesh,dark,1,7,360,411,55,111,75.4,74.5,76.4,100.0
standard-mesh,dark,2,0,0,51,111,167,52.9,50.6,55.4,100.0
standard-mesh,dark,2,1,51,103,111,167,57.6,53.8,65.7,100.0
standard-mesh,dark,2,2,103,154,111,167,68.3,60.3,73.5,100.0
standard-mesh,dark,2,3,154,205,111,167,74.9,72.6,76.3,100.0
standard-mesh,dark,2,4,205,257,111,167,74.9,74.1,76.0,100.0
standard-mesh,dark,2,5,257,308,111,167,75.0,74.4,75.6,100.0
standard-mesh,dark,2,6,308,360,111,167,75.5,74.8,76.0,100.0
standard-mesh,dark,2,7,360,411,111,167,75.5,74.9,76.3,100.0
standard-mesh,dark,3,0,0,51,167,222,50.4,47.3,53.5,100.0
standard-mesh,dark,3,1,51,103,167,222,54.5,49.7,58.8,100.0
standard-mesh,dark,3,2,103,154,167,222,60.8,54.5,71.1,100.0
standard-mesh,dark,3,3,154,205,167,222,72.3,61.8,77.0,100.0
standard-mesh,dark,3,4,205,257,167,222,76.7,75.2,77.8,100.0
standard-mesh,dark,3,5,257,308,167,222,75.8,74.8,77.1,100.0
standard-mesh,dark,3,6,308,360,167,222,75.7,74.9,76.6,100.0
standard-mesh,dark,3,7,360,411,167,222,75.6,74.8,76.3,100.0
standard-mesh,dark,4,0,0,51,222,278,46.9,45.1,48.7,100.0
standard-mesh,dark,4,1,51,103,222,278,50.1,47.9,53.2,100.0
standard-mesh,dark,4,2,103,154,222,278,54.8,52.0,59.2,100.0
standard-mesh,dark,4,3,154,205,222,278,61.9,56.0,73.3,100.0
standard-mesh,dark,4,4,205,257,222,278,71.7,62.4,77.6,100.0
standard-mesh,dark,4,5,257,308,222,278,74.9,69.6,77.2,100.0
standard-mesh,dark,4,6,308,360,222,278,74.9,70.5,76.8,100.0
standard-mesh,dark,4,7,360,411,222,278,73.9,69.9,76.7,100.0
standard-mesh,dark,5,0,0,51,278,334,49.6,45.2,53.4,100.0
standard-mesh,dark,5,1,51,103,278,334,50.2,45.2,54.2,100.0
standard-mesh,dark,5,2,103,154,278,334,52.4,47.9,55.8,100.0
standard-mesh,dark,5,3,154,205,278,334,56.0,50.3,60.3,100.0
standard-mesh,dark,5,4,205,257,278,334,61.8,56.5,68.0,100.0
standard-mesh,dark,5,5,257,308,278,334,66.7,61.5,70.7,100.0
standard-mesh,dark,5,6,308,360,278,334,67.8,64.7,71.0,100.0
standard-mesh,dark,5,7,360,411,278,334,67.3,65.4,69.9,100.0
standard-mesh,dark,6,0,0,51,334,389,43.3,41.1,47.5,100.0
standard-mesh,dark,6,1,51,103,334,389,44.1,41.9,47.0,100.0
standard-mesh,dark,6,2,103,154,334,389,46.9,44.4,49.4,100.0
standard-mesh,dark,6,3,154,205,334,389,48.9,46.2,52.8,100.0
standard-mesh,dark,6,4,205,257,334,389,54.1,48.4,60.0,100.0
standard-mesh,dark,6,5,257,308,334,389,59.6,54.6,64.3,100.0
standard-mesh,dark,6,6,308,360,334,389,62.6,59.2,65.7,100.0
standard-mesh,dark,6,7,360,411,334,389,63.3,60.4,66.1,100.0
standard-mesh,dark,7,0,0,51,389,445,47.6,41.1,54.8,100.0
standard-mesh,dark,7,1,51,103,389,445,44.5,41.4,51.2,100.0
standard-mesh,dark,7,2,103,154,389,445,44.9,43.9,46.2,100.0
standard-mesh,dark,7,3,154,205,389,445,45.7,44.4,47.5,100.0
standard-mesh,dark,7,4,205,257,389,445,49.0,46.2,53.4,100.0
standard-mesh,dark,7,5,257,308,389,445,54.2,50.3,58.1,100.0
standard-mesh,dark,7,6,308,360,389,445,57.2,54.2,60.1,100.0
standard-mesh,dark,7,7,360,411,389,445,57.9,55.4,60.7,100.0
standard-mesh,dark,8,0,0,51,445,500,47.7,41.6,55.7,100.0
standard-mesh,dark,8,1,51,103,445,500,48.2,42.0,54.4,100.0
standard-mesh,dark,8,2,103,154,445,500,48.3,44.6,53.5,100.0
standard-mesh,dark,8,3,154,205,445,500,45.8,44.3,49.5,100.0
standard-mesh,dark,8,4,205,257,445,500,46.9,45.0,49.4,100.0
standard-mesh,dark,8,5,257,308,445,500,50.3,47.8,53.3,100.0
standard-mesh,dark,8,6,308,360,445,500,52.5,49.9,55.0,100.0
standard-mesh,dark,8,7,360,411,445,500,53.9,52.2,55.6,100.0
standard-mesh,dark,9,0,0,51,500,556,39.4,36.6,42.4,100.0
standard-mesh,dark,9,1,51,103,500,556,39.8,37.0,43.2,100.0
standard-mesh,dark,9,2,103,154,500,556,42.8,39.0,51.4,100.0
standard-mesh,dark,9,3,154,205,500,556,48.4,41.9,51.1,100.0
standard-mesh,dark,9,4,205,257,500,556,49.6,46.7,52.6,100.0
standard-mesh,dark,9,5,257,308,500,556,50.4,47.9,54.2,100.0
standard-mesh,dark,9,6,308,360,500,556,52.6,49.8,56.7,100.0
standard-mesh,dark,9,7,360,411,500,556,55.4,52.0,57.6,100.0
standard-mesh,dark,10,0,0,51,556,612,36.3,35.1,37.9,100.0
standard-mesh,dark,10,1,51,103,556,612,37.0,35.4,38.6,100.0
standard-mesh,dark,10,2,103,154,556,612,39.7,37.8,41.6,100.0
standard-mesh,dark,10,3,154,205,556,612,43.4,41.0,50.7,100.0
standard-mesh,dark,10,4,205,257,556,612,51.5,44.6,55.4,100.0
standard-mesh,dark,10,5,257,308,556,612,55.9,53.3,58.0,100.0
standard-mesh,dark,10,6,308,360,556,612,55.8,48.6,58.7,100.0
standard-mesh,dark,10,7,360,411,556,612,49.8,46.1,58.0,100.0
standard-mesh,dark,11,0,0,51,612,668,38.4,35.8,41.6,100.0
standard-mesh,dark,11,1,51,103,612,668,38.8,35.9,42.0,100.0
standard-mesh,dark,11,2,103,154,612,668,41.1,38.6,42.7,100.0
standard-mesh,dark,11,3,154,205,612,668,43.1,41.6,44.7,100.0
standard-mesh,dark,11,4,205,257,612,668,46.0,43.6,51.9,100.0
standard-mesh,dark,11,5,257,308,612,668,48.9,42.2,55.7,100.0
standard-mesh,dark,11,6,308,360,612,668,46.4,39.6,54.3,100.0
standard-mesh,dark,11,7,360,411,612,668,44.5,39.3,47.3,100.0
standard-mesh,dark,12,0,0,51,668,723,44.5,41.2,48.5,100.0
standard-mesh,dark,12,1,51,103,668,723,44.6,41.4,48.0,100.0
standard-mesh,dark,12,2,103,154,668,723,43.4,41.9,45.5,100.0
standard-mesh,dark,12,3,154,205,668,723,41.8,38.5,43.5,100.0
standard-mesh,dark,12,4,205,257,668,723,40.7,36.9,44.3,100.0
standard-mesh,dark,12,5,257,308,668,723,39.0,36.1,43.9,100.0
standard-mesh,dark,12,6,308,360,668,723,37.3,35.2,40.6,100.0
standard-mesh,dark,12,7,360,411,668,723,36.5,34.1,39.7,100.0
standard-mesh,dark,13,0,0,51,723,779,51.3,47.9,54.9,100.0
standard-mesh,dark,13,1,51,103,723,779,48.7,44.4,52.7,100.0
standard-mesh,dark,13,2,103,154,723,779,42.0,38.2,46.2,100.0
standard-mesh,dark,13,3,154,205,723,779,37.3,34.9,40.9,100.0
standard-mesh,dark,13,4,205,257,723,779,35.7,34.2,37.3,100.0
standard-mesh,dark,13,5,257,308,723,779,35.7,34.8,37.0,100.0
standard-mesh,dark,13,6,308,360,723,779,35.5,34.1,36.3,100.0
standard-mesh,dark,13,7,360,411,723,779,34.4,33.4,35.7,100.0
standard-mesh,dark,14,0,0,51,779,834,55.2,50.9,59.0,100.0
standard-mesh,dark,14,1,51,103,779,834,47.4,43.5,52.2,100.0
standard-mesh,dark,14,2,103,154,779,834,41.2,38.2,44.0,100.0
standard-mesh,dark,14,3,154,205,779,834,37.8,35.0,40.8,100.0
standard-mesh,dark,14,4,205,257,779,834,36.1,34.7,37.8,100.0
standard-mesh,dark,14,5,257,308,779,834,36.1,34.9,37.4,100.0
standard-mesh,dark,14,6,308,360,779,834,37.3,35.3,39.4,100.0
standard-mesh,dark,14,7,360,411,779,834,37.1,34.2,39.4,100.0
standard-mesh,dark,15,0,0,51,834,890,53.8,50.3,58.6,100.0
standard-mesh,dark,15,1,51,103,834,890,48.1,44.9,50.7,100.0
standard-mesh,dark,15,2,103,154,834,890,44.8,41.7,47.2,100.0
standard-mesh,dark,15,3,154,205,834,890,42.0,38.6,44.9,100.0
standard-mesh,dark,15,4,205,257,834,890,38.5,36.5,40.7,100.0
standard-mesh,dark,15,5,257,308,834,890,37.5,36.1,39.1,100.0
standard-mesh,dark,15,6,308,360,834,890,39.2,37.8,40.3,100.0
standard-mesh,dark,15,7,360,411,834,890,39.8,38.6,41.1,100.0
standard-mesh,light,0,0,0,51,0,55,58.4,55.1,61.7,100.0
standard-mesh,light,0,1,51,103,0,55,62.3,59.9,64.1,100.0
standard-mesh,light,0,2,103,154,0,55,64.1,62.9,66.4,100.0
standard-mesh,light,0,3,154,205,0,55,68.2,65.0,72.6,100.0
standard-mesh,light,0,4,205,257,0,55,73.7,70.7,75.2,100.0
standard-mesh,light,0,5,257,308,0,55,74.0,72.9,74.9,100.0
standard-mesh,light,0,6,308,360,0,55,74.4,72.9,75.6,100.0
standard-mesh,light,0,7,360,411,0,55,75.3,74.1,76.4,100.0
standard-mesh,light,1,0,0,51,55,111,57.6,53.8,62.7,100.0
standard-mesh,light,1,1,51,103,55,111,63.0,57.1,65.4,100.0
standard-mesh,light,1,2,103,154,55,111,66.9,63.9,71.7,100.0
standard-mesh,light,1,3,154,205,55,111,72.8,67.3,75.6,100.0
standard-mesh,light,1,4,205,257,55,111,74.7,74.0,75.5,100.0
standard-mesh,light,1,5,257,308,55,111,74.8,74.1,75.6,100.0
standard-mesh,light,1,6,308,360,55,111,75.2,74.5,75.9,100.0
standard-mesh,light,1,7,360,411,55,111,75.4,74.5,76.4,100.0
standard-mesh,light,2,0,0,51,111,167,52.9,50.6,55.4,100.0
standard-mesh,light,2,1,51,103,111,167,57.6,53.8,65.7,100.0
standard-mesh,light,2,2,103,154,111,167,68.3,60.3,73.5,100.0
standard-mesh,light,2,3,154,205,111,167,74.9,72.6,76.3,100.0
standard-mesh,light,2,4,205,257,111,167,74.9,74.1,76.0,100.0
standard-mesh,light,2,5,257,308,111,167,75.0,74.4,75.6,100.0
standard-mesh,light,2,6,308,360,111,167,75.5,74.8,76.0,100.0
standard-mesh,light,2,7,360,411,111,167,75.5,74.9,76.3,100.0
standard-mesh,light,3,0,0,51,167,222,50.4,47.3,53.5,100.0
standard-mesh,light,3,1,51,103,167,222,54.5,49.7,58.8,100.0
standard-mesh,light,3,2,103,154,167,222,60.8,54.5,71.1,100.0
standard-mesh,light,3,3,154,205,167,222,72.3,61.8,77.0,100.0
standard-mesh,light,3,4,205,257,167,222,76.7,75.2,77.8,100.0
standard-mesh,light,3,5,257,308,167,222,75.8,74.8,77.1,100.0
standard-mesh,light,3,6,308,360,167,222,75.7,74.9,76.6,100.0
standard-mesh,light,3,7,360,411,167,222,75.6,74.8,76.3,100.0
standard-mesh,light,4,0,0,51,222,278,46.9,45.1,48.7,100.0
standard-mesh,light,4,1,51,103,222,278,50.1,47.9,53.2,100.0
standard-mesh,light,4,2,103,154,222,278,54.8,52.0,59.2,100.0
standard-mesh,light,4,3,154,205,222,278,61.9,56.0,73.3,100.0
standard-mesh,light,4,4,205,257,222,278,71.7,62.4,77.6,100.0
standard-mesh,light,4,5,257,308,222,278,74.9,69.6,77.2,100.0
standard-mesh,light,4,6,308,360,222,278,74.9,70.5,76.8,100.0
standard-mesh,light,4,7,360,411,222,278,73.9,69.9,76.7,100.0
standard-mesh,light,5,0,0,51,278,334,49.6,45.2,53.4,100.0
standard-mesh,light,5,1,51,103,278,334,50.2,45.2,54.2,100.0
standard-mesh,light,5,2,103,154,278,334,52.4,47.9,55.8,100.0
standard-mesh,light,5,3,154,205,278,334,56.0,50.3,60.3,100.0
standard-mesh,light,5,4,205,257,278,334,61.8,56.5,68.0,100.0
standard-mesh,light,5,5,257,308,278,334,66.7,61.5,70.7,100.0
standard-mesh,light,5,6,308,360,278,334,67.8,64.7,71.0,100.0
standard-mesh,light,5,7,360,411,278,334,67.3,65.4,69.9,100.0
standard-mesh,light,6,0,0,51,334,389,43.3,41.1,47.5,100.0
standard-mesh,light,6,1,51,103,334,389,44.1,41.9,47.0,100.0
standard-mesh,light,6,2,103,154,334,389,46.9,44.4,49.4,100.0
standard-mesh,light,6,3,154,205,334,389,48.9,46.2,52.8,100.0
standard-mesh,light,6,4,205,257,334,389,54.1,48.4,60.0,100.0
standard-mesh,light,6,5,257,308,334,389,59.6,54.6,64.3,100.0
standard-mesh,light,6,6,308,360,334,389,62.6,59.2,65.7,100.0
standard-mesh,light,6,7,360,411,334,389,63.3,60.4,66.1,100.0
standard-mesh,light,7,0,0,51,389,445,47.6,41.1,54.8,100.0
standard-mesh,light,7,1,51,103,389,445,44.5,41.4,51.2,100.0
standard-mesh,light,7,2,103,154,389,445,44.9,43.9,46.2,100.0
standard-mesh,light,7,3,154,205,389,445,45.7,44.4,47.5,100.0
standard-mesh,light,7,4,205,257,389,445,49.0,46.2,53.4,100.0
standard-mesh,light,7,5,257,308,389,445,54.2,50.3,58.1,100.0
standard-mesh,light,7,6,308,360,389,445,57.2,54.2,60.1,100.0
standard-mesh,light,7,7,360,411,389,445,57.9,55.4,60.7,100.0
standard-mesh,light,8,0,0,51,445,500,47.7,41.6,55.7,100.0
standard-mesh,light,8,1,51,103,445,500,48.2,42.0,54.4,100.0
standard-mesh,light,8,2,103,154,445,500,48.3,44.6,53.5,100.0
standard-mesh,light,8,3,154,205,445,500,45.8,44.3,49.5,100.0
standard-mesh,light,8,4,205,257,445,500,46.9,45.0,49.4,100.0
standard-mesh,light,8,5,257,308,445,500,50.3,47.8,53.3,100.0
standard-mesh,light,8,6,308,360,445,500,52.5,49.9,55.0,100.0
standard-mesh,light,8,7,360,411,445,500,53.9,52.2,55.6,100.0
standard-mesh,light,9,0,0,51,500,556,39.4,36.6,42.4,100.0
standard-mesh,light,9,1,51,103,500,556,39.8,37.0,43.2,100.0
standard-mesh,light,9,2,103,154,500,556,42.8,39.0,51.4,100.0
standard-mesh,light,9,3,154,205,500,556,48.4,41.9,51.1,100.0
standard-mesh,light,9,4,205,257,500,556,49.6,46.7,52.6,100.0
standard-mesh,light,9,5,257,308,500,556,50.4,47.9,54.2,100.0
standard-mesh,light,9,6,308,360,500,556,52.6,49.8,56.7,100.0
standard-mesh,light,9,7,360,411,500,556,55.4,52.0,57.6,100.0
standard-mesh,light,10,0,0,51,556,612,36.3,35.1,37.9,100.0
standard-mesh,light,10,1,51,103,556,612,37.0,35.4,38.6,100.0
standard-mesh,light,10,2,103,154,556,612,39.7,37.8,41.6,100.0
standard-mesh,light,10,3,154,205,556,612,43.4,41.0,50.7,100.0
standard-mesh,light,10,4,205,257,556,612,51.5,44.6,55.4,100.0
standard-mesh,light,10,5,257,308,556,612,55.9,53.3,58.0,100.0
standard-mesh,light,10,6,308,360,556,612,55.8,48.6,58.7,100.0
standard-mesh,light,10,7,360,411,556,612,49.8,46.1,58.0,100.0
standard-mesh,light,11,0,0,51,612,668,38.4,35.8,41.6,100.0
standard-mesh,light,11,1,51,103,612,668,38.8,35.9,42.0,100.0
standard-mesh,light,11,2,103,154,612,668,41.1,38.6,42.7,100.0
standard-mesh,light,11,3,154,205,612,668,43.1,41.6,44.7,100.0
standard-mesh,light,11,4,205,257,612,668,46.0,43.6,51.9,100.0
standard-mesh,light,11,5,257,308,612,668,48.9,42.2,55.7,100.0
standard-mesh,light,11,6,308,360,612,668,46.4,39.6,54.3,100.0
standard-mesh,light,11,7,360,411,612,668,44.5,39.3,47.3,100.0
standard-mesh,light,12,0,0,51,668,723,44.5,41.2,48.5,100.0
standard-mesh,light,12,1,51,103,668,723,44.6,41.4,48.0,100.0
standard-mesh,light,12,2,103,154,668,723,43.4,41.9,45.5,100.0
standard-mesh,light,12,3,154,205,668,723,41.8,38.5,43.5,100.0
standard-mesh,light,12,4,205,257,668,723,40.7,36.9,44.3,100.0
standard-mesh,light,12,5,257,308,668,723,39.0,36.1,43.9,100.0
standard-mesh,light,12,6,308,360,668,723,37.3,35.2,40.6,100.0
standard-mesh,light,12,7,360,411,668,723,36.5,34.1,39.7,100.0
standard-mesh,light,13,0,0,51,723,779,51.3,47.9,54.9,100.0
standard-mesh,light,13,1,51,103,723,779,48.7,44.4,52.7,100.0
standard-mesh,light,13,2,103,154,723,779,42.0,38.2,46.2,100.0
standard-mesh,light,13,3,154,205,723,779,37.3,34.9,40.9,100.0
standard-mesh,light,13,4,205,257,723,779,35.7,34.2,37.3,100.0
standard-mesh,light,13,5,257,308,723,779,35.7,34.8,37.0,100.0
standard-mesh,light,13,6,308,360,723,779,35.5,34.1,36.3,100.0
standard-mesh,light,13,7,360,411,723,779,34.4,33.4,35.7,100.0
standard-mesh,light,14,0,0,51,779,834,55.2,50.9,59.0,100.0
standard-mesh,light,14,1,51,103,779,834,47.4,43.5,52.2,100.0
standard-mesh,light,14,2,103,154,779,834,41.2,38.2,44.0,100.0
standard-mesh,light,14,3,154,205,779,834,37.8,35.0,40.8,100.0
standard-mesh,light,14,4,205,257,779,834,36.1,34.7,37.8,100.0
standard-mesh,light,14,5,257,308,779,834,36.1,34.9,37.4,100.0
standard-mesh,light,14,6,308,360,779,834,37.3,35.3,39.4,100.0
standard-mesh,light,14,7,360,411,779,834,37.1,34.2,39.4,100.0
standard-mesh,light,15,0,0,51,834,890,53.8,50.3,58.6,100.0
standard-mesh,light,15,1,51,103,834,890,48.1,44.9,50.7,100.0
standard-mesh,light,15,2,103,154,834,890,44.8,41.7,47.2,100.0
standard-mesh,light,15,3,154,205,834,890,42.0,38.6,44.9,100.0
standard-mesh,light,15,4,205,257,834,890,38.5,36.5,40.7,100.0
standard-mesh,light,15,5,257,308,834,890,37.5,36.1,39.1,100.0
standard-mesh,light,15,6,308,360,834,890,39.2,37.8,40.3,100.0
standard-mesh,light,15,7,360,411,834,890,39.8,38.6,41.1,100.0
