screen/route,file:line,component,element,token,role/size,floor,x_band_dp,alignment,vertical_position,density,verification,parent_chain_note,bare_kind
AIConnection,src/screens/AIConnectionScreen.tsx:344,AIConnectionScreen,Button-link,accentText,label 14/600,4.5,ESTIMATED(n/a),ESTIMATED(n/a),ESTIMATED(n/a),presentation (veil galaxy 0.02 / standard 0.05),"ESTIMATED(AST-traced, not hand-read)",View@343{header} < View@342{root} < ⟨AIConnectionScreen⟩ < <AIConnectionScreen>@src/navigation/tabs/SettingsStack.tsx:73 < ⟨AIConnectionRoute⟩ < AIConnectionRoute@src/navigation/tabs/SettingsStack.tsx:217 < route:AIConnection@src/navigation/tabs/SettingsStack.tsx,bare
AIConnection,src/screens/AIConnectionScreen.tsx:345,AIConnectionScreen,AppText,textPrimary(default),display 28/600,3.0,ESTIMATED(n/a),ESTIMATED(n/a),ESTIMATED(n/a),presentation (veil galaxy 0.02 / standard 0.05),"ESTIMATED(AST-traced, not hand-read)",View@343{header} < View@342{root} < ⟨AIConnectionScreen⟩ < <AIConnectionScreen>@src/navigation/tabs/SettingsStack.tsx:73 < ⟨AIConnectionRoute⟩ < AIConnectionRoute@src/navigation/tabs/SettingsStack.tsx:217 < route:AIConnection@src/navigation/tabs/SettingsStack.tsx,bare
AIConnection,src/screens/AIConnectionScreen.tsx:357,AIConnectionScreen,AppText,textPrimary(default),heading 20/600,4.5*,ESTIMATED(n/a),ESTIMATED(n/a),ESTIMATED(n/a),presentation (veil galaxy 0.02 / standard 0.05),"ESTIMATED(AST-traced, not hand-read)",View@356{section} < ScrollView@349 < View@342{root} < ⟨AIConnectionScreen⟩ < <AIConnectionScreen>@src/navigation/tabs/SettingsStack.tsx:73 < ⟨AIConnectionRoute⟩ < AIConnectionRoute@src/navigation/tabs/SettingsStack.tsx:217 < route:AIConnection@src/navigation/tabs/SettingsStack.tsx,bare
AIConnection,src/screens/AIConnectionScreen.tsx:379,AIConnectionScreen,AppText,textPrimary(default),heading 20/600,4.5*,ESTIMATED(n/a),ESTIMATED(n/a),ESTIMATED(n/a),presentation (veil galaxy 0.02 / standard 0.05),VERIFIED(hand-read 38.5-01),"HAND 38.5-01 [sample(c) seed 385001]: section heading View{section} < ScrollView < View{root}; string: ""Advanced Setup""; analyzer error: none (carried from v2) || AST: View@378{section} < ScrollView@349 < View@342{root} < ⟨AIConnectionScreen⟩ < <AIConnectionScreen>@src/navigation/tabs/SettingsStack.tsx:73 < ⟨AIConnectionRoute⟩ < AIConnectionRoute@src/navigation/tabs/SettingsStack.tsx:217 < route:AIConnection@src/navigation/tabs/SettingsStack.tsx",bare
AIConnection,src/screens/AIConnectionScreen.tsx:493,AIConnectionScreen,AppText,danger,caption 14/400,4.5,ESTIMATED(n/a),ESTIMATED(n/a),ESTIMATED(n/a),presentation (veil galaxy 0.02 / standard 0.05),VERIFIED(hand-read 38.5-01),"HAND 38.5-01 [danger (a)]: ScrollView{content} < View{root} (flex only) < AIConnectionRoute (SettingsStack:73) < route AIConnection; drifted from :459; string: dynamic {error}: ""Couldn't load saved AI connections."" / save, test and remove errors / provider result.reason; analyzer error: none (carried from v2) || AST: ScrollView@349 < View@342{root} < ⟨AIConnectionScreen⟩ < <AIConnectionScreen>@src/navigation/tabs/SettingsStack.tsx:73 < ⟨AIConnectionRoute⟩ < AIConnectionRoute@src/navigation/tabs/SettingsStack.tsx:217 < route:AIConnection@src/navigation/tabs/SettingsStack.tsx",bare
AIModelPicker,src/screens/AIModelPickerScreen.tsx:225,AIModelPickerScreen,Button-link,accentText,label 14/600,4.5,ESTIMATED(n/a),ESTIMATED(n/a),ESTIMATED(n/a),presentation (veil galaxy 0.02 / standard 0.05),"ESTIMATED(AST-traced, not hand-read)",View@224{header} < View@223{root} < ⟨AIModelPickerScreen⟩ < <AIModelPickerScreen>@src/navigation/tabs/SettingsStack.tsx:85 < ⟨AIModelPickerRoute⟩ < AIModelPickerRoute@src/navigation/tabs/SettingsStack.tsx:218 < route:AIModelPicker@src/navigation/tabs/SettingsStack.tsx,bare
AIModelPicker,src/screens/AIModelPickerScreen.tsx:226,AIModelPickerScreen,AppText,textPrimary(default),display 28/600,3.0,ESTIMATED(n/a),ESTIMATED(n/a),ESTIMATED(n/a),presentation (veil galaxy 0.02 / standard 0.05),VERIFIED(hand-read 38.5-01),"HAND 38.5-01 [sample(c) seed 385001]: View{header} < View{root}; string: ""Choose a model""; analyzer error: none (carried from v2) || AST: View@224{header} < View@223{root} < ⟨AIModelPickerScreen⟩ < <AIModelPickerScreen>@src/navigation/tabs/SettingsStack.tsx:85 < ⟨AIModelPickerRoute⟩ < AIModelPickerRoute@src/navigation/tabs/SettingsStack.tsx:218 < route:AIModelPicker@src/navigation/tabs/SettingsStack.tsx",bare
AIModelPicker,src/screens/AIModelPickerScreen.tsx:240,AIModelPickerScreen,Button-link,accentText,label 14/600,4.5,ESTIMATED(n/a),ESTIMATED(n/a),ESTIMATED(n/a),presentation (veil galaxy 0.02 / standard 0.05),"ESTIMATED(AST-traced, not hand-read)",View@239{toolbar} < ScrollView@230 < View@223{root} < ⟨AIModelPickerScreen⟩ < <AIModelPickerScreen>@src/navigation/tabs/SettingsStack.tsx:85 < ⟨AIModelPickerRoute⟩ < AIModelPickerRoute@src/navigation/tabs/SettingsStack.tsx:218 < route:AIModelPicker@src/navigation/tabs/SettingsStack.tsx,bare
AIModelPicker,src/screens/AIModelPickerScreen.tsx:245,AIModelPickerScreen,Button-link,accentText,label 14/600,4.5,ESTIMATED(n/a),ESTIMATED(n/a),ESTIMATED(n/a),presentation (veil galaxy 0.02 / standard 0.05),"ESTIMATED(AST-traced, not hand-read)",View@239{toolbar} < ScrollView@230 < View@223{root} < ⟨AIModelPickerScreen⟩ < <AIModelPickerScreen>@src/navigation/tabs/SettingsStack.tsx:85 < ⟨AIModelPickerRoute⟩ < AIModelPickerRoute@src/navigation/tabs/SettingsStack.tsx:218 < route:AIModelPicker@src/navigation/tabs/SettingsStack.tsx,bare
AIModelPicker,src/screens/AIModelPickerScreen.tsx:272,AIModelPickerScreen,AppText,textSecondary,caption 14/400,4.5,ESTIMATED(n/a),ESTIMATED(n/a),ESTIMATED(n/a),presentation (veil galaxy 0.02 / standard 0.05),"ESTIMATED(AST-traced, not hand-read)",ScrollView@230 < View@223{root} < ⟨AIModelPickerScreen⟩ < <AIModelPickerScreen>@src/navigation/tabs/SettingsStack.tsx:85 < ⟨AIModelPickerRoute⟩ < AIModelPickerRoute@src/navigation/tabs/SettingsStack.tsx:218 < route:AIModelPicker@src/navigation/tabs/SettingsStack.tsx,bare
AIModelPicker,src/screens/AIModelPickerScreen.tsx:444,AIModelPickerScreen,AppText,danger,caption 14/400,4.5,ESTIMATED(n/a),ESTIMATED(n/a),ESTIMATED(n/a),presentation (veil galaxy 0.02 / standard 0.05),VERIFIED(hand-read 38.5-01),"HAND 38.5-01 [danger (a)]: ScrollView{content} < View{root}; sits after the manual-id GlassSurface, not inside it; drifted from :403; string: dynamic {message}: ""Couldn't refresh models — using the saved list."" / ""Couldn't load models."" / ""Couldn't save that model.""; analyzer error: none (carried from v2) || AST: ScrollView@230 < View@223{root} < ⟨AIModelPickerScreen⟩ < <AIModelPickerScreen>@src/navigation/tabs/SettingsStack.tsx:85 < ⟨AIModelPickerRoute⟩ < AIModelPickerRoute@src/navigation/tabs/SettingsStack.tsx:218 < route:AIModelPicker@src/navigation/tabs/SettingsStack.tsx",bare
AIPermissions,src/screens/AIPermissionsScreen.tsx:257,AIPermissionsScreen,Button-link,accentText,label 14/600,4.5,ESTIMATED(n/a),ESTIMATED(n/a),ESTIMATED(n/a),presentation (veil galaxy 0.02 / standard 0.05),"ESTIMATED(AST-traced, not hand-read)",View@256{header} < View@255{root} < ⟨AIPermissionsScreen⟩ < <AIPermissionsScreen>@src/navigation/tabs/SettingsStack.tsx:107 < ⟨AIPermissionsRoute⟩ < AIPermissionsRoute@src/navigation/tabs/SettingsStack.tsx:223 < route:AIPermissions@src/navigation/tabs/SettingsStack.tsx,bare
AIPermissions,src/screens/AIPermissionsScreen.tsx:258,AIPermissionsScreen,AppText,textPrimary(default),display 28/600,3.0,ESTIMATED(n/a),ESTIMATED(n/a),ESTIMATED(n/a),presentation (veil galaxy 0.02 / standard 0.05),"ESTIMATED(AST-traced, not hand-read)",View@256{header} < View@255{root} < ⟨AIPermissionsScreen⟩ < <AIPermissionsScreen>@src/navigation/tabs/SettingsStack.tsx:107 < ⟨AIPermissionsRoute⟩ < AIPermissionsRoute@src/navigation/tabs/SettingsStack.tsx:223 < route:AIPermissions@src/navigation/tabs/SettingsStack.tsx,bare
AIPermissions,src/screens/AIPermissionsScreen.tsx:269,AIPermissionsScreen,AppText,textPrimary(default),heading 20/600,4.5*,ESTIMATED(n/a),ESTIMATED(n/a),ESTIMATED(n/a),presentation (veil galaxy 0.02 / standard 0.05),"ESTIMATED(AST-traced, not hand-read)",View@268{section} < ScrollView@262 < View@255{root} < ⟨AIPermissionsScreen⟩ < <AIPermissionsScreen>@src/navigation/tabs/SettingsStack.tsx:107 < ⟨AIPermissionsRoute⟩ < AIPermissionsRoute@src/navigation/tabs/SettingsStack.tsx:223 < route:AIPermissions@src/navigation/tabs/SettingsStack.tsx,bare
AIPermissions,src/screens/AIPermissionsScreen.tsx:270,AIPermissionsScreen,AppText,textSecondary,caption 14/400,4.5,ESTIMATED(n/a),ESTIMATED(n/a),ESTIMATED(n/a),presentation (veil galaxy 0.02 / standard 0.05),"ESTIMATED(AST-traced, not hand-read)",View@268{section} < ScrollView@262 < View@255{root} < ⟨AIPermissionsScreen⟩ < <AIPermissionsScreen>@src/navigation/tabs/SettingsStack.tsx:107 < ⟨AIPermissionsRoute⟩ < AIPermissionsRoute@src/navigation/tabs/SettingsStack.tsx:223 < route:AIPermissions@src/navigation/tabs/SettingsStack.tsx,bare
AIPermissions,src/screens/AIPermissionsScreen.tsx:309,AIPermissionsScreen,AppText,textPrimary(default),heading 20/600,4.5*,ESTIMATED(n/a),ESTIMATED(n/a),ESTIMATED(n/a),presentation (veil galaxy 0.02 / standard 0.05),VERIFIED(hand-read 38.5-01),"HAND 38.5-01 [sample(c) seed 385001]: View{section} < ScrollView < View{root}; string: ""Review existing""; analyzer error: none (carried from v2) || AST: View@308{section} < ScrollView@262 < View@255{root} < ⟨AIPermissionsScreen⟩ < <AIPermissionsScreen>@src/navigation/tabs/SettingsStack.tsx:107 < ⟨AIPermissionsRoute⟩ < AIPermissionsRoute@src/navigation/tabs/SettingsStack.tsx:223 < route:AIPermissions@src/navigation/tabs/SettingsStack.tsx",bare
AIPermissions,src/screens/AIPermissionsScreen.tsx:332,AIPermissionsScreen,AppText,textPrimary(default),body 16/400,4.5,ESTIMATED(n/a),ESTIMATED(n/a),ESTIMATED(n/a),presentation (veil galaxy 0.02 / standard 0.05),"ESTIMATED(AST-traced, not hand-read)",View@331{enabledRow} < View@308{section} < ScrollView@262 < View@255{root} < ⟨AIPermissionsScreen⟩ < <AIPermissionsScreen>@src/navigation/tabs/SettingsStack.tsx:107 < ⟨AIPermissionsRoute⟩ < AIPermissionsRoute@src/navigation/tabs/SettingsStack.tsx:223 < route:AIPermissions@src/navigation/tabs/SettingsStack.tsx,bare
AIPermissions,src/screens/AIPermissionsScreen.tsx:342,AIPermissionsScreen,AppText,textSecondary,caption 14/400,4.5,ESTIMATED(n/a),ESTIMATED(n/a),ESTIMATED(n/a),presentation (veil galaxy 0.02 / standard 0.05),"ESTIMATED(AST-traced, not hand-read)",View@308{section} < ScrollView@262 < View@255{root} < ⟨AIPermissionsScreen⟩ < <AIPermissionsScreen>@src/navigation/tabs/SettingsStack.tsx:107 < ⟨AIPermissionsRoute⟩ < AIPermissionsRoute@src/navigation/tabs/SettingsStack.tsx:223 < route:AIPermissions@src/navigation/tabs/SettingsStack.tsx,bare
AIPermissions,src/screens/AIPermissionsScreen.tsx:347,AIPermissionsScreen,AppText,textSecondary,caption 14/400,4.5,ESTIMATED(n/a),ESTIMATED(n/a),ESTIMATED(n/a),presentation (veil galaxy 0.02 / standard 0.05),"ESTIMATED(AST-traced, not hand-read)",View@308{section} < ScrollView@262 < View@255{root} < ⟨AIPermissionsScreen⟩ < <AIPermissionsScreen>@src/navigation/tabs/SettingsStack.tsx:107 < ⟨AIPermissionsRoute⟩ < AIPermissionsRoute@src/navigation/tabs/SettingsStack.tsx:223 < route:AIPermissions@src/navigation/tabs/SettingsStack.tsx,bare
AIPermissions,src/screens/AIPermissionsScreen.tsx:353,AIPermissionsScreen,AppText,danger,caption 14/400,4.5,ESTIMATED(n/a),ESTIMATED(n/a),ESTIMATED(n/a),presentation (veil galaxy 0.02 / standard 0.05),VERIFIED(hand-read 38.5-01),HAND 38.5-01 [danger (a)]: View{section} < ScrollView{content} < View{root}; drifted from :316; string: dynamic {shownError} = readError ?? actionError; analyzer error: none (carried from v2) || AST: View@308{section} < ScrollView@262 < View@255{root} < ⟨AIPermissionsScreen⟩ < <AIPermissionsScreen>@src/navigation/tabs/SettingsStack.tsx:107 < ⟨AIPermissionsRoute⟩ < AIPermissionsRoute@src/navigation/tabs/SettingsStack.tsx:223 < route:AIPermissions@src/navigation/tabs/SettingsStack.tsx,bare
AIPermissions,src/screens/AIPermissionsScreen.tsx:456,AIPermissionsScreen,AppText,textSecondary(default),caption 14/400,4.5,ESTIMATED(n/a),ESTIMATED(n/a),ESTIMATED(n/a),presentation (veil galaxy 0.02 / standard 0.05),VERIFIED(hand-read 38.5-01),"HAND 38.5-01 [sample(c) seed 385001]: View{bulkActions} < View{section} < ScrollView < View{root}; string: ""{n} selected""; analyzer error: none (carried from v2) || AST: View@455{bulkActions} < View@308{section} < ScrollView@262 < View@255{root} < ⟨AIPermissionsScreen⟩ < <AIPermissionsScreen>@src/navigation/tabs/SettingsStack.tsx:107 < ⟨AIPermissionsRoute⟩ < AIPermissionsRoute@src/navigation/tabs/SettingsStack.tsx:223 < route:AIPermissions@src/navigation/tabs/SettingsStack.tsx",bare
AIPersonalization,src/screens/AIPersonalizationScreen.tsx:411,AIPersonalizationScreen,Button-link,accentText,label 14/600,4.5,ESTIMATED(n/a),ESTIMATED(n/a),ESTIMATED(n/a),presentation (veil galaxy 0.02 / standard 0.05),"ESTIMATED(AST-traced, not hand-read)",View@410{header} < View@409{root} < ⟨AIPersonalizationScreen⟩ < <AIPersonalizationScreen>@src/navigation/tabs/SettingsStack.tsx:97 < ⟨AIPersonalizationRoute⟩ < AIPersonalizationRoute@src/navigation/tabs/SettingsStack.tsx:221 < route:AIPersonalization@src/navigation/tabs/SettingsStack.tsx,bare
AIPersonalization,src/screens/AIPersonalizationScreen.tsx:412,AIPersonalizationScreen,AppText,textPrimary(default),display 28/600,3.0,ESTIMATED(n/a),ESTIMATED(n/a),ESTIMATED(n/a),presentation (veil galaxy 0.02 / standard 0.05),"ESTIMATED(AST-traced, not hand-read)",View@410{header} < View@409{root} < ⟨AIPersonalizationScreen⟩ < <AIPersonalizationScreen>@src/navigation/tabs/SettingsStack.tsx:97 < ⟨AIPersonalizationRoute⟩ < AIPersonalizationRoute@src/navigation/tabs/SettingsStack.tsx:221 < route:AIPersonalization@src/navigation/tabs/SettingsStack.tsx,bare
AIPersonalization,src/screens/AIPersonalizationScreen.tsx:428,AIPersonalizationScreen,AppText,textPrimary(default),heading 20/600,4.5*,ESTIMATED(n/a),ESTIMATED(n/a),ESTIMATED(n/a),presentation (veil galaxy 0.02 / standard 0.05),"ESTIMATED(AST-traced, not hand-read)",View@424{section} < ScrollView@416 < View@409{root} < ⟨AIPersonalizationScreen⟩ < <AIPersonalizationScreen>@src/navigation/tabs/SettingsStack.tsx:97 < ⟨AIPersonalizationRoute⟩ < AIPersonalizationRoute@src/navigation/tabs/SettingsStack.tsx:221 < route:AIPersonalization@src/navigation/tabs/SettingsStack.tsx,bare
AIPersonalization,src/screens/AIPersonalizationScreen.tsx:475,AIPersonalizationScreen,AppText,textPrimary(default),label 14/600,4.5,ESTIMATED(n/a),ESTIMATED(n/a),ESTIMATED(n/a),presentation (veil galaxy 0.02 / standard 0.05),"ESTIMATED(AST-traced, not hand-read)",View@424{section} < ScrollView@416 < View@409{root} < ⟨AIPersonalizationScreen⟩ < <AIPersonalizationScreen>@src/navigation/tabs/SettingsStack.tsx:97 < ⟨AIPersonalizationRoute⟩ < AIPersonalizationRoute@src/navigation/tabs/SettingsStack.tsx:221 < route:AIPersonalization@src/navigation/tabs/SettingsStack.tsx,bare
AIPersonalization,src/screens/AIPersonalizationScreen.tsx:507,AIPersonalizationScreen,AppText,textPrimary(default),heading 20/600,4.5*,ESTIMATED(n/a),ESTIMATED(n/a),ESTIMATED(n/a),presentation (veil galaxy 0.02 / standard 0.05),VERIFIED(hand-read 38.5-01),"HAND 38.5-01 [sample(c) seed 385001]: View{sectionHeadingRow} < View{section} < ScrollView < View{root}; string: ""Personalization Context""; analyzer error: none (carried from v2) || AST: View@506{sectionHeadingRow} < View@502{section} < ScrollView@416 < View@409{root} < ⟨AIPersonalizationScreen⟩ < <AIPersonalizationScreen>@src/navigation/tabs/SettingsStack.tsx:97 < ⟨AIPersonalizationRoute⟩ < AIPersonalizationRoute@src/navigation/tabs/SettingsStack.tsx:221 < route:AIPersonalization@src/navigation/tabs/SettingsStack.tsx",bare
AIPersonalization,src/screens/AIPersonalizationScreen.tsx:514,AIPersonalizationScreen,AppText,textSecondary,caption 14/400,4.5,ESTIMATED(n/a),ESTIMATED(n/a),ESTIMATED(n/a),presentation (veil galaxy 0.02 / standard 0.05),"ESTIMATED(AST-traced, not hand-read)",View@502{section} < ScrollView@416 < View@409{root} < ⟨AIPersonalizationScreen⟩ < <AIPersonalizationScreen>@src/navigation/tabs/SettingsStack.tsx:97 < ⟨AIPersonalizationRoute⟩ < AIPersonalizationRoute@src/navigation/tabs/SettingsStack.tsx:221 < route:AIPersonalization@src/navigation/tabs/SettingsStack.tsx,bare
AIPersonalization,src/screens/AIPersonalizationScreen.tsx:692,AIPersonalizationScreen,AppText,textSecondary,body 16/400,4.5,ESTIMATED(n/a),ESTIMATED(n/a),ESTIMATED(n/a),presentation (veil galaxy 0.02 / standard 0.05),VERIFIED(hand-read 38.5-01),HAND 38.5-01 [sample(c) seed 385001]: directly in ScrollView < View{root}; string: dynamic {message}; analyzer error: none (carried from v2) || AST: ScrollView@416 < View@409{root} < ⟨AIPersonalizationScreen⟩ < <AIPersonalizationScreen>@src/navigation/tabs/SettingsStack.tsx:97 < ⟨AIPersonalizationRoute⟩ < AIPersonalizationRoute@src/navigation/tabs/SettingsStack.tsx:221 < route:AIPersonalization@src/navigation/tabs/SettingsStack.tsx,bare
AIPersonalization,src/screens/AIPersonalizationScreen.tsx:729,StyleRow,AppText,textPrimary(default),label 14/600,4.5,ESTIMATED(n/a),ESTIMATED(n/a),ESTIMATED(n/a),presentation (veil galaxy 0.02 / standard 0.05),VERIFIED(hand-read 38.5-01),HAND 38.5-01 [multi-render-site (c)]: StyleRow View{styleRow} (no fill); render sites :429/:442/:457 inside View{section} < ScrollView < View{root}; string: row label; analyzer error: none (carried from v2) || AST: View@728{styleRow} < ⟨StyleRow⟩ < <StyleRow>@src/screens/AIPersonalizationScreen.tsx:429 < View@424{section} < ScrollView@416 < View@409{root} < ⟨AIPersonalizationScreen⟩ < <AIPersonalizationScreen>@src/navigation/tabs/SettingsStack.tsx:97 < ⟨AIPersonalizationRoute⟩ < AIPersonalizationRoute@src/navigation/tabs/SettingsStack.tsx:221 < route:AIPersonalization@src/navigation/tabs/SettingsStack.tsx || View@728{styleRow} < ⟨StyleRow⟩ < <StyleRow>@src/screens/AIPersonalizationScreen.tsx:442 < View@424{section} < ScrollView@416 < View@409{root} < ⟨AIPersonalizationScreen⟩ < <AIPersonalizationScreen>@src/navigation/tabs/SettingsStack.tsx:97 < ⟨AIPersonalizationRoute⟩ < AIPersonalizationRoute@src/navigation/tabs/SettingsStack.tsx:221 < route:AIPersonalization@src/navigation/tabs/SettingsStack.tsx || View@728{styleRow} < ⟨StyleRow⟩ < <StyleRow>@src/screens/AIPersonalizationScreen.tsx:457 < View@424{section} < ScrollView@416 < View@409{root} < ⟨AIPersonalizationScreen⟩ < <AIPersonalizationScreen>@src/navigation/tabs/SettingsStack.tsx:97 < ⟨AIPersonalizationRoute⟩ < AIPersonalizationRoute@src/navigation/tabs/SettingsStack.tsx:221 < route:AIPersonalization@src/navigation/tabs/SettingsStack.tsx,bare
AIPersonalization,src/screens/AIPersonalizationScreen.tsx:736,StyleRow,Button-link,accentText,label 14/600,4.5,ESTIMATED(n/a),ESTIMATED(n/a),ESTIMATED(n/a),presentation (veil galaxy 0.02 / standard 0.05),VERIFIED(hand-read 38.5-01),"HAND 38.5-01 [multi-render-site (c)]: StyleRow tertiary Button; same chain as :729; string: ""Use custom guidance instead"" / ""Use {label} controls""; analyzer error: none (carried from v2) || AST: View@728{styleRow} < ⟨StyleRow⟩ < <StyleRow>@src/screens/AIPersonalizationScreen.tsx:429 < View@424{section} < ScrollView@416 < View@409{root} < ⟨AIPersonalizationScreen⟩ < <AIPersonalizationScreen>@src/navigation/tabs/SettingsStack.tsx:97 < ⟨AIPersonalizationRoute⟩ < AIPersonalizationRoute@src/navigation/tabs/SettingsStack.tsx:221 < route:AIPersonalization@src/navigation/tabs/SettingsStack.tsx || View@728{styleRow} < ⟨StyleRow⟩ < <StyleRow>@src/screens/AIPersonalizationScreen.tsx:442 < View@424{section} < ScrollView@416 < View@409{root} < ⟨AIPersonalizationScreen⟩ < <AIPersonalizationScreen>@src/navigation/tabs/SettingsStack.tsx:97 < ⟨AIPersonalizationRoute⟩ < AIPersonalizationRoute@src/navigation/tabs/SettingsStack.tsx:221 < route:AIPersonalization@src/navigation/tabs/SettingsStack.tsx || View@728{styleRow} < ⟨StyleRow⟩ < <StyleRow>@src/screens/AIPersonalizationScreen.tsx:457 < View@424{section} < ScrollView@416 < View@409{root} < ⟨AIPersonalizationScreen⟩ < <AIPersonalizationScreen>@src/navigation/tabs/SettingsStack.tsx:97 < ⟨AIPersonalizationRoute⟩ < AIPersonalizationRoute@src/navigation/tabs/SettingsStack.tsx:221 < route:AIPersonalization@src/navigation/tabs/SettingsStack.tsx",bare
Backup,src/screens/BackupScreen.tsx:673,BackupScreen,Text,textSecondary,Text ?,4.5,ESTIMATED(n/a),ESTIMATED(n/a),ESTIMATED(n/a),dense (veil galaxy 0.22 / standard 0.3),VERIFIED(hand-read 38.5-01),"HAND 38.5-01 [multi-render-site (c)]: View{privacy} < ScrollView return root; hosted by SettingsStack BackupSettingsHostRoute (BackupStack.tsx is not mounted by RootNavigator, same route name); string: privacy glyph; analyzer error: none (carried from v2) || AST: View@672{privacy} < ScrollView@380{#backup-screen} < ⟨BackupScreen⟩ < <BackupScreen>@src/navigation/tabs/BackupStack.tsx:17 < ⟨BackupTabRoute⟩ < BackupTabRoute@src/navigation/tabs/BackupStack.tsx:34 < route:Backup@src/navigation/tabs/BackupStack.tsx || View@672{privacy} < ScrollView@380{#backup-screen} < ⟨BackupScreen⟩ < <BackupScreen>@src/navigation/tabs/SettingsStack.tsx:153 < ⟨BackupSettingsHostRoute⟩ < BackupSettingsHostRoute@src/navigation/tabs/SettingsStack.tsx:207 < route:Backup@src/navigation/tabs/SettingsStack.tsx",bare
Backup,src/screens/BackupScreen.tsx:674,BackupScreen,Text,textSecondary,Text 13,4.5,ESTIMATED(n/a),ESTIMATED(n/a),ESTIMATED(n/a),dense (veil galaxy 0.22 / standard 0.3),VERIFIED(hand-read 38.5-01),"HAND 38.5-01 [multi-render-site (c)]: same chain as :673; string: ""Backups include your contacts, notes, photos, and settings. API keys are never included.""; analyzer error: none (carried from v2) || AST: View@672{privacy} < ScrollView@380{#backup-screen} < ⟨BackupScreen⟩ < <BackupScreen>@src/navigation/tabs/BackupStack.tsx:17 < ⟨BackupTabRoute⟩ < BackupTabRoute@src/navigation/tabs/BackupStack.tsx:34 < route:Backup@src/navigation/tabs/BackupStack.tsx || View@672{privacy} < ScrollView@380{#backup-screen} < ⟨BackupScreen⟩ < <BackupScreen>@src/navigation/tabs/SettingsStack.tsx:153 < ⟨BackupSettingsHostRoute⟩ < BackupSettingsHostRoute@src/navigation/tabs/SettingsStack.tsx:207 < route:Backup@src/navigation/tabs/SettingsStack.tsx",bare
BackupSettings,src/screens/BackupSettingsScreen.tsx:416,BackupSettingsScreen,Text,textSecondary,Text ?,4.5,ESTIMATED(n/a),ESTIMATED(n/a),ESTIMATED(n/a),dense (veil galaxy 0.22 / standard 0.3),VERIFIED(hand-read 38.5-01),"HAND 38.5-01 [sample(c) seed 385001]: Pressable{back} border only < View{header} < ScrollView return root; string: ""Back""; analyzer error: none (carried from v2) || AST: Pressable@409{back} < View@408{header} < ScrollView@401{#backup-settings-screen} < ⟨BackupSettingsScreen⟩ < BackupSettingsScreen@src/navigation/tabs/BackupStack.tsx:35 < route:BackupSettings@src/navigation/tabs/BackupStack.tsx || Pressable@409{back} < View@408{header} < ScrollView@401{#backup-settings-screen} < ⟨BackupSettingsScreen⟩ < BackupSettingsScreen@src/navigation/tabs/SettingsStack.tsx:208 < route:BackupSettings@src/navigation/tabs/SettingsStack.tsx",bare
BackupSettings,src/screens/BackupSettingsScreen.tsx:418,BackupSettingsScreen,Text,textPrimary,"Text 24/""600""",3.0,ESTIMATED(n/a),ESTIMATED(n/a),ESTIMATED(n/a),dense (veil galaxy 0.22 / standard 0.3),"ESTIMATED(AST-traced, not hand-read)",View@408{header} < ScrollView@401{#backup-settings-screen} < ⟨BackupSettingsScreen⟩ < BackupSettingsScreen@src/navigation/tabs/BackupStack.tsx:35 < route:BackupSettings@src/navigation/tabs/BackupStack.tsx || View@408{header} < ScrollView@401{#backup-settings-screen} < ⟨BackupSettingsScreen⟩ < BackupSettingsScreen@src/navigation/tabs/SettingsStack.tsx:208 < route:BackupSettings@src/navigation/tabs/SettingsStack.tsx,bare
BackupSettings,src/screens/BackupSettingsScreen.tsx:431,BackupSettingsScreen,ActivityIndicator,accentText,ActivityIndicator ,3.0,ESTIMATED(n/a),ESTIMATED(n/a),ESTIMATED(n/a),dense (veil galaxy 0.22 / standard 0.3),VERIFIED(hand-read 38.5-01),HAND 38.5-01: token accent->accentText since the brief (38.4-16 d822085 / 38.4-review 6407fb1 misrole swap); spinner in View{readState} < ScrollView return root; string: (spinner); analyzer error: none (carried from v2) || AST: View@426{readState} < ScrollView@401{#backup-settings-screen} < ⟨BackupSettingsScreen⟩ < BackupSettingsScreen@src/navigation/tabs/BackupStack.tsx:35 < route:BackupSettings@src/navigation/tabs/BackupStack.tsx || View@426{readState} < ScrollView@401{#backup-settings-screen} < ⟨BackupSettingsScreen⟩ < BackupSettingsScreen@src/navigation/tabs/SettingsStack.tsx:208 < route:BackupSettings@src/navigation/tabs/SettingsStack.tsx,bare
BulkImportSetup,src/components/FrequencyPicker.tsx:224,FrequencyPicker,Text,danger,"Text 13/""600""",4.5,ESTIMATED(n/a),ESTIMATED(n/a),ESTIMATED(n/a),dense (veil galaxy 0.22 / standard 0.3),VERIFIED(hand-read 38.5-01),"HAND 38.5-01 [danger (a)]: View{customArea} < View{group}; bare under BulkImportSetup:541 (View{field} < ScrollView; route row NEW vs brief), ImportReview:538 (View{field} < ScrollView) and UpdateContact:667 (EditorFrame, no fill); backed under ContactProfile:503 (surface lifecycle card) and Create:590 / Edit:1462 (AccordionSection surface fill); drifted from :212; string: ""Enter a whole number greater than 0."" (INVALID_INTERVAL_MESSAGE); analyzer error: none (carried from v2) || AST: View@170{customArea} < View@112{group} < ⟨FrequencyPicker⟩ < <FrequencyPicker>@src/screens/BulkImportSetupScreen.tsx:541 < View@485{field} < ScrollView@478 < ⟨BulkImportSetupScreen⟩ < BulkImportSetupScreen@src/navigation/tabs/SettingsStack.tsx:269 < route:BulkImportSetup@src/navigation/tabs/SettingsStack.tsx || View@170{customArea} < View@112{group} < ⟨FrequencyPicker⟩ < <FrequencyPicker>@src/screens/ContactProfileScreen.tsx:503 < backed:opaque View@488{bg surface} || View@170{customArea} < View@112{group} < ⟨FrequencyPicker⟩ < <FrequencyPicker>@src/screens/CreateContactScreen.tsx:590 < View@586{field} < backed:opaque AccordionSection@511 via AccordionSection.children || View@170{customArea} < View@112{group} < ⟨FrequencyPicker⟩ < <FrequencyPicker>@src/screens/EditContactScreen.tsx:1462 < View@1458{field} < backed:opaque AccordionSection@1392 via AccordionSection.children || View@170{customArea} < View@112{group} < ⟨FrequencyPicker⟩ < <FrequencyPicker>@src/screens/ImportReviewScreen.tsx:538 < View@534{field} < ScrollView@381 < ⟨ImportReviewScreen⟩ < ImportReviewScreen@src/navigation/tabs/SettingsStack.tsx:268 < route:ImportReview@src/navigation/tabs/SettingsStack.tsx || View@170{customArea} < View@112{group} < ⟨FrequencyPicker⟩ < <FrequencyPicker>@src/screens/UpdateContactScreen.tsx:667 < EditorFrame@666 < ⟨ContactFrequencyFocusedEditor⟩ < <ContactFrequencyFocusedEditor>@src/screens/UpdateContactScreen.tsx:923 < {renderActiveEditor}@960 < ScrollView@958 < View@956{root} < ⟨UpdateContactScreen⟩ < UpdateContactScreen@src/navigation/tabs/DashboardStack.tsx:44 < route:UpdateContact@src/navigation/tabs/DashboardStack.tsx",mixed
BulkImportSetup,src/screens/BulkImportSetupScreen.tsx:427,BulkImportSetupScreen,Text,textSecondary,Text ?,4.5,ESTIMATED(n/a),ESTIMATED(n/a),ESTIMATED(n/a),dense (veil galaxy 0.22 / standard 0.3),VERIFIED(hand-read 38.5-01),"HAND 38.5-01 [sample(c) seed 385001]: `header` JSX local: Pressable{back} border only < View{header}; rendered as {header} in both returns (stopped ScrollView :440 and main ScrollView :478), no fill; string: ""Back""; analyzer error: none (carried from v2) || AST: Pressable@421{back} < View@420{header} < {header}@441 < ScrollView@440 < ⟨BulkImportSetupScreen⟩ < BulkImportSetupScreen@src/navigation/tabs/SettingsStack.tsx:269 < route:BulkImportSetup@src/navigation/tabs/SettingsStack.tsx || Pressable@421{back} < View@420{header} < {header}@479 < ScrollView@478 < ⟨BulkImportSetupScreen⟩ < BulkImportSetupScreen@src/navigation/tabs/SettingsStack.tsx:269 < route:BulkImportSetup@src/navigation/tabs/SettingsStack.tsx",bare
BulkImportSetup,src/screens/BulkImportSetupScreen.tsx:429,BulkImportSetupScreen,Text,textPrimary,"Text 22/""700""",3.0,ESTIMATED(n/a),ESTIMATED(n/a),ESTIMATED(n/a),dense (veil galaxy 0.22 / standard 0.3),VERIFIED(hand-read 38.5-01),"HAND 38.5-01: `header` title Text < View{header} < both ScrollView returns; string: ""Import contacts""; analyzer error: none (carried from v2) || AST: View@420{header} < {header}@441 < ScrollView@440 < ⟨BulkImportSetupScreen⟩ < BulkImportSetupScreen@src/navigation/tabs/SettingsStack.tsx:269 < route:BulkImportSetup@src/navigation/tabs/SettingsStack.tsx || View@420{header} < {header}@479 < ScrollView@478 < ⟨BulkImportSetupScreen⟩ < BulkImportSetupScreen@src/navigation/tabs/SettingsStack.tsx:269 < route:BulkImportSetup@src/navigation/tabs/SettingsStack.tsx",bare
BulkImportSetup,src/screens/BulkImportSetupScreen.tsx:442,BulkImportSetupScreen,Text,textPrimary,"Text 18/""600""",4.5,ESTIMATED(n/a),ESTIMATED(n/a),ESTIMATED(n/a),dense (veil galaxy 0.22 / standard 0.3),VERIFIED(hand-read 38.5-01),HAND 38.5-01: stopped-state early return ScrollView{content} (no fill); branch added after 738ae12; string: dynamic bulkImportStoppedMessage(count); analyzer error: none (carried from v2) || AST: ScrollView@440 < ⟨BulkImportSetupScreen⟩ < BulkImportSetupScreen@src/navigation/tabs/SettingsStack.tsx:269 < route:BulkImportSetup@src/navigation/tabs/SettingsStack.tsx,bare
BulkImportSetup,src/screens/BulkImportSetupScreen.tsx:469,BulkImportSetupScreen,Text,danger,"Text ?/""600""",4.5,ESTIMATED(n/a),ESTIMATED(n/a),ESTIMATED(n/a),dense (veil galaxy 0.22 / standard 0.3),VERIFIED(hand-read 38.5-01),"HAND 38.5-01 [danger (a)]: stopped-state early return: Pressable{import} border only (borderColor danger, no fill) < ScrollView{content}; branch added after 738ae12; string: ""Discard"" (BULK_IMPORT_STOPPED_DISCARD); analyzer error: none (carried from v2) || AST: Pressable@462{import} < ScrollView@440 < ⟨BulkImportSetupScreen⟩ < BulkImportSetupScreen@src/navigation/tabs/SettingsStack.tsx:269 < route:BulkImportSetup@src/navigation/tabs/SettingsStack.tsx",bare
BulkImportSetup,src/screens/BulkImportSetupScreen.tsx:481,BulkImportSetupScreen,Text,textPrimary,"Text 18/""600""",4.5,ESTIMATED(n/a),ESTIMATED(n/a),ESTIMATED(n/a),dense (veil galaxy 0.22 / standard 0.3),VERIFIED(hand-read 38.5-01),"HAND 38.5-01: main return ScrollView{content} (no fill); row NEW vs brief (screen grew +332 lines since 738ae12); string: ""{n contacts} selected""; analyzer error: none (carried from v2) || AST: ScrollView@478 < ⟨BulkImportSetupScreen⟩ < BulkImportSetupScreen@src/navigation/tabs/SettingsStack.tsx:269 < route:BulkImportSetup@src/navigation/tabs/SettingsStack.tsx",bare
BulkImportSetup,src/screens/BulkImportSetupScreen.tsx:486,BulkImportSetupScreen,Text,textSecondary,"Text 13/""600""",4.5,ESTIMATED(n/a),ESTIMATED(n/a),ESTIMATED(n/a),dense (veil galaxy 0.22 / standard 0.3),VERIFIED(hand-read 38.5-01),"HAND 38.5-01: View{field} < ScrollView{content}; string: ""Orbit participation""; analyzer error: none (carried from v2) || AST: View@485{field} < ScrollView@478 < ⟨BulkImportSetupScreen⟩ < BulkImportSetupScreen@src/navigation/tabs/SettingsStack.tsx:269 < route:BulkImportSetup@src/navigation/tabs/SettingsStack.tsx",bare
BulkImportSetup,src/screens/BulkImportSetupScreen.tsx:538,BulkImportSetupScreen,Text,textSecondary,"Text 13/""600""",4.5,ESTIMATED(n/a),ESTIMATED(n/a),ESTIMATED(n/a),dense (veil galaxy 0.22 / standard 0.3),VERIFIED(hand-read 38.5-01),"HAND 38.5-01: View{field} (tracking-enabled fragment) < ScrollView{content}; string: ""Frequency""; analyzer error: none (carried from v2) || AST: View@485{field} < ScrollView@478 < ⟨BulkImportSetupScreen⟩ < BulkImportSetupScreen@src/navigation/tabs/SettingsStack.tsx:269 < route:BulkImportSetup@src/navigation/tabs/SettingsStack.tsx",bare
BulkImportSetup,src/screens/BulkImportSetupScreen.tsx:550,BulkImportSetupScreen,Text,textSecondary,Text 13,4.5,ESTIMATED(n/a),ESTIMATED(n/a),ESTIMATED(n/a),dense (veil galaxy 0.22 / standard 0.3),VERIFIED(hand-read 38.5-01),HAND 38.5-01: View{field} (tracking-enabled fragment) < ScrollView{content}; row NEW vs brief; string: BULK_BOUND_BLURB; analyzer error: none (carried from v2) || AST: View@485{field} < ScrollView@478 < ⟨BulkImportSetupScreen⟩ < BulkImportSetupScreen@src/navigation/tabs/SettingsStack.tsx:269 < route:BulkImportSetup@src/navigation/tabs/SettingsStack.tsx,bare
BulkImportSetup,src/screens/BulkImportSetupScreen.tsx:558,BulkImportSetupScreen,Text,textSecondary,"Text 13/""600""",4.5,ESTIMATED(n/a),ESTIMATED(n/a),ESTIMATED(n/a),dense (veil galaxy 0.22 / standard 0.3),VERIFIED(hand-read 38.5-01),"HAND 38.5-01: View{field} < ScrollView{content}; row NEW vs brief; string: ""Category override""; analyzer error: none (carried from v2) || AST: View@557{field} < ScrollView@478 < ⟨BulkImportSetupScreen⟩ < BulkImportSetupScreen@src/navigation/tabs/SettingsStack.tsx:269 < route:BulkImportSetup@src/navigation/tabs/SettingsStack.tsx",bare
BulkReview,src/screens/BulkReviewScreen.tsx:119,BulkReviewScreen,Text,textSecondary,Text ?,4.5,ESTIMATED(n/a),ESTIMATED(n/a),ESTIMATED(n/a),dense (veil galaxy 0.22 / standard 0.3),"ESTIMATED(AST-traced, not hand-read)",Pressable@113{back} < View@112{header} < ScrollView@108{#bulk-review-screen} < ⟨BulkReviewScreen⟩ < BulkReviewScreen@src/navigation/tabs/SettingsStack.tsx:273 < route:BulkReview@src/navigation/tabs/SettingsStack.tsx,bare
BulkReview,src/screens/BulkReviewScreen.tsx:121,BulkReviewScreen,Text,textPrimary,"Text 24/""700""",3.0,ESTIMATED(n/a),ESTIMATED(n/a),ESTIMATED(n/a),dense (veil galaxy 0.22 / standard 0.3),"ESTIMATED(AST-traced, not hand-read)",View@112{header} < ScrollView@108{#bulk-review-screen} < ⟨BulkReviewScreen⟩ < BulkReviewScreen@src/navigation/tabs/SettingsStack.tsx:273 < route:BulkReview@src/navigation/tabs/SettingsStack.tsx,bare
BulkReview,src/screens/BulkReviewScreen.tsx:130,BulkReviewScreen,Text,textSecondary,Text 15,4.5,ESTIMATED(n/a),ESTIMATED(n/a),ESTIMATED(n/a),dense (veil galaxy 0.22 / standard 0.3),"ESTIMATED(AST-traced, not hand-read)",ScrollView@108{#bulk-review-screen} < ⟨BulkReviewScreen⟩ < BulkReviewScreen@src/navigation/tabs/SettingsStack.tsx:273 < route:BulkReview@src/navigation/tabs/SettingsStack.tsx,bare
BulkReview,src/screens/BulkReviewScreen.tsx:135,BulkReviewScreen,Text,textSecondary,Text 15,4.5,ESTIMATED(n/a),ESTIMATED(n/a),ESTIMATED(n/a),dense (veil galaxy 0.22 / standard 0.3),"ESTIMATED(AST-traced, not hand-read)",ScrollView@108{#bulk-review-screen} < ⟨BulkReviewScreen⟩ < BulkReviewScreen@src/navigation/tabs/SettingsStack.tsx:273 < route:BulkReview@src/navigation/tabs/SettingsStack.tsx,bare
BulkReview,src/screens/BulkReviewScreen.tsx:141,BulkReviewScreen,Text,textPrimary,"Text 18/""600""",4.5,ESTIMATED(n/a),ESTIMATED(n/a),ESTIMATED(n/a),dense (veil galaxy 0.22 / standard 0.3),VERIFIED(hand-read 38.5-01),"HAND 38.5-01 [sample(c) seed 385001]: View{empty} < ScrollView return root; string: ""Nothing to review""; analyzer error: none (carried from v2) || AST: View@140{empty} < ScrollView@108{#bulk-review-screen} < ⟨BulkReviewScreen⟩ < BulkReviewScreen@src/navigation/tabs/SettingsStack.tsx:273 < route:BulkReview@src/navigation/tabs/SettingsStack.tsx",bare
BulkReview,src/screens/BulkReviewScreen.tsx:144,BulkReviewScreen,Text,textSecondary,Text 15,4.5,ESTIMATED(n/a),ESTIMATED(n/a),ESTIMATED(n/a),dense (veil galaxy 0.22 / standard 0.3),"ESTIMATED(AST-traced, not hand-read)",View@140{empty} < ScrollView@108{#bulk-review-screen} < ⟨BulkReviewScreen⟩ < BulkReviewScreen@src/navigation/tabs/SettingsStack.tsx:273 < route:BulkReview@src/navigation/tabs/SettingsStack.tsx,bare
Capture,src/screens/CaptureScreen.tsx:539,CaptureScreen,Text,textSecondary,"Text 16/""600""",4.5,ESTIMATED(n/a),ESTIMATED(n/a),ESTIMATED(n/a),dense (veil galaxy 0.22 / standard 0.3),"ESTIMATED(AST-traced, not hand-read)",Pressable@532{closePill} < {closePill}@555 < View@548{errorRoot} < ⟨CaptureScreen⟩ < CaptureScreen@src/navigation/tabs/DashboardStack.tsx:61 < route:Capture@src/navigation/tabs/DashboardStack.tsx || Pressable@532{closePill} < {closePill}@577 < View@576{headerRow} < View@575{headerBlock} < {header}@756 < FlatList@746{#capture-picker-root}.ListHeaderComponent < View@745 < ⟨CaptureScreen⟩ < CaptureScreen@src/navigation/tabs/DashboardStack.tsx:61 < route:Capture@src/navigation/tabs/DashboardStack.tsx,bare
Capture,src/screens/CaptureScreen.tsx:549,CaptureScreen,Text,danger,"Text 24/""700""",3.0,ESTIMATED(n/a),ESTIMATED(n/a),ESTIMATED(n/a),dense (veil galaxy 0.22 / standard 0.3),VERIFIED(hand-read 38.5-01),"HAND 38.5-01 [danger (a)]: View{errorRoot} (no fill) is the component's error-state return root < route Capture (DashboardStack); string: ""Nothing to save""; analyzer error: none (carried from v2) || AST: View@548{errorRoot} < ⟨CaptureScreen⟩ < CaptureScreen@src/navigation/tabs/DashboardStack.tsx:61 < route:Capture@src/navigation/tabs/DashboardStack.tsx",bare
Capture,src/screens/CaptureScreen.tsx:578,CaptureScreen,Text,textPrimary,"Text 24/""700""",3.0,ESTIMATED(n/a),ESTIMATED(n/a),ESTIMATED(n/a),dense (veil galaxy 0.22 / standard 0.3),"ESTIMATED(AST-traced, not hand-read)",View@576{headerRow} < View@575{headerBlock} < {header}@756 < FlatList@746{#capture-picker-root}.ListHeaderComponent < View@745 < ⟨CaptureScreen⟩ < CaptureScreen@src/navigation/tabs/DashboardStack.tsx:61 < route:Capture@src/navigation/tabs/DashboardStack.tsx,bare
Capture,src/screens/CaptureScreen.tsx:594,CaptureScreen,Text,textSecondary,Text ?,4.5,ESTIMATED(n/a),ESTIMATED(n/a),ESTIMATED(n/a),dense (veil galaxy 0.22 / standard 0.3),VERIFIED(hand-read 38.5-01),"HAND 38.5-01 [sample(c) seed 385001]: search-reveal Pressable (no fill) < View{headerRow} < View{headerBlock} = `header` local, passed as FlatList ListHeaderComponent (:756) < View flex 1; string: search glyph; analyzer error: none (carried from v2) || AST: Pressable@587{searchReveal} < View@576{headerRow} < View@575{headerBlock} < {header}@756 < FlatList@746{#capture-picker-root}.ListHeaderComponent < View@745 < ⟨CaptureScreen⟩ < CaptureScreen@src/navigation/tabs/DashboardStack.tsx:61 < route:Capture@src/navigation/tabs/DashboardStack.tsx",bare
Capture,src/screens/CaptureScreen.tsx:653,CaptureScreen,Text,textSecondary,Text ?,4.5,ESTIMATED(n/a),ESTIMATED(n/a),ESTIMATED(n/a),dense (veil galaxy 0.22 / standard 0.3),"ESTIMATED(AST-traced, not hand-read)",Pressable@646{searchClear} < View@629{searchFieldRow} < View@575{headerBlock} < {header}@756 < FlatList@746{#capture-picker-root}.ListHeaderComponent < View@745 < ⟨CaptureScreen⟩ < CaptureScreen@src/navigation/tabs/DashboardStack.tsx:61 < route:Capture@src/navigation/tabs/DashboardStack.tsx,bare
Capture,src/screens/CaptureScreen.tsx:680,CaptureScreen,Text,accentText,"Text 24/""700""",3.0,ESTIMATED(n/a),ESTIMATED(n/a),ESTIMATED(n/a),dense (veil galaxy 0.22 / standard 0.3),VERIFIED(hand-read 38.5-01),"HAND 38.5-01: token accent->accentText since the brief (38.4-16 d822085 / 38.4-review 6407fb1 misrole swap); ""+"" glyph box < tile Pressable (no fill) < FlatList < View flex 1 (main return); string: ""+"" new-contact glyph; analyzer error: none (carried from v2) || AST: View@679{newGlyphBox} < Pressable@670{tile} < {renderItem}@749 < FlatList@746{#capture-picker-root}.renderItem < View@745 < ⟨CaptureScreen⟩ < CaptureScreen@src/navigation/tabs/DashboardStack.tsx:61 < route:Capture@src/navigation/tabs/DashboardStack.tsx",bare
Capture,src/screens/CaptureScreen.tsx:684,CaptureScreen,Text,textPrimary,"Text 13/""600""",4.5,ESTIMATED(n/a),ESTIMATED(n/a),ESTIMATED(n/a),dense (veil galaxy 0.22 / standard 0.3),"ESTIMATED(AST-traced, not hand-read)",Pressable@670{tile} < {renderItem}@749 < FlatList@746{#capture-picker-root}.renderItem < View@745 < ⟨CaptureScreen⟩ < CaptureScreen@src/navigation/tabs/DashboardStack.tsx:61 < route:Capture@src/navigation/tabs/DashboardStack.tsx,bare
Capture,src/screens/CaptureScreen.tsx:732,CaptureScreen,Text,textPrimary,"Text 13/""600""",4.5,ESTIMATED(n/a),ESTIMATED(n/a),ESTIMATED(n/a),dense (veil galaxy 0.22 / standard 0.3),"ESTIMATED(AST-traced, not hand-read)",Pressable@697{tile} < {renderItem}@749 < FlatList@746{#capture-picker-root}.renderItem < View@745 < ⟨CaptureScreen⟩ < CaptureScreen@src/navigation/tabs/DashboardStack.tsx:61 < route:Capture@src/navigation/tabs/DashboardStack.tsx,bare
CategoryManagement,src/screens/CategoryManagementScreen.tsx:609,CategoryManagementScreen,ActivityIndicator,accentText,ActivityIndicator ,3.0,ESTIMATED(n/a),ESTIMATED(n/a),ESTIMATED(n/a),presentation (veil galaxy 0.02 / standard 0.05),VERIFIED(hand-read 38.5-01),HAND 38.5-01: token accent->accentText since the brief (38.4-16 d822085 / 38.4-review 6407fb1 misrole swap); loading-state spinner in View{loading} < View{root}; string: (spinner); analyzer error: none (carried from v2) || AST: View@608{loading} < View@606{root} < ⟨CategoryManagementScreen⟩ < CategoryManagementScreen@src/navigation/tabs/SettingsStack.tsx:236 < route:CategoryManagement@src/navigation/tabs/SettingsStack.tsx,bare
CategoryManagement,src/screens/CategoryManagementScreen.tsx:623,CategoryManagementScreen,AppText,danger,body 16/400,4.5,ESTIMATED(n/a),ESTIMATED(n/a),ESTIMATED(n/a),presentation (veil galaxy 0.02 / standard 0.05),VERIFIED(hand-read 38.5-01),"HAND 38.5-01 [danger (a)]: View{loading} < View{root} (flex only; ShellAppBar is a sibling, not an ancestor) < route CategoryManagement; drifted from :620; string: ""Couldn't load categories. Try again."" (LOAD_ERROR); analyzer error: none (carried from v2) || AST: View@622{loading} < View@619{root} < ⟨CategoryManagementScreen⟩ < CategoryManagementScreen@src/navigation/tabs/SettingsStack.tsx:236 < route:CategoryManagement@src/navigation/tabs/SettingsStack.tsx",bare
CategoryManagement,src/screens/CategoryManagementScreen.tsx:644,CategoryManagementScreen,AppText,danger,body 16/400,4.5,ESTIMATED(n/a),ESTIMATED(n/a),ESTIMATED(n/a),presentation (veil galaxy 0.02 / standard 0.05),VERIFIED(hand-read 38.5-01),HAND 38.5-01 [danger (a)]: View{content} < View{root} < route CategoryManagement; drifted from :641; string: dynamic {saveError}: REORDER_ERROR / SAVE_ERROR constants; analyzer error: none (carried from v2) || AST: View@642{content} < View@619{root} < ⟨CategoryManagementScreen⟩ < CategoryManagementScreen@src/navigation/tabs/SettingsStack.tsx:236 < route:CategoryManagement@src/navigation/tabs/SettingsStack.tsx,bare
CategoryManagement,src/screens/CategoryManagementScreen.tsx:683,CategoryManagementScreen,AppText,textPrimary(default),heading 20/600,4.5*,ESTIMATED(n/a),ESTIMATED(n/a),ESTIMATED(n/a),presentation (veil galaxy 0.02 / standard 0.05),VERIFIED(hand-read 38.5-01),HAND 38.5-01 [sample(c) seed 385001]: ReorderableList (library) ListEmptyComponent View < View{content} < View{root}; string: CATEGORY_MANAGER_COPY.emptyHeading; analyzer error: none (carried from v2) || AST: View@682 < ReorderableList@660{#category-list-reduced-motion}.ListEmptyComponent < View@642{content} < View@619{root} < ⟨CategoryManagementScreen⟩ < CategoryManagementScreen@src/navigation/tabs/SettingsStack.tsx:236 < route:CategoryManagement@src/navigation/tabs/SettingsStack.tsx,bare
CategoryManagement,src/screens/CategoryManagementScreen.tsx:686,CategoryManagementScreen,AppText,textSecondary,body 16/400,4.5,ESTIMATED(n/a),ESTIMATED(n/a),ESTIMATED(n/a),presentation (veil galaxy 0.02 / standard 0.05),"ESTIMATED(AST-traced, not hand-read)",View@682 < ReorderableList@660{#category-list-reduced-motion}.ListEmptyComponent < View@642{content} < View@619{root} < ⟨CategoryManagementScreen⟩ < CategoryManagementScreen@src/navigation/tabs/SettingsStack.tsx:236 < route:CategoryManagement@src/navigation/tabs/SettingsStack.tsx,bare
CategoryManagement,src/screens/CategoryManagementScreen.tsx:695,CategoryManagementScreen,AppText,textPrimary(default),heading 20/600,4.5*,ESTIMATED(n/a),ESTIMATED(n/a),ESTIMATED(n/a),presentation (veil galaxy 0.02 / standard 0.05),"ESTIMATED(AST-traced, not hand-read)",View@692{uncategorized} < ReorderableList@660{#category-list-reduced-motion}.ListFooterComponent < View@642{content} < View@619{root} < ⟨CategoryManagementScreen⟩ < CategoryManagementScreen@src/navigation/tabs/SettingsStack.tsx:236 < route:CategoryManagement@src/navigation/tabs/SettingsStack.tsx,bare
CategoryManagement,src/screens/CategoryManagementScreen.tsx:696,CategoryManagementScreen,AppText,textSecondary,caption 14/400,4.5,ESTIMATED(n/a),ESTIMATED(n/a),ESTIMATED(n/a),presentation (veil galaxy 0.02 / standard 0.05),"ESTIMATED(AST-traced, not hand-read)",View@692{uncategorized} < ReorderableList@660{#category-list-reduced-motion}.ListFooterComponent < View@642{content} < View@619{root} < ⟨CategoryManagementScreen⟩ < CategoryManagementScreen@src/navigation/tabs/SettingsStack.tsx:236 < route:CategoryManagement@src/navigation/tabs/SettingsStack.tsx,bare
CategoryManagement,src/screens/CategoryManagementScreen.tsx:699,CategoryManagementScreen,AppText,textSecondary,caption 14/400,4.5,ESTIMATED(n/a),ESTIMATED(n/a),ESTIMATED(n/a),presentation (veil galaxy 0.02 / standard 0.05),"ESTIMATED(AST-traced, not hand-read)",View@692{uncategorized} < ReorderableList@660{#category-list-reduced-motion}.ListFooterComponent < View@642{content} < View@619{root} < ⟨CategoryManagementScreen⟩ < CategoryManagementScreen@src/navigation/tabs/SettingsStack.tsx:236 < route:CategoryManagement@src/navigation/tabs/SettingsStack.tsx,bare
Compose,src/screens/ComposeScreen.tsx:1296,ComposeScreen,Button-link,accentText,label 14/600,4.5,ESTIMATED(n/a),ESTIMATED(n/a),ESTIMATED(n/a),dense (veil galaxy 0.22 / standard 0.3),"ESTIMATED(AST-traced, not hand-read)",View@1295{affordance} < View@1273{section} < ScrollView@1246{#compose-screen} < ⟨ComposeScreen⟩ < ComposeScreen@src/navigation/tabs/DashboardStack.tsx:59 < route:Compose@src/navigation/tabs/DashboardStack.tsx || View@1295{affordance} < View@1273{section} < ScrollView@1246{#compose-screen} < ⟨ComposeScreen⟩ < ComposeScreen@src/navigation/tabs/DigestStack.tsx:34 < route:Compose@src/navigation/tabs/DigestStack.tsx || View@1295{affordance} < View@1273{section} < ScrollView@1246{#compose-screen} < ⟨ComposeScreen⟩ < ComposeScreen@src/navigation/tabs/EventsStack.tsx:34 < route:Compose@src/navigation/tabs/EventsStack.tsx || View@1295{affordance} < View@1273{section} < ScrollView@1246{#compose-screen} < ⟨ComposeScreen⟩ < ComposeScreen@src/navigation/tabs/OrreryStack.tsx:76 < route:Compose@src/navigation/tabs/OrreryStack.tsx,bare
Compose,src/screens/ComposeScreen.tsx:1338,ComposeScreen,Button-link,accentText,label 14/600,4.5,ESTIMATED(n/a),ESTIMATED(n/a),ESTIMATED(n/a),dense (veil galaxy 0.22 / standard 0.3),"ESTIMATED(AST-traced, not hand-read)",View@1337{affordance} < ScrollView@1246{#compose-screen} < ⟨ComposeScreen⟩ < ComposeScreen@src/navigation/tabs/DashboardStack.tsx:59 < route:Compose@src/navigation/tabs/DashboardStack.tsx || View@1337{affordance} < ScrollView@1246{#compose-screen} < ⟨ComposeScreen⟩ < ComposeScreen@src/navigation/tabs/DigestStack.tsx:34 < route:Compose@src/navigation/tabs/DigestStack.tsx || View@1337{affordance} < ScrollView@1246{#compose-screen} < ⟨ComposeScreen⟩ < ComposeScreen@src/navigation/tabs/EventsStack.tsx:34 < route:Compose@src/navigation/tabs/EventsStack.tsx || View@1337{affordance} < ScrollView@1246{#compose-screen} < ⟨ComposeScreen⟩ < ComposeScreen@src/navigation/tabs/OrreryStack.tsx:76 < route:Compose@src/navigation/tabs/OrreryStack.tsx,bare
Compose,src/screens/ComposeScreen.tsx:1356,ComposeScreen,Button-link,accentText,label 14/600,4.5,ESTIMATED(n/a),ESTIMATED(n/a),ESTIMATED(n/a),dense (veil galaxy 0.22 / standard 0.3),"ESTIMATED(AST-traced, not hand-read)",View@1355{affordance} < ScrollView@1246{#compose-screen} < ⟨ComposeScreen⟩ < ComposeScreen@src/navigation/tabs/DashboardStack.tsx:59 < route:Compose@src/navigation/tabs/DashboardStack.tsx || View@1355{affordance} < ScrollView@1246{#compose-screen} < ⟨ComposeScreen⟩ < ComposeScreen@src/navigation/tabs/DigestStack.tsx:34 < route:Compose@src/navigation/tabs/DigestStack.tsx || View@1355{affordance} < ScrollView@1246{#compose-screen} < ⟨ComposeScreen⟩ < ComposeScreen@src/navigation/tabs/EventsStack.tsx:34 < route:Compose@src/navigation/tabs/EventsStack.tsx || View@1355{affordance} < ScrollView@1246{#compose-screen} < ⟨ComposeScreen⟩ < ComposeScreen@src/navigation/tabs/OrreryStack.tsx:76 < route:Compose@src/navigation/tabs/OrreryStack.tsx,bare
Compose,src/screens/ComposeScreen.tsx:1397,ComposeScreen,Button-link,accentText,label 14/600,4.5,ESTIMATED(n/a),ESTIMATED(n/a),ESTIMATED(n/a),dense (veil galaxy 0.22 / standard 0.3),"ESTIMATED(AST-traced, not hand-read)",View@1396{affordance} < ScrollView@1246{#compose-screen} < ⟨ComposeScreen⟩ < ComposeScreen@src/navigation/tabs/DashboardStack.tsx:59 < route:Compose@src/navigation/tabs/DashboardStack.tsx || View@1396{affordance} < ScrollView@1246{#compose-screen} < ⟨ComposeScreen⟩ < ComposeScreen@src/navigation/tabs/DigestStack.tsx:34 < route:Compose@src/navigation/tabs/DigestStack.tsx || View@1396{affordance} < ScrollView@1246{#compose-screen} < ⟨ComposeScreen⟩ < ComposeScreen@src/navigation/tabs/EventsStack.tsx:34 < route:Compose@src/navigation/tabs/EventsStack.tsx || View@1396{affordance} < ScrollView@1246{#compose-screen} < ⟨ComposeScreen⟩ < ComposeScreen@src/navigation/tabs/OrreryStack.tsx:76 < route:Compose@src/navigation/tabs/OrreryStack.tsx,bare
Compose,src/screens/ComposeScreen.tsx:1683,ComposeScreen,Button-link,accentText,label 14/600,4.5,ESTIMATED(n/a),ESTIMATED(n/a),ESTIMATED(n/a),dense (veil galaxy 0.22 / standard 0.3),"ESTIMATED(AST-traced, not hand-read)",View@1682{affordance} < ScrollView@1246{#compose-screen} < ⟨ComposeScreen⟩ < ComposeScreen@src/navigation/tabs/DashboardStack.tsx:59 < route:Compose@src/navigation/tabs/DashboardStack.tsx || View@1682{affordance} < ScrollView@1246{#compose-screen} < ⟨ComposeScreen⟩ < ComposeScreen@src/navigation/tabs/DigestStack.tsx:34 < route:Compose@src/navigation/tabs/DigestStack.tsx || View@1682{affordance} < ScrollView@1246{#compose-screen} < ⟨ComposeScreen⟩ < ComposeScreen@src/navigation/tabs/EventsStack.tsx:34 < route:Compose@src/navigation/tabs/EventsStack.tsx || View@1682{affordance} < ScrollView@1246{#compose-screen} < ⟨ComposeScreen⟩ < ComposeScreen@src/navigation/tabs/OrreryStack.tsx:76 < route:Compose@src/navigation/tabs/OrreryStack.tsx,bare
Compose,src/screens/ComposeScreen.tsx:1720,ComposeScreen,Button-link,accentText,label 14/600,4.5,ESTIMATED(n/a),ESTIMATED(n/a),ESTIMATED(n/a),dense (veil galaxy 0.22 / standard 0.3),VERIFIED(hand-read 38.5-01),"HAND 38.5-01 [sample(c) seed 385001]: tertiary Button in View{affordance} < ScrollView return root; string: ""Add a phone number or email""; analyzer error: none (carried from v2) || AST: View@1719{affordance} < ScrollView@1246{#compose-screen} < ⟨ComposeScreen⟩ < ComposeScreen@src/navigation/tabs/DashboardStack.tsx:59 < route:Compose@src/navigation/tabs/DashboardStack.tsx || View@1719{affordance} < ScrollView@1246{#compose-screen} < ⟨ComposeScreen⟩ < ComposeScreen@src/navigation/tabs/DigestStack.tsx:34 < route:Compose@src/navigation/tabs/DigestStack.tsx || View@1719{affordance} < ScrollView@1246{#compose-screen} < ⟨ComposeScreen⟩ < ComposeScreen@src/navigation/tabs/EventsStack.tsx:34 < route:Compose@src/navigation/tabs/EventsStack.tsx || View@1719{affordance} < ScrollView@1246{#compose-screen} < ⟨ComposeScreen⟩ < ComposeScreen@src/navigation/tabs/OrreryStack.tsx:76 < route:Compose@src/navigation/tabs/OrreryStack.tsx",bare
Compose,src/screens/ComposeScreen.tsx:1746,ComposeScreen,Button-link,accentText,label 14/600,4.5,ESTIMATED(n/a),ESTIMATED(n/a),ESTIMATED(n/a),dense (veil galaxy 0.22 / standard 0.3),VERIFIED(hand-read 38.5-01),"HAND 38.5-01 [sample(c) seed 385001]: tertiary Button in View{affordance} < View{section}; the section's ChromeScrim backs only its label (sibling), not the buttons; string: method display value; analyzer error: none (carried from v2) || AST: View@1745{affordance} < View@1736{section} < ScrollView@1246{#compose-screen} < ⟨ComposeScreen⟩ < ComposeScreen@src/navigation/tabs/DashboardStack.tsx:59 < route:Compose@src/navigation/tabs/DashboardStack.tsx || View@1745{affordance} < View@1736{section} < ScrollView@1246{#compose-screen} < ⟨ComposeScreen⟩ < ComposeScreen@src/navigation/tabs/DigestStack.tsx:34 < route:Compose@src/navigation/tabs/DigestStack.tsx || View@1745{affordance} < View@1736{section} < ScrollView@1246{#compose-screen} < ⟨ComposeScreen⟩ < ComposeScreen@src/navigation/tabs/EventsStack.tsx:34 < route:Compose@src/navigation/tabs/EventsStack.tsx || View@1745{affordance} < View@1736{section} < ScrollView@1246{#compose-screen} < ⟨ComposeScreen⟩ < ComposeScreen@src/navigation/tabs/OrreryStack.tsx:76 < route:Compose@src/navigation/tabs/OrreryStack.tsx",bare
Compose,src/screens/ComposeScreen.tsx:1793,ComposeScreen,AppText,textSecondary(default),caption 14/400,4.5,ESTIMATED(n/a),ESTIMATED(n/a),ESTIMATED(n/a),dense (veil galaxy 0.22 / standard 0.3),"ESTIMATED(AST-traced, not hand-read)",View@1791{actions} < ScrollView@1246{#compose-screen} < ⟨ComposeScreen⟩ < ComposeScreen@src/navigation/tabs/DashboardStack.tsx:59 < route:Compose@src/navigation/tabs/DashboardStack.tsx || View@1791{actions} < ScrollView@1246{#compose-screen} < ⟨ComposeScreen⟩ < ComposeScreen@src/navigation/tabs/DigestStack.tsx:34 < route:Compose@src/navigation/tabs/DigestStack.tsx || View@1791{actions} < ScrollView@1246{#compose-screen} < ⟨ComposeScreen⟩ < ComposeScreen@src/navigation/tabs/EventsStack.tsx:34 < route:Compose@src/navigation/tabs/EventsStack.tsx || View@1791{actions} < ScrollView@1246{#compose-screen} < ⟨ComposeScreen⟩ < ComposeScreen@src/navigation/tabs/OrreryStack.tsx:76 < route:Compose@src/navigation/tabs/OrreryStack.tsx,bare
Create,src/screens/CreateContactScreen.tsx:417,CreateContactScreen,AppText,textSecondary,label 14/600,4.5,ESTIMATED(n/a),ESTIMATED(n/a),ESTIMATED(n/a),dense (veil galaxy 0.22 / standard 0.3),"ESTIMATED(AST-traced, not hand-read)",Pressable@410{backBtn} < View@409{header} < ScrollView@404{#create-contact-screen} < ⟨CreateContactScreen⟩ < CreateContactScreen@src/navigation/tabs/DashboardStack.tsx:58 < route:Create@src/navigation/tabs/DashboardStack.tsx,bare
Create,src/screens/CreateContactScreen.tsx:421,CreateContactScreen,AppText,textPrimary(default),display 28/600,3.0,ESTIMATED(n/a),ESTIMATED(n/a),ESTIMATED(n/a),dense (veil galaxy 0.22 / standard 0.3),VERIFIED(hand-read 38.5-01),"HAND 38.5-01 [sample(c) seed 385001]: View{header} < ScrollView return root; string: ""New contact""; analyzer error: none (carried from v2) || AST: View@409{header} < ScrollView@404{#create-contact-screen} < ⟨CreateContactScreen⟩ < CreateContactScreen@src/navigation/tabs/DashboardStack.tsx:58 < route:Create@src/navigation/tabs/DashboardStack.tsx",bare
Create,src/screens/CreateContactScreen.tsx:797,CreateContactScreen,Button-link,accentText,label 14/600,4.5,ESTIMATED(n/a),ESTIMATED(n/a),ESTIMATED(n/a),dense (veil galaxy 0.22 / standard 0.3),"ESTIMATED(AST-traced, not hand-read)",ScrollView@404{#create-contact-screen} < ⟨CreateContactScreen⟩ < CreateContactScreen@src/navigation/tabs/DashboardStack.tsx:58 < route:Create@src/navigation/tabs/DashboardStack.tsx,bare
CropPhoto,src/screens/CropPhotoScreen.tsx:373,CropPhotoScreen,Text,textPrimary,"Text 24/""700""",3.0,ESTIMATED(n/a),ESTIMATED(n/a),ESTIMATED(n/a),dense (veil galaxy 0.22 / standard 0.3),"ESTIMATED(AST-traced, not hand-read)",View@372{header} < View@371{root} < ⟨CropPhotoScreen⟩ < CropPhotoScreen@src/navigation/tabs/DashboardStack.tsx:62 < route:CropPhoto@src/navigation/tabs/DashboardStack.tsx || View@372{header} < View@371{root} < ⟨CropPhotoScreen⟩ < CropPhotoScreen@src/navigation/tabs/DigestStack.tsx:42 < route:CropPhoto@src/navigation/tabs/DigestStack.tsx || View@372{header} < View@371{root} < ⟨CropPhotoScreen⟩ < CropPhotoScreen@src/navigation/tabs/EventsStack.tsx:42 < route:CropPhoto@src/navigation/tabs/EventsStack.tsx || View@372{header} < View@371{root} < ⟨CropPhotoScreen⟩ < CropPhotoScreen@src/navigation/tabs/OrreryStack.tsx:78 < route:CropPhoto@src/navigation/tabs/OrreryStack.tsx || View@372{header} < View@371{root} < ⟨CropPhotoScreen⟩ < CropPhotoScreen@src/navigation/tabs/SettingsStack.tsx:263 < route:CropPhoto@src/navigation/tabs/SettingsStack.tsx,bare
CropPhoto,src/screens/CropPhotoScreen.tsx:461,CropPhotoScreen,Text,textSecondary,Text 16,4.5,ESTIMATED(n/a),ESTIMATED(n/a),ESTIMATED(n/a),dense (veil galaxy 0.22 / standard 0.3),"ESTIMATED(AST-traced, not hand-read)",View@371{root} < ⟨CropPhotoScreen⟩ < CropPhotoScreen@src/navigation/tabs/DashboardStack.tsx:62 < route:CropPhoto@src/navigation/tabs/DashboardStack.tsx || View@371{root} < ⟨CropPhotoScreen⟩ < CropPhotoScreen@src/navigation/tabs/DigestStack.tsx:42 < route:CropPhoto@src/navigation/tabs/DigestStack.tsx || View@371{root} < ⟨CropPhotoScreen⟩ < CropPhotoScreen@src/navigation/tabs/EventsStack.tsx:42 < route:CropPhoto@src/navigation/tabs/EventsStack.tsx || View@371{root} < ⟨CropPhotoScreen⟩ < CropPhotoScreen@src/navigation/tabs/OrreryStack.tsx:78 < route:CropPhoto@src/navigation/tabs/OrreryStack.tsx || View@371{root} < ⟨CropPhotoScreen⟩ < CropPhotoScreen@src/navigation/tabs/SettingsStack.tsx:263 < route:CropPhoto@src/navigation/tabs/SettingsStack.tsx,bare
CropPhoto,src/screens/CropPhotoScreen.tsx:478,CropPhotoScreen,Text,textSecondary,"Text 16/""600""",4.5,ESTIMATED(n/a),ESTIMATED(n/a),ESTIMATED(n/a),dense (veil galaxy 0.22 / standard 0.3),VERIFIED(hand-read 38.5-01),"HAND 38.5-01 [sample(c) seed 385001]: Pressable{cancelBtn} (no fill) < View{footer} < View{root}; string: ""Cancel""; analyzer error: none (carried from v2) || AST: Pressable@471{cancelBtn} < View@470{footer} < View@371{root} < ⟨CropPhotoScreen⟩ < CropPhotoScreen@src/navigation/tabs/DashboardStack.tsx:62 < route:CropPhoto@src/navigation/tabs/DashboardStack.tsx || Pressable@471{cancelBtn} < View@470{footer} < View@371{root} < ⟨CropPhotoScreen⟩ < CropPhotoScreen@src/navigation/tabs/DigestStack.tsx:42 < route:CropPhoto@src/navigation/tabs/DigestStack.tsx || Pressable@471{cancelBtn} < View@470{footer} < View@371{root} < ⟨CropPhotoScreen⟩ < CropPhotoScreen@src/navigation/tabs/EventsStack.tsx:42 < route:CropPhoto@src/navigation/tabs/EventsStack.tsx || Pressable@471{cancelBtn} < View@470{footer} < View@371{root} < ⟨CropPhotoScreen⟩ < CropPhotoScreen@src/navigation/tabs/OrreryStack.tsx:78 < route:CropPhoto@src/navigation/tabs/OrreryStack.tsx || Pressable@471{cancelBtn} < View@470{footer} < View@371{root} < ⟨CropPhotoScreen⟩ < CropPhotoScreen@src/navigation/tabs/SettingsStack.tsx:263 < route:CropPhoto@src/navigation/tabs/SettingsStack.tsx",bare
CustomFields,src/components/FieldDefForm.tsx:215,FieldDefForm,Text,textPrimary,"Text 22/""700""",3.0,ESTIMATED(n/a),ESTIMATED(n/a),ESTIMATED(n/a),dense (veil galaxy 0.22 / standard 0.3),VERIFIED(hand-read 38.5-01),HAND 38.5-01 [multi-render-site (c)]: FieldDefForm returns a ScrollView (no fill) that is the WHOLE CustomFieldsScreen return in both create (:327) and edit (:340) modes < route CustomFields; string: form heading; analyzer error: none (carried from v2) || AST: ScrollView@207{#field-def-form} < ⟨FieldDefForm⟩ < <FieldDefForm>@src/screens/CustomFieldsScreen.tsx:327 < ⟨CustomFieldsScreen⟩ < <CustomFieldsScreen>@src/navigation/tabs/SettingsStack.tsx:66 < ⟨CustomFieldsRoute⟩ < CustomFieldsRoute@src/navigation/tabs/SettingsStack.tsx:233 < route:CustomFields@src/navigation/tabs/SettingsStack.tsx || ScrollView@207{#field-def-form} < ⟨FieldDefForm⟩ < <FieldDefForm>@src/screens/CustomFieldsScreen.tsx:340 < ⟨CustomFieldsScreen⟩ < <CustomFieldsScreen>@src/navigation/tabs/SettingsStack.tsx:66 < ⟨CustomFieldsRoute⟩ < CustomFieldsRoute@src/navigation/tabs/SettingsStack.tsx:233 < route:CustomFields@src/navigation/tabs/SettingsStack.tsx,bare
CustomFields,src/components/FieldDefForm.tsx:220,FieldDefForm,Text,textSecondary,"Text 13/""600""",4.5,ESTIMATED(n/a),ESTIMATED(n/a),ESTIMATED(n/a),dense (veil galaxy 0.22 / standard 0.3),VERIFIED(hand-read 38.5-01),HAND 38.5-01 [multi-render-site (c)]: FieldDefForm returns a ScrollView (no fill) that is the WHOLE CustomFieldsScreen return in both create (:327) and edit (:340) modes < route CustomFields; string: field label; analyzer error: none (carried from v2) || AST: ScrollView@207{#field-def-form} < ⟨FieldDefForm⟩ < <FieldDefForm>@src/screens/CustomFieldsScreen.tsx:327 < ⟨CustomFieldsScreen⟩ < <CustomFieldsScreen>@src/navigation/tabs/SettingsStack.tsx:66 < ⟨CustomFieldsRoute⟩ < CustomFieldsRoute@src/navigation/tabs/SettingsStack.tsx:233 < route:CustomFields@src/navigation/tabs/SettingsStack.tsx || ScrollView@207{#field-def-form} < ⟨FieldDefForm⟩ < <FieldDefForm>@src/screens/CustomFieldsScreen.tsx:340 < ⟨CustomFieldsScreen⟩ < <CustomFieldsScreen>@src/navigation/tabs/SettingsStack.tsx:66 < ⟨CustomFieldsRoute⟩ < CustomFieldsRoute@src/navigation/tabs/SettingsStack.tsx:233 < route:CustomFields@src/navigation/tabs/SettingsStack.tsx,bare
CustomFields,src/components/FieldDefForm.tsx:241,FieldDefForm,Text,textSecondary,"Text 13/""600""",4.5,ESTIMATED(n/a),ESTIMATED(n/a),ESTIMATED(n/a),dense (veil galaxy 0.22 / standard 0.3),VERIFIED(hand-read 38.5-01),"HAND 38.5-01 [multi-render-site (c)]: FieldDefForm returns a ScrollView (no fill) that is the WHOLE CustomFieldsScreen return in both create (:327) and edit (:340) modes < route CustomFields; string: ""Type"" label; analyzer error: none (carried from v2) || AST: ScrollView@207{#field-def-form} < ⟨FieldDefForm⟩ < <FieldDefForm>@src/screens/CustomFieldsScreen.tsx:327 < ⟨CustomFieldsScreen⟩ < <CustomFieldsScreen>@src/navigation/tabs/SettingsStack.tsx:66 < ⟨CustomFieldsRoute⟩ < CustomFieldsRoute@src/navigation/tabs/SettingsStack.tsx:233 < route:CustomFields@src/navigation/tabs/SettingsStack.tsx || ScrollView@207{#field-def-form} < ⟨FieldDefForm⟩ < <FieldDefForm>@src/screens/CustomFieldsScreen.tsx:340 < ⟨CustomFieldsScreen⟩ < <CustomFieldsScreen>@src/navigation/tabs/SettingsStack.tsx:66 < ⟨CustomFieldsRoute⟩ < CustomFieldsRoute@src/navigation/tabs/SettingsStack.tsx:233 < route:CustomFields@src/navigation/tabs/SettingsStack.tsx",bare
CustomFields,src/components/FieldDefForm.tsx:278,FieldDefForm,Text,textSecondary,"Text 13/""600""",4.5,ESTIMATED(n/a),ESTIMATED(n/a),ESTIMATED(n/a),dense (veil galaxy 0.22 / standard 0.3),VERIFIED(hand-read 38.5-01),HAND 38.5-01 [multi-render-site (c)]: FieldDefForm returns a ScrollView (no fill) that is the WHOLE CustomFieldsScreen return in both create (:327) and edit (:340) modes < route CustomFields; string: options label; analyzer error: none (carried from v2) || AST: View@277{#field-def-options} < ScrollView@207{#field-def-form} < ⟨FieldDefForm⟩ < <FieldDefForm>@src/screens/CustomFieldsScreen.tsx:327 < ⟨CustomFieldsScreen⟩ < <CustomFieldsScreen>@src/navigation/tabs/SettingsStack.tsx:66 < ⟨CustomFieldsRoute⟩ < CustomFieldsRoute@src/navigation/tabs/SettingsStack.tsx:233 < route:CustomFields@src/navigation/tabs/SettingsStack.tsx || View@277{#field-def-options} < ScrollView@207{#field-def-form} < ⟨FieldDefForm⟩ < <FieldDefForm>@src/screens/CustomFieldsScreen.tsx:340 < ⟨CustomFieldsScreen⟩ < <CustomFieldsScreen>@src/navigation/tabs/SettingsStack.tsx:66 < ⟨CustomFieldsRoute⟩ < CustomFieldsRoute@src/navigation/tabs/SettingsStack.tsx:233 < route:CustomFields@src/navigation/tabs/SettingsStack.tsx,bare
CustomFields,src/components/FieldDefForm.tsx:308,FieldDefForm,Text,textSecondary,Text ?,4.5,ESTIMATED(n/a),ESTIMATED(n/a),ESTIMATED(n/a),dense (veil galaxy 0.22 / standard 0.3),VERIFIED(hand-read 38.5-01),"HAND 38.5-01 [multi-render-site (c)]: FieldDefForm returns a ScrollView (no fill) that is the WHOLE CustomFieldsScreen return in both create (:327) and edit (:340) modes < route CustomFields; string: ""Remove"" (border-only Pressable); analyzer error: none (carried from v2) || AST: Pressable@301{removeBtn} < View@283{optionRow} < View@277{#field-def-options} < ScrollView@207{#field-def-form} < ⟨FieldDefForm⟩ < <FieldDefForm>@src/screens/CustomFieldsScreen.tsx:327 < ⟨CustomFieldsScreen⟩ < <CustomFieldsScreen>@src/navigation/tabs/SettingsStack.tsx:66 < ⟨CustomFieldsRoute⟩ < CustomFieldsRoute@src/navigation/tabs/SettingsStack.tsx:233 < route:CustomFields@src/navigation/tabs/SettingsStack.tsx || Pressable@301{removeBtn} < View@283{optionRow} < View@277{#field-def-options} < ScrollView@207{#field-def-form} < ⟨FieldDefForm⟩ < <FieldDefForm>@src/screens/CustomFieldsScreen.tsx:340 < ⟨CustomFieldsScreen⟩ < <CustomFieldsScreen>@src/navigation/tabs/SettingsStack.tsx:66 < ⟨CustomFieldsRoute⟩ < CustomFieldsRoute@src/navigation/tabs/SettingsStack.tsx:233 < route:CustomFields@src/navigation/tabs/SettingsStack.tsx",bare
CustomFields,src/components/FieldDefForm.tsx:319,FieldDefForm,Text,accentText,Text ?,4.5,ESTIMATED(n/a),ESTIMATED(n/a),ESTIMATED(n/a),dense (veil galaxy 0.22 / standard 0.3),VERIFIED(hand-read 38.5-01),"HAND 38.5-01: token accent->accentText since the brief (38.4-16 d822085 / 38.4-review 6407fb1 misrole swap); ""Add option"" Pressable{addBtn} dashed border only < options View < FieldDefForm ScrollView (whole CustomFields return); string: ""Add option""; analyzer error: none (carried from v2) || AST: Pressable@312{addBtn} < View@277{#field-def-options} < ScrollView@207{#field-def-form} < ⟨FieldDefForm⟩ < <FieldDefForm>@src/screens/CustomFieldsScreen.tsx:327 < ⟨CustomFieldsScreen⟩ < <CustomFieldsScreen>@src/navigation/tabs/SettingsStack.tsx:66 < ⟨CustomFieldsRoute⟩ < CustomFieldsRoute@src/navigation/tabs/SettingsStack.tsx:233 < route:CustomFields@src/navigation/tabs/SettingsStack.tsx || Pressable@312{addBtn} < View@277{#field-def-options} < ScrollView@207{#field-def-form} < ⟨FieldDefForm⟩ < <FieldDefForm>@src/screens/CustomFieldsScreen.tsx:340 < ⟨CustomFieldsScreen⟩ < <CustomFieldsScreen>@src/navigation/tabs/SettingsStack.tsx:66 < ⟨CustomFieldsRoute⟩ < CustomFieldsRoute@src/navigation/tabs/SettingsStack.tsx:233 < route:CustomFields@src/navigation/tabs/SettingsStack.tsx",bare
CustomFields,src/components/FieldDefForm.tsx:326,FieldDefForm,Text,textPrimary,Text 15,4.5,ESTIMATED(n/a),ESTIMATED(n/a),ESTIMATED(n/a),dense (veil galaxy 0.22 / standard 0.3),VERIFIED(hand-read 38.5-01),HAND 38.5-01 [multi-render-site (c)]: FieldDefForm returns a ScrollView (no fill) that is the WHOLE CustomFieldsScreen return in both create (:327) and edit (:340) modes < route CustomFields; string: switch label; analyzer error: none (carried from v2) || AST: View@325{switchRow} < ScrollView@207{#field-def-form} < ⟨FieldDefForm⟩ < <FieldDefForm>@src/screens/CustomFieldsScreen.tsx:327 < ⟨CustomFieldsScreen⟩ < <CustomFieldsScreen>@src/navigation/tabs/SettingsStack.tsx:66 < ⟨CustomFieldsRoute⟩ < CustomFieldsRoute@src/navigation/tabs/SettingsStack.tsx:233 < route:CustomFields@src/navigation/tabs/SettingsStack.tsx || View@325{switchRow} < ScrollView@207{#field-def-form} < ⟨FieldDefForm⟩ < <FieldDefForm>@src/screens/CustomFieldsScreen.tsx:340 < ⟨CustomFieldsScreen⟩ < <CustomFieldsScreen>@src/navigation/tabs/SettingsStack.tsx:66 < ⟨CustomFieldsRoute⟩ < CustomFieldsRoute@src/navigation/tabs/SettingsStack.tsx:233 < route:CustomFields@src/navigation/tabs/SettingsStack.tsx,bare
CustomFields,src/components/FieldDefForm.tsx:339,FieldDefForm,Text,textPrimary,Text 15,4.5,ESTIMATED(n/a),ESTIMATED(n/a),ESTIMATED(n/a),dense (veil galaxy 0.22 / standard 0.3),VERIFIED(hand-read 38.5-01),HAND 38.5-01 [multi-render-site (c)]: FieldDefForm returns a ScrollView (no fill) that is the WHOLE CustomFieldsScreen return in both create (:327) and edit (:340) modes < route CustomFields; string: switch label; analyzer error: none (carried from v2) || AST: View@338{switchRow} < ScrollView@207{#field-def-form} < ⟨FieldDefForm⟩ < <FieldDefForm>@src/screens/CustomFieldsScreen.tsx:327 < ⟨CustomFieldsScreen⟩ < <CustomFieldsScreen>@src/navigation/tabs/SettingsStack.tsx:66 < ⟨CustomFieldsRoute⟩ < CustomFieldsRoute@src/navigation/tabs/SettingsStack.tsx:233 < route:CustomFields@src/navigation/tabs/SettingsStack.tsx || View@338{switchRow} < ScrollView@207{#field-def-form} < ⟨FieldDefForm⟩ < <FieldDefForm>@src/screens/CustomFieldsScreen.tsx:340 < ⟨CustomFieldsScreen⟩ < <CustomFieldsScreen>@src/navigation/tabs/SettingsStack.tsx:66 < ⟨CustomFieldsRoute⟩ < CustomFieldsRoute@src/navigation/tabs/SettingsStack.tsx:233 < route:CustomFields@src/navigation/tabs/SettingsStack.tsx,bare
CustomFields,src/components/FieldDefForm.tsx:355,FieldDefForm,Text,textPrimary,Text 15,4.5,ESTIMATED(n/a),ESTIMATED(n/a),ESTIMATED(n/a),dense (veil galaxy 0.22 / standard 0.3),VERIFIED(hand-read 38.5-01),HAND 38.5-01 [multi-render-site (c)]: FieldDefForm returns a ScrollView (no fill) that is the WHOLE CustomFieldsScreen return in both create (:327) and edit (:340) modes < route CustomFields; string: switch label; analyzer error: none (carried from v2) || AST: View@354{switchRow} < ScrollView@207{#field-def-form} < ⟨FieldDefForm⟩ < <FieldDefForm>@src/screens/CustomFieldsScreen.tsx:327 < ⟨CustomFieldsScreen⟩ < <CustomFieldsScreen>@src/navigation/tabs/SettingsStack.tsx:66 < ⟨CustomFieldsRoute⟩ < CustomFieldsRoute@src/navigation/tabs/SettingsStack.tsx:233 < route:CustomFields@src/navigation/tabs/SettingsStack.tsx || View@354{switchRow} < ScrollView@207{#field-def-form} < ⟨FieldDefForm⟩ < <FieldDefForm>@src/screens/CustomFieldsScreen.tsx:340 < ⟨CustomFieldsScreen⟩ < <CustomFieldsScreen>@src/navigation/tabs/SettingsStack.tsx:66 < ⟨CustomFieldsRoute⟩ < CustomFieldsRoute@src/navigation/tabs/SettingsStack.tsx:233 < route:CustomFields@src/navigation/tabs/SettingsStack.tsx,bare
CustomFields,src/components/FieldDefForm.tsx:367,FieldDefForm,Text,textSecondary,Text 13,4.5,ESTIMATED(n/a),ESTIMATED(n/a),ESTIMATED(n/a),dense (veil galaxy 0.22 / standard 0.3),VERIFIED(hand-read 38.5-01),HAND 38.5-01 [multi-render-site (c)]: FieldDefForm returns a ScrollView (no fill) that is the WHOLE CustomFieldsScreen return in both create (:327) and edit (:340) modes < route CustomFields; string: helper copy; analyzer error: none (carried from v2) || AST: ScrollView@207{#field-def-form} < ⟨FieldDefForm⟩ < <FieldDefForm>@src/screens/CustomFieldsScreen.tsx:327 < ⟨CustomFieldsScreen⟩ < <CustomFieldsScreen>@src/navigation/tabs/SettingsStack.tsx:66 < ⟨CustomFieldsRoute⟩ < CustomFieldsRoute@src/navigation/tabs/SettingsStack.tsx:233 < route:CustomFields@src/navigation/tabs/SettingsStack.tsx || ScrollView@207{#field-def-form} < ⟨FieldDefForm⟩ < <FieldDefForm>@src/screens/CustomFieldsScreen.tsx:340 < ⟨CustomFieldsScreen⟩ < <CustomFieldsScreen>@src/navigation/tabs/SettingsStack.tsx:66 < ⟨CustomFieldsRoute⟩ < CustomFieldsRoute@src/navigation/tabs/SettingsStack.tsx:233 < route:CustomFields@src/navigation/tabs/SettingsStack.tsx,bare
CustomFields,src/components/FieldDefForm.tsx:373,FieldDefForm,Text,textSecondary,"Text 13/""600""",4.5,ESTIMATED(n/a),ESTIMATED(n/a),ESTIMATED(n/a),dense (veil galaxy 0.22 / standard 0.3),VERIFIED(hand-read 38.5-01),HAND 38.5-01 [multi-render-site (c)]: FieldDefForm returns a ScrollView (no fill) that is the WHOLE CustomFieldsScreen return in both create (:327) and edit (:340) modes < route CustomFields; string: preview label; analyzer error: none (carried from v2) || AST: ScrollView@207{#field-def-form} < ⟨FieldDefForm⟩ < <FieldDefForm>@src/screens/CustomFieldsScreen.tsx:327 < ⟨CustomFieldsScreen⟩ < <CustomFieldsScreen>@src/navigation/tabs/SettingsStack.tsx:66 < ⟨CustomFieldsRoute⟩ < CustomFieldsRoute@src/navigation/tabs/SettingsStack.tsx:233 < route:CustomFields@src/navigation/tabs/SettingsStack.tsx || ScrollView@207{#field-def-form} < ⟨FieldDefForm⟩ < <FieldDefForm>@src/screens/CustomFieldsScreen.tsx:340 < ⟨CustomFieldsScreen⟩ < <CustomFieldsScreen>@src/navigation/tabs/SettingsStack.tsx:66 < ⟨CustomFieldsRoute⟩ < CustomFieldsRoute@src/navigation/tabs/SettingsStack.tsx:233 < route:CustomFields@src/navigation/tabs/SettingsStack.tsx,bare
CustomFields,src/components/FieldDefForm.tsx:399,FieldDefForm,Text,textSecondary,Text ?,4.5,ESTIMATED(n/a),ESTIMATED(n/a),ESTIMATED(n/a),dense (veil galaxy 0.22 / standard 0.3),VERIFIED(hand-read 38.5-01),"HAND 38.5-01 [multi-render-site (c)]: FieldDefForm returns a ScrollView (no fill) that is the WHOLE CustomFieldsScreen return in both create (:327) and edit (:340) modes < route CustomFields; string: ""Cancel"" (border-only Pressable); analyzer error: none (carried from v2) || AST: Pressable@392{actionBtn} < View@391{actions} < ScrollView@207{#field-def-form} < ⟨FieldDefForm⟩ < <FieldDefForm>@src/screens/CustomFieldsScreen.tsx:327 < ⟨CustomFieldsScreen⟩ < <CustomFieldsScreen>@src/navigation/tabs/SettingsStack.tsx:66 < ⟨CustomFieldsRoute⟩ < CustomFieldsRoute@src/navigation/tabs/SettingsStack.tsx:233 < route:CustomFields@src/navigation/tabs/SettingsStack.tsx || Pressable@392{actionBtn} < View@391{actions} < ScrollView@207{#field-def-form} < ⟨FieldDefForm⟩ < <FieldDefForm>@src/screens/CustomFieldsScreen.tsx:340 < ⟨CustomFieldsScreen⟩ < <CustomFieldsScreen>@src/navigation/tabs/SettingsStack.tsx:66 < ⟨CustomFieldsRoute⟩ < CustomFieldsRoute@src/navigation/tabs/SettingsStack.tsx:233 < route:CustomFields@src/navigation/tabs/SettingsStack.tsx",bare
CustomFields,src/screens/CustomFieldsScreen.tsx:366,CustomFieldsScreen,Text,textSecondary,Text ?,4.5,ESTIMATED(n/a),ESTIMATED(n/a),ESTIMATED(n/a),dense (veil galaxy 0.22 / standard 0.3),"ESTIMATED(AST-traced, not hand-read)",Pressable@359{backBtn} < View@358{header} < ScrollView@351{#custom-fields-screen} < ⟨CustomFieldsScreen⟩ < <CustomFieldsScreen>@src/navigation/tabs/SettingsStack.tsx:66 < ⟨CustomFieldsRoute⟩ < CustomFieldsRoute@src/navigation/tabs/SettingsStack.tsx:233 < route:CustomFields@src/navigation/tabs/SettingsStack.tsx,bare
CustomFields,src/screens/CustomFieldsScreen.tsx:368,CustomFieldsScreen,Text,textPrimary,"Text 24/""700""",3.0,ESTIMATED(n/a),ESTIMATED(n/a),ESTIMATED(n/a),dense (veil galaxy 0.22 / standard 0.3),"ESTIMATED(AST-traced, not hand-read)",View@358{header} < ScrollView@351{#custom-fields-screen} < ⟨CustomFieldsScreen⟩ < <CustomFieldsScreen>@src/navigation/tabs/SettingsStack.tsx:66 < ⟨CustomFieldsRoute⟩ < CustomFieldsRoute@src/navigation/tabs/SettingsStack.tsx:233 < route:CustomFields@src/navigation/tabs/SettingsStack.tsx,bare
CustomFields,src/screens/CustomFieldsScreen.tsx:392,CustomFieldsScreen,Text,textSecondary,Text 14,4.5,ESTIMATED(n/a),ESTIMATED(n/a),ESTIMATED(n/a),dense (veil galaxy 0.22 / standard 0.3),VERIFIED(hand-read 38.5-01),HAND 38.5-01 [sample(c) seed 385001]: directly in the ScrollView return root; string: empty note; analyzer error: none (carried from v2) || AST: ScrollView@351{#custom-fields-screen} < ⟨CustomFieldsScreen⟩ < <CustomFieldsScreen>@src/navigation/tabs/SettingsStack.tsx:66 < ⟨CustomFieldsRoute⟩ < CustomFieldsRoute@src/navigation/tabs/SettingsStack.tsx:233 < route:CustomFields@src/navigation/tabs/SettingsStack.tsx,bare
CustomFields,src/screens/CustomFieldsScreen.tsx:490,CustomFieldsScreen,Text,textSecondary,"Text 13/""700""",4.5,ESTIMATED(n/a),ESTIMATED(n/a),ESTIMATED(n/a),dense (veil galaxy 0.22 / standard 0.3),"ESTIMATED(AST-traced, not hand-read)",View@486{quarantineSection} < ScrollView@351{#custom-fields-screen} < ⟨CustomFieldsScreen⟩ < <CustomFieldsScreen>@src/navigation/tabs/SettingsStack.tsx:66 < ⟨CustomFieldsRoute⟩ < CustomFieldsRoute@src/navigation/tabs/SettingsStack.tsx:233 < route:CustomFields@src/navigation/tabs/SettingsStack.tsx,bare
Digest,src/components/digest/HorizonSection.tsx:64,HorizonSection,AppText,textPrimary(default),heading 20/600,4.5*,ESTIMATED(n/a),ESTIMATED(n/a),ESTIMATED(n/a),comfortable (veil galaxy 0.1 / standard 0.14),"ESTIMATED(AST-traced, not hand-read)",View@63{section} < ⟨HorizonSection⟩ < <HorizonSection>@src/screens/DigestScreen.tsx:315 < ScrollView@311 < ⟨DigestLoadedBody⟩ < <DigestLoadedBody>@src/screens/DigestScreen.tsx:275 < View@240{content} < View@236{root} < ⟨DigestContent⟩ < <DigestContent>@src/screens/DigestScreen.tsx:210 < ⟨DigestScreen⟩ < DigestScreen@src/navigation/tabs/DigestStack.tsx:28 < route:Digest@src/navigation/tabs/DigestStack.tsx,bare
Digest,src/components/digest/HorizonSection.tsx:69,HorizonSection,AppText,textPrimary(default),label 14/600,4.5,ESTIMATED(n/a),ESTIMATED(n/a),ESTIMATED(n/a),comfortable (veil galaxy 0.1 / standard 0.14),VERIFIED(hand-read 38.5-01),"HAND 38.5-01 [sample(c) seed 385001]: View{empty} < View{section} < Digest ScrollView; string: ""Nothing on the horizon""; analyzer error: none (carried from v2) || AST: View@68{empty} < View@63{section} < ⟨HorizonSection⟩ < <HorizonSection>@src/screens/DigestScreen.tsx:315 < ScrollView@311 < ⟨DigestLoadedBody⟩ < <DigestLoadedBody>@src/screens/DigestScreen.tsx:275 < View@240{content} < View@236{root} < ⟨DigestContent⟩ < <DigestContent>@src/screens/DigestScreen.tsx:210 < ⟨DigestScreen⟩ < DigestScreen@src/navigation/tabs/DigestStack.tsx:28 < route:Digest@src/navigation/tabs/DigestStack.tsx",bare
Digest,src/components/digest/HorizonSection.tsx:70,HorizonSection,AppText,textSecondary,caption 14/400,4.5,ESTIMATED(n/a),ESTIMATED(n/a),ESTIMATED(n/a),comfortable (veil galaxy 0.1 / standard 0.14),"ESTIMATED(AST-traced, not hand-read)",View@68{empty} < View@63{section} < ⟨HorizonSection⟩ < <HorizonSection>@src/screens/DigestScreen.tsx:315 < ScrollView@311 < ⟨DigestLoadedBody⟩ < <DigestLoadedBody>@src/screens/DigestScreen.tsx:275 < View@240{content} < View@236{root} < ⟨DigestContent⟩ < <DigestContent>@src/screens/DigestScreen.tsx:210 < ⟨DigestScreen⟩ < DigestScreen@src/navigation/tabs/DigestStack.tsx:28 < route:Digest@src/navigation/tabs/DigestStack.tsx,bare
Digest,src/components/digest/HorizonSection.tsx:78,HorizonSection,AppText,textPrimary(default),label 14/600,4.5,ESTIMATED(n/a),ESTIMATED(n/a),ESTIMATED(n/a),comfortable (veil galaxy 0.1 / standard 0.14),"ESTIMATED(AST-traced, not hand-read)",View@77{group} < View@63{section} < ⟨HorizonSection⟩ < <HorizonSection>@src/screens/DigestScreen.tsx:315 < ScrollView@311 < ⟨DigestLoadedBody⟩ < <DigestLoadedBody>@src/screens/DigestScreen.tsx:275 < View@240{content} < View@236{root} < ⟨DigestContent⟩ < <DigestContent>@src/screens/DigestScreen.tsx:210 < ⟨DigestScreen⟩ < DigestScreen@src/navigation/tabs/DigestStack.tsx:28 < route:Digest@src/navigation/tabs/DigestStack.tsx,bare
Digest,src/components/digest/HorizonSection.tsx:89,HorizonSection,AppText,textPrimary(default),body 16/400,4.5,ESTIMATED(n/a),ESTIMATED(n/a),ESTIMATED(n/a),comfortable (veil galaxy 0.1 / standard 0.14),"ESTIMATED(AST-traced, not hand-read)",Pressable@82{row} < DigestListItem@81 < DigestListGroup@79 < View@77{group} < View@63{section} < ⟨HorizonSection⟩ < <HorizonSection>@src/screens/DigestScreen.tsx:315 < ScrollView@311 < ⟨DigestLoadedBody⟩ < <DigestLoadedBody>@src/screens/DigestScreen.tsx:275 < View@240{content} < View@236{root} < ⟨DigestContent⟩ < <DigestContent>@src/screens/DigestScreen.tsx:210 < ⟨DigestScreen⟩ < DigestScreen@src/navigation/tabs/DigestStack.tsx:28 < route:Digest@src/navigation/tabs/DigestStack.tsx,bare
Digest,src/components/digest/HorizonSection.tsx:97,HorizonSection,AppText,textSecondary,caption 14/400,4.5,ESTIMATED(n/a),ESTIMATED(n/a),ESTIMATED(n/a),comfortable (veil galaxy 0.1 / standard 0.14),"ESTIMATED(AST-traced, not hand-read)",Pressable@82{row} < DigestListItem@81 < DigestListGroup@79 < View@77{group} < View@63{section} < ⟨HorizonSection⟩ < <HorizonSection>@src/screens/DigestScreen.tsx:315 < ScrollView@311 < ⟨DigestLoadedBody⟩ < <DigestLoadedBody>@src/screens/DigestScreen.tsx:275 < View@240{content} < View@236{root} < ⟨DigestContent⟩ < <DigestContent>@src/screens/DigestScreen.tsx:210 < ⟨DigestScreen⟩ < DigestScreen@src/navigation/tabs/DigestStack.tsx:28 < route:Digest@src/navigation/tabs/DigestStack.tsx,bare
Digest,src/components/digest/HorizonSection.tsx:112,HorizonSection,AppText,textPrimary(default),label 14/600,4.5,ESTIMATED(n/a),ESTIMATED(n/a),ESTIMATED(n/a),comfortable (veil galaxy 0.1 / standard 0.14),"ESTIMATED(AST-traced, not hand-read)",View@111{group} < View@63{section} < ⟨HorizonSection⟩ < <HorizonSection>@src/screens/DigestScreen.tsx:315 < ScrollView@311 < ⟨DigestLoadedBody⟩ < <DigestLoadedBody>@src/screens/DigestScreen.tsx:275 < View@240{content} < View@236{root} < ⟨DigestContent⟩ < <DigestContent>@src/screens/DigestScreen.tsx:210 < ⟨DigestScreen⟩ < DigestScreen@src/navigation/tabs/DigestStack.tsx:28 < route:Digest@src/navigation/tabs/DigestStack.tsx,bare
Digest,src/components/digest/HorizonSection.tsx:140,HorizonSection,AppText,textPrimary(default),label 14/600,4.5,ESTIMATED(n/a),ESTIMATED(n/a),ESTIMATED(n/a),comfortable (veil galaxy 0.1 / standard 0.14),VERIFIED(hand-read 38.5-01),"HAND 38.5-01 [sample(c) seed 385001]: View{group} < View{section} < Digest ScrollView < View{content} < View{root}; string: ""Never Contacted""; analyzer error: none (carried from v2) || AST: View@139{group} < View@63{section} < ⟨HorizonSection⟩ < <HorizonSection>@src/screens/DigestScreen.tsx:315 < ScrollView@311 < ⟨DigestLoadedBody⟩ < <DigestLoadedBody>@src/screens/DigestScreen.tsx:275 < View@240{content} < View@236{root} < ⟨DigestContent⟩ < <DigestContent>@src/screens/DigestScreen.tsx:210 < ⟨DigestScreen⟩ < DigestScreen@src/navigation/tabs/DigestStack.tsx:28 < route:Digest@src/navigation/tabs/DigestStack.tsx",bare
Digest,src/components/digest/HorizonSection.tsx:141,HorizonSection,AppText,textSecondary,caption 14/400,4.5,ESTIMATED(n/a),ESTIMATED(n/a),ESTIMATED(n/a),comfortable (veil galaxy 0.1 / standard 0.14),"ESTIMATED(AST-traced, not hand-read)",View@139{group} < View@63{section} < ⟨HorizonSection⟩ < <HorizonSection>@src/screens/DigestScreen.tsx:315 < ScrollView@311 < ⟨DigestLoadedBody⟩ < <DigestLoadedBody>@src/screens/DigestScreen.tsx:275 < View@240{content} < View@236{root} < ⟨DigestContent⟩ < <DigestContent>@src/screens/DigestScreen.tsx:210 < ⟨DigestScreen⟩ < DigestScreen@src/navigation/tabs/DigestStack.tsx:28 < route:Digest@src/navigation/tabs/DigestStack.tsx,bare
Digest,src/components/digest/HorizonSection.tsx:218,CompactContactRow,AppText,textPrimary(default),body 16/400,4.5,ESTIMATED(n/a),ESTIMATED(n/a),ESTIMATED(n/a),comfortable (veil galaxy 0.1 / standard 0.14),VERIFIED(hand-read 38.5-01),HAND 38.5-01 [multi-render-site (c)]: CompactContactRow Pressable{row} (no fill) < DigestListItem/DigestListGroup (transparent Animated/LayoutAnimation wrappers) < View{group} < HorizonSection View{section} < Digest ScrollView; string: contact name; analyzer error: none (carried from v2) || AST: Pressable@198{row} < ⟨CompactContactRow⟩ < <CompactContactRow>@src/components/digest/HorizonSection.tsx:116 < DigestListItem@115 < DigestListGroup@113 < View@111{group} < View@63{section} < ⟨HorizonSection⟩ < <HorizonSection>@src/screens/DigestScreen.tsx:315 < ScrollView@311 < ⟨DigestLoadedBody⟩ < <DigestLoadedBody>@src/screens/DigestScreen.tsx:275 < View@240{content} < View@236{root} < ⟨DigestContent⟩ < <DigestContent>@src/screens/DigestScreen.tsx:210 < ⟨DigestScreen⟩ < DigestScreen@src/navigation/tabs/DigestStack.tsx:28 < route:Digest@src/navigation/tabs/DigestStack.tsx || Pressable@198{row} < ⟨CompactContactRow⟩ < <CompactContactRow>@src/components/digest/HorizonSection.tsx:149 < DigestListItem@148 < DigestListGroup@146 < View@139{group} < View@63{section} < ⟨HorizonSection⟩ < <HorizonSection>@src/screens/DigestScreen.tsx:315 < ScrollView@311 < ⟨DigestLoadedBody⟩ < <DigestLoadedBody>@src/screens/DigestScreen.tsx:275 < View@240{content} < View@236{root} < ⟨DigestContent⟩ < <DigestContent>@src/screens/DigestScreen.tsx:210 < ⟨DigestScreen⟩ < DigestScreen@src/navigation/tabs/DigestStack.tsx:28 < route:Digest@src/navigation/tabs/DigestStack.tsx,bare
Digest,src/components/digest/HorizonSection.tsx:248,DrillRow,AppText,accentText,label 14/600,4.5,ESTIMATED(n/a),ESTIMATED(n/a),ESTIMATED(n/a),comfortable (veil galaxy 0.1 / standard 0.14),VERIFIED(hand-read 38.5-01),"HAND 38.5-01: token accent->accentText since the brief (38.4-16 d822085 / 38.4-review 6407fb1 misrole swap); DrillRow Pressable (no fill) < DigestListItem < View{group} < Digest ScrollView; string: overlooked ""more"" drill label; analyzer error: none (carried from v2) || AST: Pressable@241{drill} < ⟨DrillRow⟩ < <DrillRow>@src/components/digest/HorizonSection.tsx:127 < DigestListItem@126 < DigestListGroup@113 < View@111{group} < View@63{section} < ⟨HorizonSection⟩ < <HorizonSection>@src/screens/DigestScreen.tsx:315 < ScrollView@311 < ⟨DigestLoadedBody⟩ < <DigestLoadedBody>@src/screens/DigestScreen.tsx:275 < View@240{content} < View@236{root} < ⟨DigestContent⟩ < <DigestContent>@src/screens/DigestScreen.tsx:210 < ⟨DigestScreen⟩ < DigestScreen@src/navigation/tabs/DigestStack.tsx:28 < route:Digest@src/navigation/tabs/DigestStack.tsx || Pressable@241{drill} < ⟨DrillRow⟩ < <DrillRow>@src/components/digest/HorizonSection.tsx:160 < DigestListItem@159 < DigestListGroup@146 < View@139{group} < View@63{section} < ⟨HorizonSection⟩ < <HorizonSection>@src/screens/DigestScreen.tsx:315 < ScrollView@311 < ⟨DigestLoadedBody⟩ < <DigestLoadedBody>@src/screens/DigestScreen.tsx:275 < View@240{content} < View@236{root} < ⟨DigestContent⟩ < <DigestContent>@src/screens/DigestScreen.tsx:210 < ⟨DigestScreen⟩ < DigestScreen@src/navigation/tabs/DigestStack.tsx:28 < route:Digest@src/navigation/tabs/DigestStack.tsx",bare
Digest,src/components/digest/UpNextSection.tsx:38,UpNextSection,AppText,textPrimary(default),heading 20/600,4.5*,ESTIMATED(n/a),ESTIMATED(n/a),ESTIMATED(n/a),comfortable (veil galaxy 0.1 / standard 0.14),VERIFIED(hand-read 38.5-01),"HAND 38.5-01 [sample(c) seed 385001]: View{section} < Digest ScrollView (D-11: Digest headings have no scrim); string: ""Up Next""; analyzer error: none (carried from v2) || AST: View@37{section} < ⟨UpNextSection⟩ < <UpNextSection>@src/screens/DigestScreen.tsx:314 < ScrollView@311 < ⟨DigestLoadedBody⟩ < <DigestLoadedBody>@src/screens/DigestScreen.tsx:275 < View@240{content} < View@236{root} < ⟨DigestContent⟩ < <DigestContent>@src/screens/DigestScreen.tsx:210 < ⟨DigestScreen⟩ < DigestScreen@src/navigation/tabs/DigestStack.tsx:28 < route:Digest@src/navigation/tabs/DigestStack.tsx",bare
Digest,src/components/digest/UpNextSection.tsx:43,UpNextSection,AppText,textPrimary(default),label 14/600,4.5,ESTIMATED(n/a),ESTIMATED(n/a),ESTIMATED(n/a),comfortable (veil galaxy 0.1 / standard 0.14),VERIFIED(hand-read 38.5-01),"HAND 38.5-01 [sample(c) seed 385001]: View{empty} < View{section} < Digest ScrollView; string: ""You're all caught up""; analyzer error: none (carried from v2) || AST: View@42{empty} < View@37{section} < ⟨UpNextSection⟩ < <UpNextSection>@src/screens/DigestScreen.tsx:314 < ScrollView@311 < ⟨DigestLoadedBody⟩ < <DigestLoadedBody>@src/screens/DigestScreen.tsx:275 < View@240{content} < View@236{root} < ⟨DigestContent⟩ < <DigestContent>@src/screens/DigestScreen.tsx:210 < ⟨DigestScreen⟩ < DigestScreen@src/navigation/tabs/DigestStack.tsx:28 < route:Digest@src/navigation/tabs/DigestStack.tsx",bare
Digest,src/components/digest/UpNextSection.tsx:44,UpNextSection,AppText,textSecondary,caption 14/400,4.5,ESTIMATED(n/a),ESTIMATED(n/a),ESTIMATED(n/a),comfortable (veil galaxy 0.1 / standard 0.14),"ESTIMATED(AST-traced, not hand-read)",View@42{empty} < View@37{section} < ⟨UpNextSection⟩ < <UpNextSection>@src/screens/DigestScreen.tsx:314 < ScrollView@311 < ⟨DigestLoadedBody⟩ < <DigestLoadedBody>@src/screens/DigestScreen.tsx:275 < View@240{content} < View@236{root} < ⟨DigestContent⟩ < <DigestContent>@src/screens/DigestScreen.tsx:210 < ⟨DigestScreen⟩ < DigestScreen@src/navigation/tabs/DigestStack.tsx:28 < route:Digest@src/navigation/tabs/DigestStack.tsx,bare
Digest,src/components/digest/UpNextSection.tsx:81,UpNextSection,AppText,textPrimary(default),body 16/400,4.5,ESTIMATED(n/a),ESTIMATED(n/a),ESTIMATED(n/a),comfortable (veil galaxy 0.1 / standard 0.14),"ESTIMATED(AST-traced, not hand-read)",View@80{copy} < Pressable@54{row} < DigestListItem@53 < DigestListGroup@49 < View@37{section} < ⟨UpNextSection⟩ < <UpNextSection>@src/screens/DigestScreen.tsx:314 < ScrollView@311 < ⟨DigestLoadedBody⟩ < <DigestLoadedBody>@src/screens/DigestScreen.tsx:275 < View@240{content} < View@236{root} < ⟨DigestContent⟩ < <DigestContent>@src/screens/DigestScreen.tsx:210 < ⟨DigestScreen⟩ < DigestScreen@src/navigation/tabs/DigestStack.tsx:28 < route:Digest@src/navigation/tabs/DigestStack.tsx,bare
Digest,src/components/digest/UpNextSection.tsx:84,UpNextSection,AppText,textSecondary,label 14/600,4.5,ESTIMATED(n/a),ESTIMATED(n/a),ESTIMATED(n/a),comfortable (veil galaxy 0.1 / standard 0.14),"ESTIMATED(AST-traced, not hand-read)",View@80{copy} < Pressable@54{row} < DigestListItem@53 < DigestListGroup@49 < View@37{section} < ⟨UpNextSection⟩ < <UpNextSection>@src/screens/DigestScreen.tsx:314 < ScrollView@311 < ⟨DigestLoadedBody⟩ < <DigestLoadedBody>@src/screens/DigestScreen.tsx:275 < View@240{content} < View@236{root} < ⟨DigestContent⟩ < <DigestContent>@src/screens/DigestScreen.tsx:210 < ⟨DigestScreen⟩ < DigestScreen@src/navigation/tabs/DigestStack.tsx:28 < route:Digest@src/navigation/tabs/DigestStack.tsx,bare
Digest,src/components/digest/YourWeekSection.tsx:296,YourWeekSection,AppText,textPrimary(default),heading 20/600,4.5*,ESTIMATED(n/a),ESTIMATED(n/a),ESTIMATED(n/a),comfortable (veil galaxy 0.1 / standard 0.14),"ESTIMATED(AST-traced, not hand-read)",View@295{container} < ⟨YourWeekSection⟩ < <YourWeekSection>@src/screens/DigestScreen.tsx:324 < ScrollView@311 < ⟨DigestLoadedBody⟩ < <DigestLoadedBody>@src/screens/DigestScreen.tsx:275 < View@240{content} < View@236{root} < ⟨DigestContent⟩ < <DigestContent>@src/screens/DigestScreen.tsx:210 < ⟨DigestScreen⟩ < DigestScreen@src/navigation/tabs/DigestStack.tsx:28 < route:Digest@src/navigation/tabs/DigestStack.tsx,bare
Digest,src/components/digest/YourWeekSection.tsx:312,YourWeekSection,AppText,danger,caption 14/400,4.5,ESTIMATED(n/a),ESTIMATED(n/a),ESTIMATED(n/a),comfortable (veil galaxy 0.1 / standard 0.14),VERIFIED(hand-read 38.5-01),"HAND 38.5-01 [danger (a)]: View{notice} < View{container} < DigestLoadedBody ScrollView < DigestContent View{content}/{root}; no ChromeScrim on this branch (D-11 Digest content has no scrim); string: ""Couldn't refresh Your Week""; analyzer error: none (carried from v2) || AST: View@311{notice} < View@295{container} < ⟨YourWeekSection⟩ < <YourWeekSection>@src/screens/DigestScreen.tsx:324 < ScrollView@311 < ⟨DigestLoadedBody⟩ < <DigestLoadedBody>@src/screens/DigestScreen.tsx:275 < View@240{content} < View@236{root} < ⟨DigestContent⟩ < <DigestContent>@src/screens/DigestScreen.tsx:210 < ⟨DigestScreen⟩ < DigestScreen@src/navigation/tabs/DigestStack.tsx:28 < route:Digest@src/navigation/tabs/DigestStack.tsx",bare
Digest,src/components/digest/YourWeekSection.tsx:316,YourWeekSection,Button-link,accentText,label 14/600,4.5,ESTIMATED(n/a),ESTIMATED(n/a),ESTIMATED(n/a),comfortable (veil galaxy 0.1 / standard 0.14),VERIFIED(hand-read 38.5-01),"HAND 38.5-01 [sample(c) seed 385001]: tertiary Button in View{notice} < View{container} < Digest ScrollView; string: ""Retry""; analyzer error: none (carried from v2) || AST: View@311{notice} < View@295{container} < ⟨YourWeekSection⟩ < <YourWeekSection>@src/screens/DigestScreen.tsx:324 < ScrollView@311 < ⟨DigestLoadedBody⟩ < <DigestLoadedBody>@src/screens/DigestScreen.tsx:275 < View@240{content} < View@236{root} < ⟨DigestContent⟩ < <DigestContent>@src/screens/DigestScreen.tsx:210 < ⟨DigestScreen⟩ < DigestScreen@src/navigation/tabs/DigestStack.tsx:28 < route:Digest@src/navigation/tabs/DigestStack.tsx",bare
Digest,src/components/digest/YourWeekSection.tsx:327,YourWeekSection,AppText,textPrimary(default),label 14/600,4.5,ESTIMATED(n/a),ESTIMATED(n/a),ESTIMATED(n/a),comfortable (veil galaxy 0.1 / standard 0.14),"ESTIMATED(AST-traced, not hand-read)",View@325{message} < View@295{container} < ⟨YourWeekSection⟩ < <YourWeekSection>@src/screens/DigestScreen.tsx:324 < ScrollView@311 < ⟨DigestLoadedBody⟩ < <DigestLoadedBody>@src/screens/DigestScreen.tsx:275 < View@240{content} < View@236{root} < ⟨DigestContent⟩ < <DigestContent>@src/screens/DigestScreen.tsx:210 < ⟨DigestScreen⟩ < DigestScreen@src/navigation/tabs/DigestStack.tsx:28 < route:Digest@src/navigation/tabs/DigestStack.tsx,bare
Digest,src/components/digest/YourWeekSection.tsx:329,YourWeekSection,Button-link,accentText,label 14/600,4.5,ESTIMATED(n/a),ESTIMATED(n/a),ESTIMATED(n/a),comfortable (veil galaxy 0.1 / standard 0.14),"ESTIMATED(AST-traced, not hand-read)",View@325{message} < View@295{container} < ⟨YourWeekSection⟩ < <YourWeekSection>@src/screens/DigestScreen.tsx:324 < ScrollView@311 < ⟨DigestLoadedBody⟩ < <DigestLoadedBody>@src/screens/DigestScreen.tsx:275 < View@240{content} < View@236{root} < ⟨DigestContent⟩ < <DigestContent>@src/screens/DigestScreen.tsx:210 < ⟨DigestScreen⟩ < DigestScreen@src/navigation/tabs/DigestStack.tsx:28 < route:Digest@src/navigation/tabs/DigestStack.tsx,bare
Digest,src/components/digest/YourWeekSection.tsx:339,YourWeekSection,AppText,textPrimary(default),label 14/600,4.5,ESTIMATED(n/a),ESTIMATED(n/a),ESTIMATED(n/a),comfortable (veil galaxy 0.1 / standard 0.14),"ESTIMATED(AST-traced, not hand-read)",View@337{message} < View@295{container} < ⟨YourWeekSection⟩ < <YourWeekSection>@src/screens/DigestScreen.tsx:324 < ScrollView@311 < ⟨DigestLoadedBody⟩ < <DigestLoadedBody>@src/screens/DigestScreen.tsx:275 < View@240{content} < View@236{root} < ⟨DigestContent⟩ < <DigestContent>@src/screens/DigestScreen.tsx:210 < ⟨DigestScreen⟩ < DigestScreen@src/navigation/tabs/DigestStack.tsx:28 < route:Digest@src/navigation/tabs/DigestStack.tsx,bare
Digest,src/components/digest/YourWeekSection.tsx:340,YourWeekSection,AppText,textSecondary,caption 14/400,4.5,ESTIMATED(n/a),ESTIMATED(n/a),ESTIMATED(n/a),comfortable (veil galaxy 0.1 / standard 0.14),"ESTIMATED(AST-traced, not hand-read)",View@337{message} < View@295{container} < ⟨YourWeekSection⟩ < <YourWeekSection>@src/screens/DigestScreen.tsx:324 < ScrollView@311 < ⟨DigestLoadedBody⟩ < <DigestLoadedBody>@src/screens/DigestScreen.tsx:275 < View@240{content} < View@236{root} < ⟨DigestContent⟩ < <DigestContent>@src/screens/DigestScreen.tsx:210 < ⟨DigestScreen⟩ < DigestScreen@src/navigation/tabs/DigestStack.tsx:28 < route:Digest@src/navigation/tabs/DigestStack.tsx,bare
Digest,src/components/ShellAppBar.tsx:159,ShellAppBar,Text,textPrimary,"Text 20/""700""",3.0,ESTIMATED(n/a),ESTIMATED(n/a),ESTIMATED(n/a),comfortable (veil galaxy 0.1 / standard 0.14),"ESTIMATED(AST-traced, not hand-read)","combination-dependent ON THE ART in 10/16 [galaxy-light-quiet,galaxy-light-aurora,galaxy-light-starfield,galaxy-light-none,standard-light-dawn,standard-light-paper,standard-light-dusk,standard-dark-dawn,standard-dark-paper,standard-dark-dusk] || View@124{root} < backed:glass inside ⟨ShellAppBar⟩ || View@124{root} < backed:glass inside ⟨ShellAppBar⟩ <ShellAppBar>@src/screens/DigestScreen.tsx:239 artComponent=digestHeader backed in 6/16 [galaxy-dark-quiet,galaxy-dark-aurora,galaxy-dark-starfield,galaxy-dark-none,standard-light-none,standard-dark-none] || View@124{root} < ⟨ShellAppBar⟩ < art-none:<ShellAppBar>@src/screens/DigestScreen.tsx:239 artComponent=digestHeader none in 10/16 [galaxy-light-quiet,galaxy-light-aurora,galaxy-light-starfield,galaxy-light-none,standard-light-dawn,standard-light-paper,standard-light-dusk,standard-dark-dawn,standard-dark-paper,standard-dark-dusk] < View@236{root} < ⟨DigestContent⟩ < <DigestContent>@src/screens/DigestScreen.tsx:210 < ⟨DigestScreen⟩ < DigestScreen@src/navigation/tabs/DigestStack.tsx:28 < route:Digest@src/navigation/tabs/DigestStack.tsx || View@124{root} < backed:glass inside ⟨ShellAppBar⟩ <ShellAppBar>@src/screens/HomeScreen.tsx:1795 artComponent=contactsHeader backed in 6/16 [galaxy-dark-quiet,galaxy-dark-aurora,galaxy-dark-starfield,galaxy-dark-none,standard-light-none,standard-dark-none] || View@124{root} < ⟨ShellAppBar⟩ < art-none:<ShellAppBar>@src/screens/HomeScreen.tsx:1795 artComponent=contactsHeader none in 10/16 [galaxy-light-quiet,galaxy-light-aurora,galaxy-light-starfield,galaxy-light-none,standard-light-dawn,standard-light-paper,standard-light-dusk,standard-dark-dawn,standard-dark-paper,standard-dark-dusk] < View@1790 < View@1789{root} < ⟨HomeScreen⟩ < HomeScreen@src/navigation/tabs/DashboardStack.tsx:37 < route:Home@src/navigation/tabs/DashboardStack.tsx",combination-dependent
DuplicateReview,src/components/CandidateCardGrid.tsx:154,CandidateCardGrid,Text,textSecondary,Text ?,4.5,ESTIMATED(n/a),ESTIMATED(n/a),ESTIMATED(n/a),dense (veil galaxy 0.22 / standard 0.3),VERIFIED(hand-read 38.5-01),"HAND 38.5-01 [multi-render-site (c)]: scoring early-return View{progress} (no fill); render sites DuplicateReview:320/:356 (View{root}) and ReconcileGrid:451 (View{root}), none backed; string: scoringLabel; analyzer error: none (carried from v2) || AST: View@153{progress} < ⟨CandidateCardGrid⟩ < <CandidateCardGrid>@src/screens/DuplicateReviewScreen.tsx:320 < View@305{root} < ⟨DuplicateReviewScreen⟩ < DuplicateReviewScreen@src/navigation/tabs/SettingsStack.tsx:271 < route:DuplicateReview@src/navigation/tabs/SettingsStack.tsx || View@153{progress} < ⟨CandidateCardGrid⟩ < <CandidateCardGrid>@src/screens/DuplicateReviewScreen.tsx:356 < View@305{root} < ⟨DuplicateReviewScreen⟩ < DuplicateReviewScreen@src/navigation/tabs/SettingsStack.tsx:271 < route:DuplicateReview@src/navigation/tabs/SettingsStack.tsx || View@153{progress} < ⟨CandidateCardGrid⟩ < <CandidateCardGrid>@src/screens/ReconcileGridScreen.tsx:451 < View@432{root} < ⟨ReconcileGridScreen⟩ < ReconcileGridScreen@src/navigation/tabs/SettingsStack.tsx:278 < route:ReconcileGrid@src/navigation/tabs/SettingsStack.tsx",bare
DuplicateReview,src/screens/DuplicateReviewScreen.tsx:313,DuplicateReviewScreen,Text,textSecondary,Text ?,4.5,ESTIMATED(n/a),ESTIMATED(n/a),ESTIMATED(n/a),dense (veil galaxy 0.22 / standard 0.3),VERIFIED(hand-read 38.5-01),"HAND 38.5-01 [sample(c) seed 385001]: Pressable{back} border only < View{header} < View{root}; string: ""Back""; analyzer error: none (carried from v2) || AST: Pressable@307{back} < View@306{header} < View@305{root} < ⟨DuplicateReviewScreen⟩ < DuplicateReviewScreen@src/navigation/tabs/SettingsStack.tsx:271 < route:DuplicateReview@src/navigation/tabs/SettingsStack.tsx",bare
DuplicateReview,src/screens/DuplicateReviewScreen.tsx:315,DuplicateReviewScreen,Text,textPrimary,"Text 24/""600""",3.0,ESTIMATED(n/a),ESTIMATED(n/a),ESTIMATED(n/a),dense (veil galaxy 0.22 / standard 0.3),"ESTIMATED(AST-traced, not hand-read)",View@306{header} < View@305{root} < ⟨DuplicateReviewScreen⟩ < DuplicateReviewScreen@src/navigation/tabs/SettingsStack.tsx:271 < route:DuplicateReview@src/navigation/tabs/SettingsStack.tsx,bare
DuplicateReview,src/screens/DuplicateReviewScreen.tsx:330,DuplicateReviewScreen,Text,textPrimary,"Text 18/""700""",4.5,ESTIMATED(n/a),ESTIMATED(n/a),ESTIMATED(n/a),dense (veil galaxy 0.22 / standard 0.3),"ESTIMATED(AST-traced, not hand-read)",View@329{empty} < View@305{root} < ⟨DuplicateReviewScreen⟩ < DuplicateReviewScreen@src/navigation/tabs/SettingsStack.tsx:271 < route:DuplicateReview@src/navigation/tabs/SettingsStack.tsx,bare
DuplicateReview,src/screens/DuplicateReviewScreen.tsx:333,DuplicateReviewScreen,Text,textSecondary,Text ?,4.5,ESTIMATED(n/a),ESTIMATED(n/a),ESTIMATED(n/a),dense (veil galaxy 0.22 / standard 0.3),"ESTIMATED(AST-traced, not hand-read)",View@329{empty} < View@305{root} < ⟨DuplicateReviewScreen⟩ < DuplicateReviewScreen@src/navigation/tabs/SettingsStack.tsx:271 < route:DuplicateReview@src/navigation/tabs/SettingsStack.tsx,bare
DuplicateReview,src/screens/DuplicateReviewScreen.tsx:343,DuplicateReviewScreen,Text,accentText,Text ?,4.5,ESTIMATED(n/a),ESTIMATED(n/a),ESTIMATED(n/a),dense (veil galaxy 0.22 / standard 0.3),VERIFIED(hand-read 38.5-01),"HAND 38.5-01: token accent->accentText since the brief (38.4-16 d822085 / 38.4-review 6407fb1 misrole swap); Retry Pressable{retry} border only < View{empty} < View{root}; string: ""Retry""; analyzer error: none (carried from v2) || AST: Pressable@336{retry} < View@329{empty} < View@305{root} < ⟨DuplicateReviewScreen⟩ < DuplicateReviewScreen@src/navigation/tabs/SettingsStack.tsx:271 < route:DuplicateReview@src/navigation/tabs/SettingsStack.tsx",bare
DuplicateReview,src/screens/DuplicateReviewScreen.tsx:348,DuplicateReviewScreen,Text,textPrimary,"Text 18/""700""",4.5,ESTIMATED(n/a),ESTIMATED(n/a),ESTIMATED(n/a),dense (veil galaxy 0.22 / standard 0.3),"ESTIMATED(AST-traced, not hand-read)",View@347{empty} < View@305{root} < ⟨DuplicateReviewScreen⟩ < DuplicateReviewScreen@src/navigation/tabs/SettingsStack.tsx:271 < route:DuplicateReview@src/navigation/tabs/SettingsStack.tsx,bare
DuplicateReview,src/screens/DuplicateReviewScreen.tsx:351,DuplicateReviewScreen,Text,textSecondary,Text ?,4.5,ESTIMATED(n/a),ESTIMATED(n/a),ESTIMATED(n/a),dense (veil galaxy 0.22 / standard 0.3),"ESTIMATED(AST-traced, not hand-read)",View@347{empty} < View@305{root} < ⟨DuplicateReviewScreen⟩ < DuplicateReviewScreen@src/navigation/tabs/SettingsStack.tsx:271 < route:DuplicateReview@src/navigation/tabs/SettingsStack.tsx,bare
Edit,src/screens/EditContactScreen.tsx:1119,EditContactScreen,AppText,textSecondary,body 16/400,4.5,ESTIMATED(n/a),ESTIMATED(n/a),ESTIMATED(n/a),dense (veil galaxy 0.22 / standard 0.3),"ESTIMATED(AST-traced, not hand-read)",View@1118{loading} < ⟨EditContactScreen⟩ < EditContactScreen@src/navigation/tabs/DashboardStack.tsx:54 < route:Edit@src/navigation/tabs/DashboardStack.tsx || View@1118{loading} < ⟨EditContactScreen⟩ < EditContactScreen@src/navigation/tabs/DigestStack.tsx:37 < route:Edit@src/navigation/tabs/DigestStack.tsx || View@1118{loading} < ⟨EditContactScreen⟩ < EditContactScreen@src/navigation/tabs/EventsStack.tsx:37 < route:Edit@src/navigation/tabs/EventsStack.tsx || View@1118{loading} < ⟨EditContactScreen⟩ < EditContactScreen@src/navigation/tabs/OrreryStack.tsx:68 < route:Edit@src/navigation/tabs/OrreryStack.tsx || View@1118{loading} < ⟨EditContactScreen⟩ < EditContactScreen@src/navigation/tabs/SettingsStack.tsx:255 < route:Edit@src/navigation/tabs/SettingsStack.tsx,bare
Edit,src/screens/EditContactScreen.tsx:1168,EditContactScreen,AppText,textSecondary,label 14/600,4.5,ESTIMATED(n/a),ESTIMATED(n/a),ESTIMATED(n/a),dense (veil galaxy 0.22 / standard 0.3),VERIFIED(hand-read 38.5-01),"HAND 38.5-01 [sample(c) seed 385001]: Pressable{backBtn} border only < View{header} < ScrollView return root (outside the AccordionSections); string: ""Back""; analyzer error: none (carried from v2) || AST: Pressable@1161{backBtn} < View@1160{header} < ScrollView@1155{#edit-contact-screen} < ⟨EditContactScreen⟩ < EditContactScreen@src/navigation/tabs/DashboardStack.tsx:54 < route:Edit@src/navigation/tabs/DashboardStack.tsx || Pressable@1161{backBtn} < View@1160{header} < ScrollView@1155{#edit-contact-screen} < ⟨EditContactScreen⟩ < EditContactScreen@src/navigation/tabs/DigestStack.tsx:37 < route:Edit@src/navigation/tabs/DigestStack.tsx || Pressable@1161{backBtn} < View@1160{header} < ScrollView@1155{#edit-contact-screen} < ⟨EditContactScreen⟩ < EditContactScreen@src/navigation/tabs/EventsStack.tsx:37 < route:Edit@src/navigation/tabs/EventsStack.tsx || Pressable@1161{backBtn} < View@1160{header} < ScrollView@1155{#edit-contact-screen} < ⟨EditContactScreen⟩ < EditContactScreen@src/navigation/tabs/OrreryStack.tsx:68 < route:Edit@src/navigation/tabs/OrreryStack.tsx || Pressable@1161{backBtn} < View@1160{header} < ScrollView@1155{#edit-contact-screen} < ⟨EditContactScreen⟩ < EditContactScreen@src/navigation/tabs/SettingsStack.tsx:255 < route:Edit@src/navigation/tabs/SettingsStack.tsx",bare
Edit,src/screens/EditContactScreen.tsx:1172,EditContactScreen,AppText,textPrimary(default),display 28/600,3.0,ESTIMATED(n/a),ESTIMATED(n/a),ESTIMATED(n/a),dense (veil galaxy 0.22 / standard 0.3),"ESTIMATED(AST-traced, not hand-read)",View@1160{header} < ScrollView@1155{#edit-contact-screen} < ⟨EditContactScreen⟩ < EditContactScreen@src/navigation/tabs/DashboardStack.tsx:54 < route:Edit@src/navigation/tabs/DashboardStack.tsx || View@1160{header} < ScrollView@1155{#edit-contact-screen} < ⟨EditContactScreen⟩ < EditContactScreen@src/navigation/tabs/DigestStack.tsx:37 < route:Edit@src/navigation/tabs/DigestStack.tsx || View@1160{header} < ScrollView@1155{#edit-contact-screen} < ⟨EditContactScreen⟩ < EditContactScreen@src/navigation/tabs/EventsStack.tsx:37 < route:Edit@src/navigation/tabs/EventsStack.tsx || View@1160{header} < ScrollView@1155{#edit-contact-screen} < ⟨EditContactScreen⟩ < EditContactScreen@src/navigation/tabs/OrreryStack.tsx:68 < route:Edit@src/navigation/tabs/OrreryStack.tsx || View@1160{header} < ScrollView@1155{#edit-contact-screen} < ⟨EditContactScreen⟩ < EditContactScreen@src/navigation/tabs/SettingsStack.tsx:255 < route:Edit@src/navigation/tabs/SettingsStack.tsx,bare
EditGroupEvent,src/screens/EditGroupEventScreen.tsx:247,EditGroupEventScreen,AppText,danger,body 16/400,4.5,ESTIMATED(n/a),ESTIMATED(n/a),ESTIMATED(n/a),presentation (veil galaxy 0.02 / standard 0.05),VERIFIED(hand-read 38.5-01),"HAND 38.5-01 [danger (a)]: early-return View{loading} (no fill) < route EditGroupEvent (5 stacks); string: ""Couldn't load this group event. Please go back and retry.""; analyzer error: none (carried from v2) || AST: View@245{loading} < ⟨EditGroupEventScreen⟩ < EditGroupEventScreen@src/navigation/tabs/DashboardStack.tsx:56 < route:EditGroupEvent@src/navigation/tabs/DashboardStack.tsx || View@245{loading} < ⟨EditGroupEventScreen⟩ < EditGroupEventScreen@src/navigation/tabs/DigestStack.tsx:32 < route:EditGroupEvent@src/navigation/tabs/DigestStack.tsx || View@245{loading} < ⟨EditGroupEventScreen⟩ < EditGroupEventScreen@src/navigation/tabs/EventsStack.tsx:32 < route:EditGroupEvent@src/navigation/tabs/EventsStack.tsx || View@245{loading} < ⟨EditGroupEventScreen⟩ < EditGroupEventScreen@src/navigation/tabs/OrreryStack.tsx:74 < route:EditGroupEvent@src/navigation/tabs/OrreryStack.tsx || View@245{loading} < ⟨EditGroupEventScreen⟩ < EditGroupEventScreen@src/navigation/tabs/SettingsStack.tsx:261 < route:EditGroupEvent@src/navigation/tabs/SettingsStack.tsx",bare
EditGroupEvent,src/screens/EditGroupEventScreen.tsx:251,EditGroupEventScreen,ActivityIndicator,accentText,ActivityIndicator ,3.0,ESTIMATED(n/a),ESTIMATED(n/a),ESTIMATED(n/a),presentation (veil galaxy 0.02 / standard 0.05),VERIFIED(hand-read 38.5-01),HAND 38.5-01: token accent->accentText since the brief (38.4-16 d822085 / 38.4-review 6407fb1 misrole swap); loading spinner in early-return View{loading}; string: (spinner); analyzer error: none (carried from v2) || AST: View@245{loading} < ⟨EditGroupEventScreen⟩ < EditGroupEventScreen@src/navigation/tabs/DashboardStack.tsx:56 < route:EditGroupEvent@src/navigation/tabs/DashboardStack.tsx || View@245{loading} < ⟨EditGroupEventScreen⟩ < EditGroupEventScreen@src/navigation/tabs/DigestStack.tsx:32 < route:EditGroupEvent@src/navigation/tabs/DigestStack.tsx || View@245{loading} < ⟨EditGroupEventScreen⟩ < EditGroupEventScreen@src/navigation/tabs/EventsStack.tsx:32 < route:EditGroupEvent@src/navigation/tabs/EventsStack.tsx || View@245{loading} < ⟨EditGroupEventScreen⟩ < EditGroupEventScreen@src/navigation/tabs/OrreryStack.tsx:74 < route:EditGroupEvent@src/navigation/tabs/OrreryStack.tsx || View@245{loading} < ⟨EditGroupEventScreen⟩ < EditGroupEventScreen@src/navigation/tabs/SettingsStack.tsx:261 < route:EditGroupEvent@src/navigation/tabs/SettingsStack.tsx,bare
EditInteraction,src/components/TouchpointRefineForm.tsx:259,TouchpointRefineForm,Text,textSecondary,"Text 13/""600""",4.5,ESTIMATED(n/a),ESTIMATED(n/a),ESTIMATED(n/a),presentation (veil galaxy 0.02 / standard 0.05),VERIFIED(hand-read 38.5-01),"HAND 38.5-01 [multi-render-site (c)]: field View (no fill) < renderField() in View{form}; bare under EditInteraction:181 and LogContact:290, backed under EditGroupEvent:269 / GroupLog:138 (screen bg background) and ParticipantOverrideEditor (Sheet / ScrollView bg background); string: ""Date & time""; analyzer error: none (carried from v2) || AST: View@258{field} < {renderField}@542 < Fragment@542 < View@540{form} < ⟨TouchpointRefineForm⟩ < <TouchpointRefineForm>@src/screens/EditGroupEventScreen.tsx:269 < ScrollView@259 < backed:opaque View@258{bg background} || View@258{field} < {renderField}@542 < Fragment@542 < View@540{form} < ⟨TouchpointRefineForm⟩ < <TouchpointRefineForm>@src/screens/EditInteractionScreen.tsx:181 < ScrollView@159{#edit-interaction-screen} < ⟨EditInteractionScreen⟩ < EditInteractionScreen@src/navigation/tabs/DashboardStack.tsx:55 < route:EditInteraction@src/navigation/tabs/DashboardStack.tsx || View@258{field} < {renderField}@542 < Fragment@542 < View@540{form} < ⟨TouchpointRefineForm⟩ < <TouchpointRefineForm>@src/screens/EditInteractionScreen.tsx:181 < ScrollView@159{#edit-interaction-screen} < ⟨EditInteractionScreen⟩ < EditInteractionScreen@src/navigation/tabs/DigestStack.tsx:38 < route:EditInteraction@src/navigation/tabs/DigestStack.tsx || View@258{field} < {renderField}@542 < Fragment@542 < View@540{form} < ⟨TouchpointRefineForm⟩ < <TouchpointRefineForm>@src/screens/EditInteractionScreen.tsx:181 < ScrollView@159{#edit-interaction-screen} < ⟨EditInteractionScreen⟩ < EditInteractionScreen@src/navigation/tabs/EventsStack.tsx:38 < route:EditInteraction@src/navigation/tabs/EventsStack.tsx || View@258{field} < {renderField}@542 < Fragment@542 < View@540{form} < ⟨TouchpointRefineForm⟩ < <TouchpointRefineForm>@src/screens/EditInteractionScreen.tsx:181 < ScrollView@159{#edit-interaction-screen} < ⟨EditInteractionScreen⟩ < EditInteractionScreen@src/navigation/tabs/OrreryStack.tsx:69 < route:EditInteraction@src/navigation/tabs/OrreryStack.tsx || View@258{field} < {renderField}@542 < Fragment@542 < View@540{form} < ⟨TouchpointRefineForm⟩ < <TouchpointRefineForm>@src/screens/EditInteractionScreen.tsx:181 < ScrollView@159{#edit-interaction-screen} < ⟨EditInteractionScreen⟩ < EditInteractionScreen@src/navigation/tabs/SettingsStack.tsx:256 < route:EditInteraction@src/navigation/tabs/SettingsStack.tsx || View@258{field} < {renderField}@542 < Fragment@542 < View@540{form} < ⟨TouchpointRefineForm⟩ < <TouchpointRefineForm>@src/screens/GroupLogScreen.tsx:138 < ScrollView@109 < backed:opaque View@108{bg background} || View@258{field} < {renderField}@542 < Fragment@542 < View@540{form} < ⟨TouchpointRefineForm⟩ < <TouchpointRefineForm>@src/screens/LogInteractionScreen.tsx:290 < ScrollView@286{#log-interaction-screen} < View@284{root} < ⟨LogInteractionScreen⟩ < LogInteractionScreen@src/navigation/tabs/DashboardStack.tsx:42 < route:LogContact@src/navigation/tabs/DashboardStack.tsx || View@258{field} < {renderField}@542 < Fragment@542 < View@540{form} < ⟨TouchpointRefineForm⟩ < <TouchpointRefineForm>@src/screens/LogInteractionScreen.tsx:290 < ScrollView@286{#log-interaction-screen} < View@284{root} < ⟨LogInteractionScreen⟩ < LogInteractionScreen@src/navigation/tabs/DigestStack.tsx:36 < route:LogContact@src/navigation/tabs/DigestStack.tsx || View@258{field} < {renderField}@542 < Fragment@542 < View@540{form} < ⟨TouchpointRefineForm⟩ < <TouchpointRefineForm>@src/screens/LogInteractionScreen.tsx:290 < ScrollView@286{#log-interaction-screen} < View@284{root} < ⟨LogInteractionScreen⟩ < LogInteractionScreen@src/navigation/tabs/EventsStack.tsx:36 < route:LogContact@src/navigation/tabs/EventsStack.tsx || View@258{field} < {renderField}@542 < Fragment@542 < View@540{form} < ⟨TouchpointRefineForm⟩ < <TouchpointRefineForm>@src/screens/LogInteractionScreen.tsx:290 < ScrollView@286{#log-interaction-screen} < View@284{root} < ⟨LogInteractionScreen⟩ < LogInteractionScreen@src/navigation/tabs/OrreryStack.tsx:60 < route:LogContact@src/navigation/tabs/OrreryStack.tsx || View@258{field} < {renderField}@542 < Fragment@542 < View@540{form} < ⟨TouchpointRefineForm⟩ < <TouchpointRefineForm>@src/screens/LogInteractionScreen.tsx:290 < ScrollView@286{#log-interaction-screen} < View@284{root} < ⟨LogInteractionScreen⟩ < LogInteractionScreen@src/navigation/tabs/SettingsStack.tsx:242 < route:LogContact@src/navigation/tabs/SettingsStack.tsx || (+16 more chains)",mixed
EditInteraction,src/components/TouchpointRefineForm.tsx:278,TouchpointRefineForm,Text,danger,"Text 13/""600""",4.5,ESTIMATED(n/a),ESTIMATED(n/a),ESTIMATED(n/a),presentation (veil galaxy 0.02 / standard 0.05),VERIFIED(hand-read 38.5-01),HAND 38.5-01 [danger (a)]: date-time field View{field} < renderField() in View{form}; bare under EditInteraction:181 (ScrollView root) and LogContact:290 (ScrollView < View{root}); backed under EditGroupEvent:269 and GroupLog:138 (screen View bg background) and ParticipantOverrideEditor (Sheet / ScrollView bg background); drifted from :277; string: dynamic {error}: the date-time parse error; analyzer error: none (carried from v2) || AST: View@258{field} < {renderField}@542 < Fragment@542 < View@540{form} < ⟨TouchpointRefineForm⟩ < <TouchpointRefineForm>@src/screens/EditGroupEventScreen.tsx:269 < ScrollView@259 < backed:opaque View@258{bg background} || View@258{field} < {renderField}@542 < Fragment@542 < View@540{form} < ⟨TouchpointRefineForm⟩ < <TouchpointRefineForm>@src/screens/EditInteractionScreen.tsx:181 < ScrollView@159{#edit-interaction-screen} < ⟨EditInteractionScreen⟩ < EditInteractionScreen@src/navigation/tabs/DashboardStack.tsx:55 < route:EditInteraction@src/navigation/tabs/DashboardStack.tsx || View@258{field} < {renderField}@542 < Fragment@542 < View@540{form} < ⟨TouchpointRefineForm⟩ < <TouchpointRefineForm>@src/screens/EditInteractionScreen.tsx:181 < ScrollView@159{#edit-interaction-screen} < ⟨EditInteractionScreen⟩ < EditInteractionScreen@src/navigation/tabs/DigestStack.tsx:38 < route:EditInteraction@src/navigation/tabs/DigestStack.tsx || View@258{field} < {renderField}@542 < Fragment@542 < View@540{form} < ⟨TouchpointRefineForm⟩ < <TouchpointRefineForm>@src/screens/EditInteractionScreen.tsx:181 < ScrollView@159{#edit-interaction-screen} < ⟨EditInteractionScreen⟩ < EditInteractionScreen@src/navigation/tabs/EventsStack.tsx:38 < route:EditInteraction@src/navigation/tabs/EventsStack.tsx || View@258{field} < {renderField}@542 < Fragment@542 < View@540{form} < ⟨TouchpointRefineForm⟩ < <TouchpointRefineForm>@src/screens/EditInteractionScreen.tsx:181 < ScrollView@159{#edit-interaction-screen} < ⟨EditInteractionScreen⟩ < EditInteractionScreen@src/navigation/tabs/OrreryStack.tsx:69 < route:EditInteraction@src/navigation/tabs/OrreryStack.tsx || View@258{field} < {renderField}@542 < Fragment@542 < View@540{form} < ⟨TouchpointRefineForm⟩ < <TouchpointRefineForm>@src/screens/EditInteractionScreen.tsx:181 < ScrollView@159{#edit-interaction-screen} < ⟨EditInteractionScreen⟩ < EditInteractionScreen@src/navigation/tabs/SettingsStack.tsx:256 < route:EditInteraction@src/navigation/tabs/SettingsStack.tsx || View@258{field} < {renderField}@542 < Fragment@542 < View@540{form} < ⟨TouchpointRefineForm⟩ < <TouchpointRefineForm>@src/screens/GroupLogScreen.tsx:138 < ScrollView@109 < backed:opaque View@108{bg background} || View@258{field} < {renderField}@542 < Fragment@542 < View@540{form} < ⟨TouchpointRefineForm⟩ < <TouchpointRefineForm>@src/screens/LogInteractionScreen.tsx:290 < ScrollView@286{#log-interaction-screen} < View@284{root} < ⟨LogInteractionScreen⟩ < LogInteractionScreen@src/navigation/tabs/DashboardStack.tsx:42 < route:LogContact@src/navigation/tabs/DashboardStack.tsx || View@258{field} < {renderField}@542 < Fragment@542 < View@540{form} < ⟨TouchpointRefineForm⟩ < <TouchpointRefineForm>@src/screens/LogInteractionScreen.tsx:290 < ScrollView@286{#log-interaction-screen} < View@284{root} < ⟨LogInteractionScreen⟩ < LogInteractionScreen@src/navigation/tabs/DigestStack.tsx:36 < route:LogContact@src/navigation/tabs/DigestStack.tsx || View@258{field} < {renderField}@542 < Fragment@542 < View@540{form} < ⟨TouchpointRefineForm⟩ < <TouchpointRefineForm>@src/screens/LogInteractionScreen.tsx:290 < ScrollView@286{#log-interaction-screen} < View@284{root} < ⟨LogInteractionScreen⟩ < LogInteractionScreen@src/navigation/tabs/EventsStack.tsx:36 < route:LogContact@src/navigation/tabs/EventsStack.tsx || View@258{field} < {renderField}@542 < Fragment@542 < View@540{form} < ⟨TouchpointRefineForm⟩ < <TouchpointRefineForm>@src/screens/LogInteractionScreen.tsx:290 < ScrollView@286{#log-interaction-screen} < View@284{root} < ⟨LogInteractionScreen⟩ < LogInteractionScreen@src/navigation/tabs/OrreryStack.tsx:60 < route:LogContact@src/navigation/tabs/OrreryStack.tsx || View@258{field} < {renderField}@542 < Fragment@542 < View@540{form} < ⟨TouchpointRefineForm⟩ < <TouchpointRefineForm>@src/screens/LogInteractionScreen.tsx:290 < ScrollView@286{#log-interaction-screen} < View@284{root} < ⟨LogInteractionScreen⟩ < LogInteractionScreen@src/navigation/tabs/SettingsStack.tsx:242 < route:LogContact@src/navigation/tabs/SettingsStack.tsx || (+16 more chains),mixed
EditInteraction,src/components/TouchpointRefineForm.tsx:291,TouchpointRefineForm,Text,textSecondary,"Text 13/""600""",4.5,ESTIMATED(n/a),ESTIMATED(n/a),ESTIMATED(n/a),presentation (veil galaxy 0.02 / standard 0.05),VERIFIED(hand-read 38.5-01),"HAND 38.5-01 [multi-render-site (c)]: field View (no fill) < renderField() in View{form}; bare under EditInteraction:181 and LogContact:290, backed under EditGroupEvent:269 / GroupLog:138 (screen bg background) and ParticipantOverrideEditor (Sheet / ScrollView bg background); string: ""Channel""; analyzer error: none (carried from v2) || AST: View@290{field} < {renderField}@542 < Fragment@542 < View@540{form} < ⟨TouchpointRefineForm⟩ < <TouchpointRefineForm>@src/screens/EditGroupEventScreen.tsx:269 < ScrollView@259 < backed:opaque View@258{bg background} || View@290{field} < {renderField}@542 < Fragment@542 < View@540{form} < ⟨TouchpointRefineForm⟩ < <TouchpointRefineForm>@src/screens/EditInteractionScreen.tsx:181 < ScrollView@159{#edit-interaction-screen} < ⟨EditInteractionScreen⟩ < EditInteractionScreen@src/navigation/tabs/DashboardStack.tsx:55 < route:EditInteraction@src/navigation/tabs/DashboardStack.tsx || View@290{field} < {renderField}@542 < Fragment@542 < View@540{form} < ⟨TouchpointRefineForm⟩ < <TouchpointRefineForm>@src/screens/EditInteractionScreen.tsx:181 < ScrollView@159{#edit-interaction-screen} < ⟨EditInteractionScreen⟩ < EditInteractionScreen@src/navigation/tabs/DigestStack.tsx:38 < route:EditInteraction@src/navigation/tabs/DigestStack.tsx || View@290{field} < {renderField}@542 < Fragment@542 < View@540{form} < ⟨TouchpointRefineForm⟩ < <TouchpointRefineForm>@src/screens/EditInteractionScreen.tsx:181 < ScrollView@159{#edit-interaction-screen} < ⟨EditInteractionScreen⟩ < EditInteractionScreen@src/navigation/tabs/EventsStack.tsx:38 < route:EditInteraction@src/navigation/tabs/EventsStack.tsx || View@290{field} < {renderField}@542 < Fragment@542 < View@540{form} < ⟨TouchpointRefineForm⟩ < <TouchpointRefineForm>@src/screens/EditInteractionScreen.tsx:181 < ScrollView@159{#edit-interaction-screen} < ⟨EditInteractionScreen⟩ < EditInteractionScreen@src/navigation/tabs/OrreryStack.tsx:69 < route:EditInteraction@src/navigation/tabs/OrreryStack.tsx || View@290{field} < {renderField}@542 < Fragment@542 < View@540{form} < ⟨TouchpointRefineForm⟩ < <TouchpointRefineForm>@src/screens/EditInteractionScreen.tsx:181 < ScrollView@159{#edit-interaction-screen} < ⟨EditInteractionScreen⟩ < EditInteractionScreen@src/navigation/tabs/SettingsStack.tsx:256 < route:EditInteraction@src/navigation/tabs/SettingsStack.tsx || View@290{field} < {renderField}@542 < Fragment@542 < View@540{form} < ⟨TouchpointRefineForm⟩ < <TouchpointRefineForm>@src/screens/GroupLogScreen.tsx:138 < ScrollView@109 < backed:opaque View@108{bg background} || View@290{field} < {renderField}@542 < Fragment@542 < View@540{form} < ⟨TouchpointRefineForm⟩ < <TouchpointRefineForm>@src/screens/LogInteractionScreen.tsx:290 < ScrollView@286{#log-interaction-screen} < View@284{root} < ⟨LogInteractionScreen⟩ < LogInteractionScreen@src/navigation/tabs/DashboardStack.tsx:42 < route:LogContact@src/navigation/tabs/DashboardStack.tsx || View@290{field} < {renderField}@542 < Fragment@542 < View@540{form} < ⟨TouchpointRefineForm⟩ < <TouchpointRefineForm>@src/screens/LogInteractionScreen.tsx:290 < ScrollView@286{#log-interaction-screen} < View@284{root} < ⟨LogInteractionScreen⟩ < LogInteractionScreen@src/navigation/tabs/DigestStack.tsx:36 < route:LogContact@src/navigation/tabs/DigestStack.tsx || View@290{field} < {renderField}@542 < Fragment@542 < View@540{form} < ⟨TouchpointRefineForm⟩ < <TouchpointRefineForm>@src/screens/LogInteractionScreen.tsx:290 < ScrollView@286{#log-interaction-screen} < View@284{root} < ⟨LogInteractionScreen⟩ < LogInteractionScreen@src/navigation/tabs/EventsStack.tsx:36 < route:LogContact@src/navigation/tabs/EventsStack.tsx || View@290{field} < {renderField}@542 < Fragment@542 < View@540{form} < ⟨TouchpointRefineForm⟩ < <TouchpointRefineForm>@src/screens/LogInteractionScreen.tsx:290 < ScrollView@286{#log-interaction-screen} < View@284{root} < ⟨LogInteractionScreen⟩ < LogInteractionScreen@src/navigation/tabs/OrreryStack.tsx:60 < route:LogContact@src/navigation/tabs/OrreryStack.tsx || View@290{field} < {renderField}@542 < Fragment@542 < View@540{form} < ⟨TouchpointRefineForm⟩ < <TouchpointRefineForm>@src/screens/LogInteractionScreen.tsx:290 < ScrollView@286{#log-interaction-screen} < View@284{root} < ⟨LogInteractionScreen⟩ < LogInteractionScreen@src/navigation/tabs/SettingsStack.tsx:242 < route:LogContact@src/navigation/tabs/SettingsStack.tsx || (+16 more chains)",mixed
EditInteraction,src/components/TouchpointRefineForm.tsx:318,TouchpointRefineForm,Text,textSecondary,"Text 13/""600""",4.5,ESTIMATED(n/a),ESTIMATED(n/a),ESTIMATED(n/a),presentation (veil galaxy 0.02 / standard 0.05),VERIFIED(hand-read 38.5-01),"HAND 38.5-01 [multi-render-site (c)]: field View (no fill) < renderField() in View{form}; bare under EditInteraction:181 and LogContact:290, backed under EditGroupEvent:269 / GroupLog:138 (screen bg background) and ParticipantOverrideEditor (Sheet / ScrollView bg background); string: ""Direction""; analyzer error: none (carried from v2) || AST: View@317{field} < {renderField}@542 < Fragment@542 < View@540{form} < ⟨TouchpointRefineForm⟩ < <TouchpointRefineForm>@src/screens/EditGroupEventScreen.tsx:269 < ScrollView@259 < backed:opaque View@258{bg background} || View@317{field} < {renderField}@542 < Fragment@542 < View@540{form} < ⟨TouchpointRefineForm⟩ < <TouchpointRefineForm>@src/screens/EditInteractionScreen.tsx:181 < ScrollView@159{#edit-interaction-screen} < ⟨EditInteractionScreen⟩ < EditInteractionScreen@src/navigation/tabs/DashboardStack.tsx:55 < route:EditInteraction@src/navigation/tabs/DashboardStack.tsx || View@317{field} < {renderField}@542 < Fragment@542 < View@540{form} < ⟨TouchpointRefineForm⟩ < <TouchpointRefineForm>@src/screens/EditInteractionScreen.tsx:181 < ScrollView@159{#edit-interaction-screen} < ⟨EditInteractionScreen⟩ < EditInteractionScreen@src/navigation/tabs/DigestStack.tsx:38 < route:EditInteraction@src/navigation/tabs/DigestStack.tsx || View@317{field} < {renderField}@542 < Fragment@542 < View@540{form} < ⟨TouchpointRefineForm⟩ < <TouchpointRefineForm>@src/screens/EditInteractionScreen.tsx:181 < ScrollView@159{#edit-interaction-screen} < ⟨EditInteractionScreen⟩ < EditInteractionScreen@src/navigation/tabs/EventsStack.tsx:38 < route:EditInteraction@src/navigation/tabs/EventsStack.tsx || View@317{field} < {renderField}@542 < Fragment@542 < View@540{form} < ⟨TouchpointRefineForm⟩ < <TouchpointRefineForm>@src/screens/EditInteractionScreen.tsx:181 < ScrollView@159{#edit-interaction-screen} < ⟨EditInteractionScreen⟩ < EditInteractionScreen@src/navigation/tabs/OrreryStack.tsx:69 < route:EditInteraction@src/navigation/tabs/OrreryStack.tsx || View@317{field} < {renderField}@542 < Fragment@542 < View@540{form} < ⟨TouchpointRefineForm⟩ < <TouchpointRefineForm>@src/screens/EditInteractionScreen.tsx:181 < ScrollView@159{#edit-interaction-screen} < ⟨EditInteractionScreen⟩ < EditInteractionScreen@src/navigation/tabs/SettingsStack.tsx:256 < route:EditInteraction@src/navigation/tabs/SettingsStack.tsx || View@317{field} < {renderField}@542 < Fragment@542 < View@540{form} < ⟨TouchpointRefineForm⟩ < <TouchpointRefineForm>@src/screens/GroupLogScreen.tsx:138 < ScrollView@109 < backed:opaque View@108{bg background} || View@317{field} < {renderField}@542 < Fragment@542 < View@540{form} < ⟨TouchpointRefineForm⟩ < <TouchpointRefineForm>@src/screens/LogInteractionScreen.tsx:290 < ScrollView@286{#log-interaction-screen} < View@284{root} < ⟨LogInteractionScreen⟩ < LogInteractionScreen@src/navigation/tabs/DashboardStack.tsx:42 < route:LogContact@src/navigation/tabs/DashboardStack.tsx || View@317{field} < {renderField}@542 < Fragment@542 < View@540{form} < ⟨TouchpointRefineForm⟩ < <TouchpointRefineForm>@src/screens/LogInteractionScreen.tsx:290 < ScrollView@286{#log-interaction-screen} < View@284{root} < ⟨LogInteractionScreen⟩ < LogInteractionScreen@src/navigation/tabs/DigestStack.tsx:36 < route:LogContact@src/navigation/tabs/DigestStack.tsx || View@317{field} < {renderField}@542 < Fragment@542 < View@540{form} < ⟨TouchpointRefineForm⟩ < <TouchpointRefineForm>@src/screens/LogInteractionScreen.tsx:290 < ScrollView@286{#log-interaction-screen} < View@284{root} < ⟨LogInteractionScreen⟩ < LogInteractionScreen@src/navigation/tabs/EventsStack.tsx:36 < route:LogContact@src/navigation/tabs/EventsStack.tsx || View@317{field} < {renderField}@542 < Fragment@542 < View@540{form} < ⟨TouchpointRefineForm⟩ < <TouchpointRefineForm>@src/screens/LogInteractionScreen.tsx:290 < ScrollView@286{#log-interaction-screen} < View@284{root} < ⟨LogInteractionScreen⟩ < LogInteractionScreen@src/navigation/tabs/OrreryStack.tsx:60 < route:LogContact@src/navigation/tabs/OrreryStack.tsx || View@317{field} < {renderField}@542 < Fragment@542 < View@540{form} < ⟨TouchpointRefineForm⟩ < <TouchpointRefineForm>@src/screens/LogInteractionScreen.tsx:290 < ScrollView@286{#log-interaction-screen} < View@284{root} < ⟨LogInteractionScreen⟩ < LogInteractionScreen@src/navigation/tabs/SettingsStack.tsx:242 < route:LogContact@src/navigation/tabs/SettingsStack.tsx || (+16 more chains)",mixed
EditInteraction,src/components/TouchpointRefineForm.tsx:348,TouchpointRefineForm,Text,textPrimary,"Text 13/""600""",4.5,ESTIMATED(n/a),ESTIMATED(n/a),ESTIMATED(n/a),presentation (veil galaxy 0.02 / standard 0.05),VERIFIED(hand-read 38.5-01),"HAND 38.5-01 [multi-render-site (c)]: field View (no fill) < renderField() in View{form}; bare under EditInteraction:181 and LogContact:290, backed under EditGroupEvent:269 / GroupLog:138 (screen bg background) and ParticipantOverrideEditor (Sheet / ScrollView bg background); string: ""Connected""; analyzer error: none (carried from v2) || AST: View@347{field} < {renderField}@542 < Fragment@542 < View@540{form} < ⟨TouchpointRefineForm⟩ < <TouchpointRefineForm>@src/screens/EditGroupEventScreen.tsx:269 < ScrollView@259 < backed:opaque View@258{bg background} || View@347{field} < {renderField}@542 < Fragment@542 < View@540{form} < ⟨TouchpointRefineForm⟩ < <TouchpointRefineForm>@src/screens/EditInteractionScreen.tsx:181 < ScrollView@159{#edit-interaction-screen} < ⟨EditInteractionScreen⟩ < EditInteractionScreen@src/navigation/tabs/DashboardStack.tsx:55 < route:EditInteraction@src/navigation/tabs/DashboardStack.tsx || View@347{field} < {renderField}@542 < Fragment@542 < View@540{form} < ⟨TouchpointRefineForm⟩ < <TouchpointRefineForm>@src/screens/EditInteractionScreen.tsx:181 < ScrollView@159{#edit-interaction-screen} < ⟨EditInteractionScreen⟩ < EditInteractionScreen@src/navigation/tabs/DigestStack.tsx:38 < route:EditInteraction@src/navigation/tabs/DigestStack.tsx || View@347{field} < {renderField}@542 < Fragment@542 < View@540{form} < ⟨TouchpointRefineForm⟩ < <TouchpointRefineForm>@src/screens/EditInteractionScreen.tsx:181 < ScrollView@159{#edit-interaction-screen} < ⟨EditInteractionScreen⟩ < EditInteractionScreen@src/navigation/tabs/EventsStack.tsx:38 < route:EditInteraction@src/navigation/tabs/EventsStack.tsx || View@347{field} < {renderField}@542 < Fragment@542 < View@540{form} < ⟨TouchpointRefineForm⟩ < <TouchpointRefineForm>@src/screens/EditInteractionScreen.tsx:181 < ScrollView@159{#edit-interaction-screen} < ⟨EditInteractionScreen⟩ < EditInteractionScreen@src/navigation/tabs/OrreryStack.tsx:69 < route:EditInteraction@src/navigation/tabs/OrreryStack.tsx || View@347{field} < {renderField}@542 < Fragment@542 < View@540{form} < ⟨TouchpointRefineForm⟩ < <TouchpointRefineForm>@src/screens/EditInteractionScreen.tsx:181 < ScrollView@159{#edit-interaction-screen} < ⟨EditInteractionScreen⟩ < EditInteractionScreen@src/navigation/tabs/SettingsStack.tsx:256 < route:EditInteraction@src/navigation/tabs/SettingsStack.tsx || View@347{field} < {renderField}@542 < Fragment@542 < View@540{form} < ⟨TouchpointRefineForm⟩ < <TouchpointRefineForm>@src/screens/GroupLogScreen.tsx:138 < ScrollView@109 < backed:opaque View@108{bg background} || View@347{field} < {renderField}@542 < Fragment@542 < View@540{form} < ⟨TouchpointRefineForm⟩ < <TouchpointRefineForm>@src/screens/LogInteractionScreen.tsx:290 < ScrollView@286{#log-interaction-screen} < View@284{root} < ⟨LogInteractionScreen⟩ < LogInteractionScreen@src/navigation/tabs/DashboardStack.tsx:42 < route:LogContact@src/navigation/tabs/DashboardStack.tsx || View@347{field} < {renderField}@542 < Fragment@542 < View@540{form} < ⟨TouchpointRefineForm⟩ < <TouchpointRefineForm>@src/screens/LogInteractionScreen.tsx:290 < ScrollView@286{#log-interaction-screen} < View@284{root} < ⟨LogInteractionScreen⟩ < LogInteractionScreen@src/navigation/tabs/DigestStack.tsx:36 < route:LogContact@src/navigation/tabs/DigestStack.tsx || View@347{field} < {renderField}@542 < Fragment@542 < View@540{form} < ⟨TouchpointRefineForm⟩ < <TouchpointRefineForm>@src/screens/LogInteractionScreen.tsx:290 < ScrollView@286{#log-interaction-screen} < View@284{root} < ⟨LogInteractionScreen⟩ < LogInteractionScreen@src/navigation/tabs/EventsStack.tsx:36 < route:LogContact@src/navigation/tabs/EventsStack.tsx || View@347{field} < {renderField}@542 < Fragment@542 < View@540{form} < ⟨TouchpointRefineForm⟩ < <TouchpointRefineForm>@src/screens/LogInteractionScreen.tsx:290 < ScrollView@286{#log-interaction-screen} < View@284{root} < ⟨LogInteractionScreen⟩ < LogInteractionScreen@src/navigation/tabs/OrreryStack.tsx:60 < route:LogContact@src/navigation/tabs/OrreryStack.tsx || View@347{field} < {renderField}@542 < Fragment@542 < View@540{form} < ⟨TouchpointRefineForm⟩ < <TouchpointRefineForm>@src/screens/LogInteractionScreen.tsx:290 < ScrollView@286{#log-interaction-screen} < View@284{root} < ⟨LogInteractionScreen⟩ < LogInteractionScreen@src/navigation/tabs/SettingsStack.tsx:242 < route:LogContact@src/navigation/tabs/SettingsStack.tsx || (+16 more chains)",mixed
EditInteraction,src/components/TouchpointRefineForm.tsx:364,TouchpointRefineForm,Text,textSecondary,"Text 13/""600""",4.5,ESTIMATED(n/a),ESTIMATED(n/a),ESTIMATED(n/a),presentation (veil galaxy 0.02 / standard 0.05),VERIFIED(hand-read 38.5-01),"HAND 38.5-01 [multi-render-site (c)]: field View (no fill) < renderField() in View{form}; bare under EditInteraction:181 and LogContact:290, backed under EditGroupEvent:269 / GroupLog:138 (screen bg background) and ParticipantOverrideEditor (Sheet / ScrollView bg background); string: ""Tone""; analyzer error: none (carried from v2) || AST: View@363{field} < {renderField}@542 < Fragment@542 < View@540{form} < ⟨TouchpointRefineForm⟩ < <TouchpointRefineForm>@src/screens/EditGroupEventScreen.tsx:269 < ScrollView@259 < backed:opaque View@258{bg background} || View@363{field} < {renderField}@542 < Fragment@542 < View@540{form} < ⟨TouchpointRefineForm⟩ < <TouchpointRefineForm>@src/screens/EditInteractionScreen.tsx:181 < ScrollView@159{#edit-interaction-screen} < ⟨EditInteractionScreen⟩ < EditInteractionScreen@src/navigation/tabs/DashboardStack.tsx:55 < route:EditInteraction@src/navigation/tabs/DashboardStack.tsx || View@363{field} < {renderField}@542 < Fragment@542 < View@540{form} < ⟨TouchpointRefineForm⟩ < <TouchpointRefineForm>@src/screens/EditInteractionScreen.tsx:181 < ScrollView@159{#edit-interaction-screen} < ⟨EditInteractionScreen⟩ < EditInteractionScreen@src/navigation/tabs/DigestStack.tsx:38 < route:EditInteraction@src/navigation/tabs/DigestStack.tsx || View@363{field} < {renderField}@542 < Fragment@542 < View@540{form} < ⟨TouchpointRefineForm⟩ < <TouchpointRefineForm>@src/screens/EditInteractionScreen.tsx:181 < ScrollView@159{#edit-interaction-screen} < ⟨EditInteractionScreen⟩ < EditInteractionScreen@src/navigation/tabs/EventsStack.tsx:38 < route:EditInteraction@src/navigation/tabs/EventsStack.tsx || View@363{field} < {renderField}@542 < Fragment@542 < View@540{form} < ⟨TouchpointRefineForm⟩ < <TouchpointRefineForm>@src/screens/EditInteractionScreen.tsx:181 < ScrollView@159{#edit-interaction-screen} < ⟨EditInteractionScreen⟩ < EditInteractionScreen@src/navigation/tabs/OrreryStack.tsx:69 < route:EditInteraction@src/navigation/tabs/OrreryStack.tsx || View@363{field} < {renderField}@542 < Fragment@542 < View@540{form} < ⟨TouchpointRefineForm⟩ < <TouchpointRefineForm>@src/screens/EditInteractionScreen.tsx:181 < ScrollView@159{#edit-interaction-screen} < ⟨EditInteractionScreen⟩ < EditInteractionScreen@src/navigation/tabs/SettingsStack.tsx:256 < route:EditInteraction@src/navigation/tabs/SettingsStack.tsx || View@363{field} < {renderField}@542 < Fragment@542 < View@540{form} < ⟨TouchpointRefineForm⟩ < <TouchpointRefineForm>@src/screens/GroupLogScreen.tsx:138 < ScrollView@109 < backed:opaque View@108{bg background} || View@363{field} < {renderField}@542 < Fragment@542 < View@540{form} < ⟨TouchpointRefineForm⟩ < <TouchpointRefineForm>@src/screens/LogInteractionScreen.tsx:290 < ScrollView@286{#log-interaction-screen} < View@284{root} < ⟨LogInteractionScreen⟩ < LogInteractionScreen@src/navigation/tabs/DashboardStack.tsx:42 < route:LogContact@src/navigation/tabs/DashboardStack.tsx || View@363{field} < {renderField}@542 < Fragment@542 < View@540{form} < ⟨TouchpointRefineForm⟩ < <TouchpointRefineForm>@src/screens/LogInteractionScreen.tsx:290 < ScrollView@286{#log-interaction-screen} < View@284{root} < ⟨LogInteractionScreen⟩ < LogInteractionScreen@src/navigation/tabs/DigestStack.tsx:36 < route:LogContact@src/navigation/tabs/DigestStack.tsx || View@363{field} < {renderField}@542 < Fragment@542 < View@540{form} < ⟨TouchpointRefineForm⟩ < <TouchpointRefineForm>@src/screens/LogInteractionScreen.tsx:290 < ScrollView@286{#log-interaction-screen} < View@284{root} < ⟨LogInteractionScreen⟩ < LogInteractionScreen@src/navigation/tabs/EventsStack.tsx:36 < route:LogContact@src/navigation/tabs/EventsStack.tsx || View@363{field} < {renderField}@542 < Fragment@542 < View@540{form} < ⟨TouchpointRefineForm⟩ < <TouchpointRefineForm>@src/screens/LogInteractionScreen.tsx:290 < ScrollView@286{#log-interaction-screen} < View@284{root} < ⟨LogInteractionScreen⟩ < LogInteractionScreen@src/navigation/tabs/OrreryStack.tsx:60 < route:LogContact@src/navigation/tabs/OrreryStack.tsx || View@363{field} < {renderField}@542 < Fragment@542 < View@540{form} < ⟨TouchpointRefineForm⟩ < <TouchpointRefineForm>@src/screens/LogInteractionScreen.tsx:290 < ScrollView@286{#log-interaction-screen} < View@284{root} < ⟨LogInteractionScreen⟩ < LogInteractionScreen@src/navigation/tabs/SettingsStack.tsx:242 < route:LogContact@src/navigation/tabs/SettingsStack.tsx || (+16 more chains)",mixed
EditInteraction,src/components/TouchpointRefineForm.tsx:394,TouchpointRefineForm,Text,textSecondary,"Text 13/""600""",4.5,ESTIMATED(n/a),ESTIMATED(n/a),ESTIMATED(n/a),presentation (veil galaxy 0.02 / standard 0.05),VERIFIED(hand-read 38.5-01),"HAND 38.5-01 [multi-render-site (c)]: field View (no fill) < renderField() in View{form}; bare under EditInteraction:181 and LogContact:290, backed under EditGroupEvent:269 / GroupLog:138 (screen bg background) and ParticipantOverrideEditor (Sheet / ScrollView bg background); string: ""Note""; analyzer error: none (carried from v2) || AST: View@393{field} < {renderField}@542 < Fragment@542 < View@540{form} < ⟨TouchpointRefineForm⟩ < <TouchpointRefineForm>@src/screens/EditGroupEventScreen.tsx:269 < ScrollView@259 < backed:opaque View@258{bg background} || View@393{field} < {renderField}@542 < Fragment@542 < View@540{form} < ⟨TouchpointRefineForm⟩ < <TouchpointRefineForm>@src/screens/EditInteractionScreen.tsx:181 < ScrollView@159{#edit-interaction-screen} < ⟨EditInteractionScreen⟩ < EditInteractionScreen@src/navigation/tabs/DashboardStack.tsx:55 < route:EditInteraction@src/navigation/tabs/DashboardStack.tsx || View@393{field} < {renderField}@542 < Fragment@542 < View@540{form} < ⟨TouchpointRefineForm⟩ < <TouchpointRefineForm>@src/screens/EditInteractionScreen.tsx:181 < ScrollView@159{#edit-interaction-screen} < ⟨EditInteractionScreen⟩ < EditInteractionScreen@src/navigation/tabs/DigestStack.tsx:38 < route:EditInteraction@src/navigation/tabs/DigestStack.tsx || View@393{field} < {renderField}@542 < Fragment@542 < View@540{form} < ⟨TouchpointRefineForm⟩ < <TouchpointRefineForm>@src/screens/EditInteractionScreen.tsx:181 < ScrollView@159{#edit-interaction-screen} < ⟨EditInteractionScreen⟩ < EditInteractionScreen@src/navigation/tabs/EventsStack.tsx:38 < route:EditInteraction@src/navigation/tabs/EventsStack.tsx || View@393{field} < {renderField}@542 < Fragment@542 < View@540{form} < ⟨TouchpointRefineForm⟩ < <TouchpointRefineForm>@src/screens/EditInteractionScreen.tsx:181 < ScrollView@159{#edit-interaction-screen} < ⟨EditInteractionScreen⟩ < EditInteractionScreen@src/navigation/tabs/OrreryStack.tsx:69 < route:EditInteraction@src/navigation/tabs/OrreryStack.tsx || View@393{field} < {renderField}@542 < Fragment@542 < View@540{form} < ⟨TouchpointRefineForm⟩ < <TouchpointRefineForm>@src/screens/EditInteractionScreen.tsx:181 < ScrollView@159{#edit-interaction-screen} < ⟨EditInteractionScreen⟩ < EditInteractionScreen@src/navigation/tabs/SettingsStack.tsx:256 < route:EditInteraction@src/navigation/tabs/SettingsStack.tsx || View@393{field} < {renderField}@542 < Fragment@542 < View@540{form} < ⟨TouchpointRefineForm⟩ < <TouchpointRefineForm>@src/screens/GroupLogScreen.tsx:138 < ScrollView@109 < backed:opaque View@108{bg background} || View@393{field} < {renderField}@542 < Fragment@542 < View@540{form} < ⟨TouchpointRefineForm⟩ < <TouchpointRefineForm>@src/screens/LogInteractionScreen.tsx:290 < ScrollView@286{#log-interaction-screen} < View@284{root} < ⟨LogInteractionScreen⟩ < LogInteractionScreen@src/navigation/tabs/DashboardStack.tsx:42 < route:LogContact@src/navigation/tabs/DashboardStack.tsx || View@393{field} < {renderField}@542 < Fragment@542 < View@540{form} < ⟨TouchpointRefineForm⟩ < <TouchpointRefineForm>@src/screens/LogInteractionScreen.tsx:290 < ScrollView@286{#log-interaction-screen} < View@284{root} < ⟨LogInteractionScreen⟩ < LogInteractionScreen@src/navigation/tabs/DigestStack.tsx:36 < route:LogContact@src/navigation/tabs/DigestStack.tsx || View@393{field} < {renderField}@542 < Fragment@542 < View@540{form} < ⟨TouchpointRefineForm⟩ < <TouchpointRefineForm>@src/screens/LogInteractionScreen.tsx:290 < ScrollView@286{#log-interaction-screen} < View@284{root} < ⟨LogInteractionScreen⟩ < LogInteractionScreen@src/navigation/tabs/EventsStack.tsx:36 < route:LogContact@src/navigation/tabs/EventsStack.tsx || View@393{field} < {renderField}@542 < Fragment@542 < View@540{form} < ⟨TouchpointRefineForm⟩ < <TouchpointRefineForm>@src/screens/LogInteractionScreen.tsx:290 < ScrollView@286{#log-interaction-screen} < View@284{root} < ⟨LogInteractionScreen⟩ < LogInteractionScreen@src/navigation/tabs/OrreryStack.tsx:60 < route:LogContact@src/navigation/tabs/OrreryStack.tsx || View@393{field} < {renderField}@542 < Fragment@542 < View@540{form} < ⟨TouchpointRefineForm⟩ < <TouchpointRefineForm>@src/screens/LogInteractionScreen.tsx:290 < ScrollView@286{#log-interaction-screen} < View@284{root} < ⟨LogInteractionScreen⟩ < LogInteractionScreen@src/navigation/tabs/SettingsStack.tsx:242 < route:LogContact@src/navigation/tabs/SettingsStack.tsx || (+16 more chains)",mixed
EditInteraction,src/components/TouchpointRefineForm.tsx:423,TouchpointRefineForm,Text,textSecondary,"Text 13/""600""",4.5,ESTIMATED(n/a),ESTIMATED(n/a),ESTIMATED(n/a),presentation (veil galaxy 0.02 / standard 0.05),VERIFIED(hand-read 38.5-01),"HAND 38.5-01 [multi-render-site (c)]: field View (no fill) < renderField() in View{form}; bare under EditInteraction:181 and LogContact:290, backed under EditGroupEvent:269 / GroupLog:138 (screen bg background) and ParticipantOverrideEditor (Sheet / ScrollView bg background); string: ""Duration""; analyzer error: none (carried from v2) || AST: View@422{field} < {renderField}@542 < Fragment@542 < View@540{form} < ⟨TouchpointRefineForm⟩ < <TouchpointRefineForm>@src/screens/EditGroupEventScreen.tsx:269 < ScrollView@259 < backed:opaque View@258{bg background} || View@422{field} < {renderField}@542 < Fragment@542 < View@540{form} < ⟨TouchpointRefineForm⟩ < <TouchpointRefineForm>@src/screens/EditInteractionScreen.tsx:181 < ScrollView@159{#edit-interaction-screen} < ⟨EditInteractionScreen⟩ < EditInteractionScreen@src/navigation/tabs/DashboardStack.tsx:55 < route:EditInteraction@src/navigation/tabs/DashboardStack.tsx || View@422{field} < {renderField}@542 < Fragment@542 < View@540{form} < ⟨TouchpointRefineForm⟩ < <TouchpointRefineForm>@src/screens/EditInteractionScreen.tsx:181 < ScrollView@159{#edit-interaction-screen} < ⟨EditInteractionScreen⟩ < EditInteractionScreen@src/navigation/tabs/DigestStack.tsx:38 < route:EditInteraction@src/navigation/tabs/DigestStack.tsx || View@422{field} < {renderField}@542 < Fragment@542 < View@540{form} < ⟨TouchpointRefineForm⟩ < <TouchpointRefineForm>@src/screens/EditInteractionScreen.tsx:181 < ScrollView@159{#edit-interaction-screen} < ⟨EditInteractionScreen⟩ < EditInteractionScreen@src/navigation/tabs/EventsStack.tsx:38 < route:EditInteraction@src/navigation/tabs/EventsStack.tsx || View@422{field} < {renderField}@542 < Fragment@542 < View@540{form} < ⟨TouchpointRefineForm⟩ < <TouchpointRefineForm>@src/screens/EditInteractionScreen.tsx:181 < ScrollView@159{#edit-interaction-screen} < ⟨EditInteractionScreen⟩ < EditInteractionScreen@src/navigation/tabs/OrreryStack.tsx:69 < route:EditInteraction@src/navigation/tabs/OrreryStack.tsx || View@422{field} < {renderField}@542 < Fragment@542 < View@540{form} < ⟨TouchpointRefineForm⟩ < <TouchpointRefineForm>@src/screens/EditInteractionScreen.tsx:181 < ScrollView@159{#edit-interaction-screen} < ⟨EditInteractionScreen⟩ < EditInteractionScreen@src/navigation/tabs/SettingsStack.tsx:256 < route:EditInteraction@src/navigation/tabs/SettingsStack.tsx || View@422{field} < {renderField}@542 < Fragment@542 < View@540{form} < ⟨TouchpointRefineForm⟩ < <TouchpointRefineForm>@src/screens/GroupLogScreen.tsx:138 < ScrollView@109 < backed:opaque View@108{bg background} || View@422{field} < {renderField}@542 < Fragment@542 < View@540{form} < ⟨TouchpointRefineForm⟩ < <TouchpointRefineForm>@src/screens/LogInteractionScreen.tsx:290 < ScrollView@286{#log-interaction-screen} < View@284{root} < ⟨LogInteractionScreen⟩ < LogInteractionScreen@src/navigation/tabs/DashboardStack.tsx:42 < route:LogContact@src/navigation/tabs/DashboardStack.tsx || View@422{field} < {renderField}@542 < Fragment@542 < View@540{form} < ⟨TouchpointRefineForm⟩ < <TouchpointRefineForm>@src/screens/LogInteractionScreen.tsx:290 < ScrollView@286{#log-interaction-screen} < View@284{root} < ⟨LogInteractionScreen⟩ < LogInteractionScreen@src/navigation/tabs/DigestStack.tsx:36 < route:LogContact@src/navigation/tabs/DigestStack.tsx || View@422{field} < {renderField}@542 < Fragment@542 < View@540{form} < ⟨TouchpointRefineForm⟩ < <TouchpointRefineForm>@src/screens/LogInteractionScreen.tsx:290 < ScrollView@286{#log-interaction-screen} < View@284{root} < ⟨LogInteractionScreen⟩ < LogInteractionScreen@src/navigation/tabs/EventsStack.tsx:36 < route:LogContact@src/navigation/tabs/EventsStack.tsx || View@422{field} < {renderField}@542 < Fragment@542 < View@540{form} < ⟨TouchpointRefineForm⟩ < <TouchpointRefineForm>@src/screens/LogInteractionScreen.tsx:290 < ScrollView@286{#log-interaction-screen} < View@284{root} < ⟨LogInteractionScreen⟩ < LogInteractionScreen@src/navigation/tabs/OrreryStack.tsx:60 < route:LogContact@src/navigation/tabs/OrreryStack.tsx || View@422{field} < {renderField}@542 < Fragment@542 < View@540{form} < ⟨TouchpointRefineForm⟩ < <TouchpointRefineForm>@src/screens/LogInteractionScreen.tsx:290 < ScrollView@286{#log-interaction-screen} < View@284{root} < ⟨LogInteractionScreen⟩ < LogInteractionScreen@src/navigation/tabs/SettingsStack.tsx:242 < route:LogContact@src/navigation/tabs/SettingsStack.tsx || (+16 more chains)",mixed
EditInteraction,src/components/TouchpointRefineForm.tsx:449,TouchpointRefineForm,Text,expr:colors[tone.label],Text ?,4.5,ESTIMATED(n/a),ESTIMATED(n/a),ESTIMATED(n/a),presentation (veil galaxy 0.02 / standard 0.05),VERIFIED(hand-read 38.5-01),"CARRIED from v2 (unchanged code, re-read 38.5-09) || HAND 38.5-01: duration preset chip Pressable paints colors[tone.fill] = accent (selected) or surface (durationChipTone, touchpoint-refine-logic.ts:146); text sits on a solid fill; string: preset labels; analyzer error: false bare (computed cross-file fill key) || AST: Pressable@431{chip} < View@426{chipRow} < View@422{field} < {renderField}@542 < Fragment@542 < View@540{form} < ⟨TouchpointRefineForm⟩ < <TouchpointRefineForm>@src/screens/EditGroupEventScreen.tsx:269 < ScrollView@259 < backed:opaque View@258{bg background} || Pressable@431{chip} < View@426{chipRow} < View@422{field} < {renderField}@542 < Fragment@542 < View@540{form} < ⟨TouchpointRefineForm⟩ < <TouchpointRefineForm>@src/screens/EditInteractionScreen.tsx:181 < ScrollView@159{#edit-interaction-screen} < ⟨EditInteractionScreen⟩ < EditInteractionScreen@src/navigation/tabs/DashboardStack.tsx:55 < route:EditInteraction@src/navigation/tabs/DashboardStack.tsx || Pressable@431{chip} < View@426{chipRow} < View@422{field} < {renderField}@542 < Fragment@542 < View@540{form} < ⟨TouchpointRefineForm⟩ < <TouchpointRefineForm>@src/screens/EditInteractionScreen.tsx:181 < ScrollView@159{#edit-interaction-screen} < ⟨EditInteractionScreen⟩ < EditInteractionScreen@src/navigation/tabs/DigestStack.tsx:38 < route:EditInteraction@src/navigation/tabs/DigestStack.tsx || Pressable@431{chip} < View@426{chipRow} < View@422{field} < {renderField}@542 < Fragment@542 < View@540{form} < ⟨TouchpointRefineForm⟩ < <TouchpointRefineForm>@src/screens/EditInteractionScreen.tsx:181 < ScrollView@159{#edit-interaction-screen} < ⟨EditInteractionScreen⟩ < EditInteractionScreen@src/navigation/tabs/EventsStack.tsx:38 < route:EditInteraction@src/navigation/tabs/EventsStack.tsx || Pressable@431{chip} < View@426{chipRow} < View@422{field} < {renderField}@542 < Fragment@542 < View@540{form} < ⟨TouchpointRefineForm⟩ < <TouchpointRefineForm>@src/screens/EditInteractionScreen.tsx:181 < ScrollView@159{#edit-interaction-screen} < ⟨EditInteractionScreen⟩ < EditInteractionScreen@src/navigation/tabs/OrreryStack.tsx:69 < route:EditInteraction@src/navigation/tabs/OrreryStack.tsx || Pressable@431{chip} < View@426{chipRow} < View@422{field} < {renderField}@542 < Fragment@542 < View@540{form} < ⟨TouchpointRefineForm⟩ < <TouchpointRefineForm>@src/screens/EditInteractionScreen.tsx:181 < ScrollView@159{#edit-interaction-screen} < ⟨EditInteractionScreen⟩ < EditInteractionScreen@src/navigation/tabs/SettingsStack.tsx:256 < route:EditInteraction@src/navigation/tabs/SettingsStack.tsx || Pressable@431{chip} < View@426{chipRow} < View@422{field} < {renderField}@542 < Fragment@542 < View@540{form} < ⟨TouchpointRefineForm⟩ < <TouchpointRefineForm>@src/screens/GroupLogScreen.tsx:138 < ScrollView@109 < backed:opaque View@108{bg background} || Pressable@431{chip} < View@426{chipRow} < View@422{field} < {renderField}@542 < Fragment@542 < View@540{form} < ⟨TouchpointRefineForm⟩ < <TouchpointRefineForm>@src/screens/LogInteractionScreen.tsx:290 < ScrollView@286{#log-interaction-screen} < View@284{root} < ⟨LogInteractionScreen⟩ < LogInteractionScreen@src/navigation/tabs/DashboardStack.tsx:42 < route:LogContact@src/navigation/tabs/DashboardStack.tsx || Pressable@431{chip} < View@426{chipRow} < View@422{field} < {renderField}@542 < Fragment@542 < View@540{form} < ⟨TouchpointRefineForm⟩ < <TouchpointRefineForm>@src/screens/LogInteractionScreen.tsx:290 < ScrollView@286{#log-interaction-screen} < View@284{root} < ⟨LogInteractionScreen⟩ < LogInteractionScreen@src/navigation/tabs/DigestStack.tsx:36 < route:LogContact@src/navigation/tabs/DigestStack.tsx || Pressable@431{chip} < View@426{chipRow} < View@422{field} < {renderField}@542 < Fragment@542 < View@540{form} < ⟨TouchpointRefineForm⟩ < <TouchpointRefineForm>@src/screens/LogInteractionScreen.tsx:290 < ScrollView@286{#log-interaction-screen} < View@284{root} < ⟨LogInteractionScreen⟩ < LogInteractionScreen@src/navigation/tabs/EventsStack.tsx:36 < route:LogContact@src/navigation/tabs/EventsStack.tsx || Pressable@431{chip} < View@426{chipRow} < View@422{field} < {renderField}@542 < Fragment@542 < View@540{form} < ⟨TouchpointRefineForm⟩ < <TouchpointRefineForm>@src/screens/LogInteractionScreen.tsx:290 < ScrollView@286{#log-interaction-screen} < View@284{root} < ⟨LogInteractionScreen⟩ < LogInteractionScreen@src/navigation/tabs/OrreryStack.tsx:60 < route:LogContact@src/navigation/tabs/OrreryStack.tsx || Pressable@431{chip} < View@426{chipRow} < View@422{field} < {renderField}@542 < Fragment@542 < View@540{form} < ⟨TouchpointRefineForm⟩ < <TouchpointRefineForm>@src/screens/LogInteractionScreen.tsx:290 < ScrollView@286{#log-interaction-screen} < View@284{root} < ⟨LogInteractionScreen⟩ < LogInteractionScreen@src/navigation/tabs/SettingsStack.tsx:242 < route:LogContact@src/navigation/tabs/SettingsStack.tsx || (+16 more chains)",backed(hand-corrected)
EditInteraction,src/components/TouchpointRefineForm.tsx:472,TouchpointRefineForm,Text,expr:colors[noneTone.label],Text ?,4.5,ESTIMATED(n/a),ESTIMATED(n/a),ESTIMATED(n/a),presentation (veil galaxy 0.02 / standard 0.05),VERIFIED(hand-read 38.5-01),"CARRIED from v2 (unchanged code, re-read 38.5-09) || HAND 38.5-01: ""None"" chip paints colors[noneTone.fill] (same durationChipTone); string: ""None""; analyzer error: false bare (computed cross-file fill key) || AST: Pressable@455{chip} < View@426{chipRow} < View@422{field} < {renderField}@542 < Fragment@542 < View@540{form} < ⟨TouchpointRefineForm⟩ < <TouchpointRefineForm>@src/screens/EditGroupEventScreen.tsx:269 < ScrollView@259 < backed:opaque View@258{bg background} || Pressable@455{chip} < View@426{chipRow} < View@422{field} < {renderField}@542 < Fragment@542 < View@540{form} < ⟨TouchpointRefineForm⟩ < <TouchpointRefineForm>@src/screens/EditInteractionScreen.tsx:181 < ScrollView@159{#edit-interaction-screen} < ⟨EditInteractionScreen⟩ < EditInteractionScreen@src/navigation/tabs/DashboardStack.tsx:55 < route:EditInteraction@src/navigation/tabs/DashboardStack.tsx || Pressable@455{chip} < View@426{chipRow} < View@422{field} < {renderField}@542 < Fragment@542 < View@540{form} < ⟨TouchpointRefineForm⟩ < <TouchpointRefineForm>@src/screens/EditInteractionScreen.tsx:181 < ScrollView@159{#edit-interaction-screen} < ⟨EditInteractionScreen⟩ < EditInteractionScreen@src/navigation/tabs/DigestStack.tsx:38 < route:EditInteraction@src/navigation/tabs/DigestStack.tsx || Pressable@455{chip} < View@426{chipRow} < View@422{field} < {renderField}@542 < Fragment@542 < View@540{form} < ⟨TouchpointRefineForm⟩ < <TouchpointRefineForm>@src/screens/EditInteractionScreen.tsx:181 < ScrollView@159{#edit-interaction-screen} < ⟨EditInteractionScreen⟩ < EditInteractionScreen@src/navigation/tabs/EventsStack.tsx:38 < route:EditInteraction@src/navigation/tabs/EventsStack.tsx || Pressable@455{chip} < View@426{chipRow} < View@422{field} < {renderField}@542 < Fragment@542 < View@540{form} < ⟨TouchpointRefineForm⟩ < <TouchpointRefineForm>@src/screens/EditInteractionScreen.tsx:181 < ScrollView@159{#edit-interaction-screen} < ⟨EditInteractionScreen⟩ < EditInteractionScreen@src/navigation/tabs/OrreryStack.tsx:69 < route:EditInteraction@src/navigation/tabs/OrreryStack.tsx || Pressable@455{chip} < View@426{chipRow} < View@422{field} < {renderField}@542 < Fragment@542 < View@540{form} < ⟨TouchpointRefineForm⟩ < <TouchpointRefineForm>@src/screens/EditInteractionScreen.tsx:181 < ScrollView@159{#edit-interaction-screen} < ⟨EditInteractionScreen⟩ < EditInteractionScreen@src/navigation/tabs/SettingsStack.tsx:256 < route:EditInteraction@src/navigation/tabs/SettingsStack.tsx || Pressable@455{chip} < View@426{chipRow} < View@422{field} < {renderField}@542 < Fragment@542 < View@540{form} < ⟨TouchpointRefineForm⟩ < <TouchpointRefineForm>@src/screens/GroupLogScreen.tsx:138 < ScrollView@109 < backed:opaque View@108{bg background} || Pressable@455{chip} < View@426{chipRow} < View@422{field} < {renderField}@542 < Fragment@542 < View@540{form} < ⟨TouchpointRefineForm⟩ < <TouchpointRefineForm>@src/screens/LogInteractionScreen.tsx:290 < ScrollView@286{#log-interaction-screen} < View@284{root} < ⟨LogInteractionScreen⟩ < LogInteractionScreen@src/navigation/tabs/DashboardStack.tsx:42 < route:LogContact@src/navigation/tabs/DashboardStack.tsx || Pressable@455{chip} < View@426{chipRow} < View@422{field} < {renderField}@542 < Fragment@542 < View@540{form} < ⟨TouchpointRefineForm⟩ < <TouchpointRefineForm>@src/screens/LogInteractionScreen.tsx:290 < ScrollView@286{#log-interaction-screen} < View@284{root} < ⟨LogInteractionScreen⟩ < LogInteractionScreen@src/navigation/tabs/DigestStack.tsx:36 < route:LogContact@src/navigation/tabs/DigestStack.tsx || Pressable@455{chip} < View@426{chipRow} < View@422{field} < {renderField}@542 < Fragment@542 < View@540{form} < ⟨TouchpointRefineForm⟩ < <TouchpointRefineForm>@src/screens/LogInteractionScreen.tsx:290 < ScrollView@286{#log-interaction-screen} < View@284{root} < ⟨LogInteractionScreen⟩ < LogInteractionScreen@src/navigation/tabs/EventsStack.tsx:36 < route:LogContact@src/navigation/tabs/EventsStack.tsx || Pressable@455{chip} < View@426{chipRow} < View@422{field} < {renderField}@542 < Fragment@542 < View@540{form} < ⟨TouchpointRefineForm⟩ < <TouchpointRefineForm>@src/screens/LogInteractionScreen.tsx:290 < ScrollView@286{#log-interaction-screen} < View@284{root} < ⟨LogInteractionScreen⟩ < LogInteractionScreen@src/navigation/tabs/OrreryStack.tsx:60 < route:LogContact@src/navigation/tabs/OrreryStack.tsx || Pressable@455{chip} < View@426{chipRow} < View@422{field} < {renderField}@542 < Fragment@542 < View@540{form} < ⟨TouchpointRefineForm⟩ < <TouchpointRefineForm>@src/screens/LogInteractionScreen.tsx:290 < ScrollView@286{#log-interaction-screen} < View@284{root} < ⟨LogInteractionScreen⟩ < LogInteractionScreen@src/navigation/tabs/SettingsStack.tsx:242 < route:LogContact@src/navigation/tabs/SettingsStack.tsx || (+16 more chains)",backed(hand-corrected)
EditInteraction,src/components/TouchpointRefineForm.tsx:498,TouchpointRefineForm,Text,textSecondary,Text 13,4.5,ESTIMATED(n/a),ESTIMATED(n/a),ESTIMATED(n/a),presentation (veil galaxy 0.02 / standard 0.05),VERIFIED(hand-read 38.5-01),"HAND 38.5-01 [multi-render-site (c)]: field View (no fill) < renderField() in View{form}; bare under EditInteraction:181 and LogContact:290, backed under EditGroupEvent:269 / GroupLog:138 (screen bg background) and ParticipantOverrideEditor (Sheet / ScrollView bg background); string: formatDurationLabel(duration); analyzer error: none (carried from v2) || AST: View@422{field} < {renderField}@542 < Fragment@542 < View@540{form} < ⟨TouchpointRefineForm⟩ < <TouchpointRefineForm>@src/screens/EditGroupEventScreen.tsx:269 < ScrollView@259 < backed:opaque View@258{bg background} || View@422{field} < {renderField}@542 < Fragment@542 < View@540{form} < ⟨TouchpointRefineForm⟩ < <TouchpointRefineForm>@src/screens/EditInteractionScreen.tsx:181 < ScrollView@159{#edit-interaction-screen} < ⟨EditInteractionScreen⟩ < EditInteractionScreen@src/navigation/tabs/DashboardStack.tsx:55 < route:EditInteraction@src/navigation/tabs/DashboardStack.tsx || View@422{field} < {renderField}@542 < Fragment@542 < View@540{form} < ⟨TouchpointRefineForm⟩ < <TouchpointRefineForm>@src/screens/EditInteractionScreen.tsx:181 < ScrollView@159{#edit-interaction-screen} < ⟨EditInteractionScreen⟩ < EditInteractionScreen@src/navigation/tabs/DigestStack.tsx:38 < route:EditInteraction@src/navigation/tabs/DigestStack.tsx || View@422{field} < {renderField}@542 < Fragment@542 < View@540{form} < ⟨TouchpointRefineForm⟩ < <TouchpointRefineForm>@src/screens/EditInteractionScreen.tsx:181 < ScrollView@159{#edit-interaction-screen} < ⟨EditInteractionScreen⟩ < EditInteractionScreen@src/navigation/tabs/EventsStack.tsx:38 < route:EditInteraction@src/navigation/tabs/EventsStack.tsx || View@422{field} < {renderField}@542 < Fragment@542 < View@540{form} < ⟨TouchpointRefineForm⟩ < <TouchpointRefineForm>@src/screens/EditInteractionScreen.tsx:181 < ScrollView@159{#edit-interaction-screen} < ⟨EditInteractionScreen⟩ < EditInteractionScreen@src/navigation/tabs/OrreryStack.tsx:69 < route:EditInteraction@src/navigation/tabs/OrreryStack.tsx || View@422{field} < {renderField}@542 < Fragment@542 < View@540{form} < ⟨TouchpointRefineForm⟩ < <TouchpointRefineForm>@src/screens/EditInteractionScreen.tsx:181 < ScrollView@159{#edit-interaction-screen} < ⟨EditInteractionScreen⟩ < EditInteractionScreen@src/navigation/tabs/SettingsStack.tsx:256 < route:EditInteraction@src/navigation/tabs/SettingsStack.tsx || View@422{field} < {renderField}@542 < Fragment@542 < View@540{form} < ⟨TouchpointRefineForm⟩ < <TouchpointRefineForm>@src/screens/GroupLogScreen.tsx:138 < ScrollView@109 < backed:opaque View@108{bg background} || View@422{field} < {renderField}@542 < Fragment@542 < View@540{form} < ⟨TouchpointRefineForm⟩ < <TouchpointRefineForm>@src/screens/LogInteractionScreen.tsx:290 < ScrollView@286{#log-interaction-screen} < View@284{root} < ⟨LogInteractionScreen⟩ < LogInteractionScreen@src/navigation/tabs/DashboardStack.tsx:42 < route:LogContact@src/navigation/tabs/DashboardStack.tsx || View@422{field} < {renderField}@542 < Fragment@542 < View@540{form} < ⟨TouchpointRefineForm⟩ < <TouchpointRefineForm>@src/screens/LogInteractionScreen.tsx:290 < ScrollView@286{#log-interaction-screen} < View@284{root} < ⟨LogInteractionScreen⟩ < LogInteractionScreen@src/navigation/tabs/DigestStack.tsx:36 < route:LogContact@src/navigation/tabs/DigestStack.tsx || View@422{field} < {renderField}@542 < Fragment@542 < View@540{form} < ⟨TouchpointRefineForm⟩ < <TouchpointRefineForm>@src/screens/LogInteractionScreen.tsx:290 < ScrollView@286{#log-interaction-screen} < View@284{root} < ⟨LogInteractionScreen⟩ < LogInteractionScreen@src/navigation/tabs/EventsStack.tsx:36 < route:LogContact@src/navigation/tabs/EventsStack.tsx || View@422{field} < {renderField}@542 < Fragment@542 < View@540{form} < ⟨TouchpointRefineForm⟩ < <TouchpointRefineForm>@src/screens/LogInteractionScreen.tsx:290 < ScrollView@286{#log-interaction-screen} < View@284{root} < ⟨LogInteractionScreen⟩ < LogInteractionScreen@src/navigation/tabs/OrreryStack.tsx:60 < route:LogContact@src/navigation/tabs/OrreryStack.tsx || View@422{field} < {renderField}@542 < Fragment@542 < View@540{form} < ⟨TouchpointRefineForm⟩ < <TouchpointRefineForm>@src/screens/LogInteractionScreen.tsx:290 < ScrollView@286{#log-interaction-screen} < View@284{root} < ⟨LogInteractionScreen⟩ < LogInteractionScreen@src/navigation/tabs/SettingsStack.tsx:242 < route:LogContact@src/navigation/tabs/SettingsStack.tsx || (+16 more chains)",mixed
EditInteraction,src/components/TouchpointRefineForm.tsx:512,TouchpointRefineForm,Text,textPrimary,"Text 13/""600""",4.5,ESTIMATED(n/a),ESTIMATED(n/a),ESTIMATED(n/a),presentation (veil galaxy 0.02 / standard 0.05),VERIFIED(hand-read 38.5-01),"HAND 38.5-01 [multi-render-site (c)]: field View (no fill) < renderField() in View{form}; bare under EditInteraction:181 and LogContact:290, backed under EditGroupEvent:269 / GroupLog:138 (screen bg background) and ParticipantOverrideEditor (Sheet / ScrollView bg background); string: ""Allow AI""; analyzer error: none (carried from v2) || AST: View@511{toggleRow} < View@510{field} < {renderField}@542 < Fragment@542 < View@540{form} < ⟨TouchpointRefineForm⟩ < <TouchpointRefineForm>@src/screens/EditGroupEventScreen.tsx:269 < ScrollView@259 < backed:opaque View@258{bg background} || View@511{toggleRow} < View@510{field} < {renderField}@542 < Fragment@542 < View@540{form} < ⟨TouchpointRefineForm⟩ < <TouchpointRefineForm>@src/screens/EditInteractionScreen.tsx:181 < ScrollView@159{#edit-interaction-screen} < ⟨EditInteractionScreen⟩ < EditInteractionScreen@src/navigation/tabs/DashboardStack.tsx:55 < route:EditInteraction@src/navigation/tabs/DashboardStack.tsx || View@511{toggleRow} < View@510{field} < {renderField}@542 < Fragment@542 < View@540{form} < ⟨TouchpointRefineForm⟩ < <TouchpointRefineForm>@src/screens/EditInteractionScreen.tsx:181 < ScrollView@159{#edit-interaction-screen} < ⟨EditInteractionScreen⟩ < EditInteractionScreen@src/navigation/tabs/DigestStack.tsx:38 < route:EditInteraction@src/navigation/tabs/DigestStack.tsx || View@511{toggleRow} < View@510{field} < {renderField}@542 < Fragment@542 < View@540{form} < ⟨TouchpointRefineForm⟩ < <TouchpointRefineForm>@src/screens/EditInteractionScreen.tsx:181 < ScrollView@159{#edit-interaction-screen} < ⟨EditInteractionScreen⟩ < EditInteractionScreen@src/navigation/tabs/EventsStack.tsx:38 < route:EditInteraction@src/navigation/tabs/EventsStack.tsx || View@511{toggleRow} < View@510{field} < {renderField}@542 < Fragment@542 < View@540{form} < ⟨TouchpointRefineForm⟩ < <TouchpointRefineForm>@src/screens/EditInteractionScreen.tsx:181 < ScrollView@159{#edit-interaction-screen} < ⟨EditInteractionScreen⟩ < EditInteractionScreen@src/navigation/tabs/OrreryStack.tsx:69 < route:EditInteraction@src/navigation/tabs/OrreryStack.tsx || View@511{toggleRow} < View@510{field} < {renderField}@542 < Fragment@542 < View@540{form} < ⟨TouchpointRefineForm⟩ < <TouchpointRefineForm>@src/screens/EditInteractionScreen.tsx:181 < ScrollView@159{#edit-interaction-screen} < ⟨EditInteractionScreen⟩ < EditInteractionScreen@src/navigation/tabs/SettingsStack.tsx:256 < route:EditInteraction@src/navigation/tabs/SettingsStack.tsx || View@511{toggleRow} < View@510{field} < {renderField}@542 < Fragment@542 < View@540{form} < ⟨TouchpointRefineForm⟩ < <TouchpointRefineForm>@src/screens/GroupLogScreen.tsx:138 < ScrollView@109 < backed:opaque View@108{bg background} || View@511{toggleRow} < View@510{field} < {renderField}@542 < Fragment@542 < View@540{form} < ⟨TouchpointRefineForm⟩ < <TouchpointRefineForm>@src/screens/LogInteractionScreen.tsx:290 < ScrollView@286{#log-interaction-screen} < View@284{root} < ⟨LogInteractionScreen⟩ < LogInteractionScreen@src/navigation/tabs/DashboardStack.tsx:42 < route:LogContact@src/navigation/tabs/DashboardStack.tsx || View@511{toggleRow} < View@510{field} < {renderField}@542 < Fragment@542 < View@540{form} < ⟨TouchpointRefineForm⟩ < <TouchpointRefineForm>@src/screens/LogInteractionScreen.tsx:290 < ScrollView@286{#log-interaction-screen} < View@284{root} < ⟨LogInteractionScreen⟩ < LogInteractionScreen@src/navigation/tabs/DigestStack.tsx:36 < route:LogContact@src/navigation/tabs/DigestStack.tsx || View@511{toggleRow} < View@510{field} < {renderField}@542 < Fragment@542 < View@540{form} < ⟨TouchpointRefineForm⟩ < <TouchpointRefineForm>@src/screens/LogInteractionScreen.tsx:290 < ScrollView@286{#log-interaction-screen} < View@284{root} < ⟨LogInteractionScreen⟩ < LogInteractionScreen@src/navigation/tabs/EventsStack.tsx:36 < route:LogContact@src/navigation/tabs/EventsStack.tsx || View@511{toggleRow} < View@510{field} < {renderField}@542 < Fragment@542 < View@540{form} < ⟨TouchpointRefineForm⟩ < <TouchpointRefineForm>@src/screens/LogInteractionScreen.tsx:290 < ScrollView@286{#log-interaction-screen} < View@284{root} < ⟨LogInteractionScreen⟩ < LogInteractionScreen@src/navigation/tabs/OrreryStack.tsx:60 < route:LogContact@src/navigation/tabs/OrreryStack.tsx || View@511{toggleRow} < View@510{field} < {renderField}@542 < Fragment@542 < View@540{form} < ⟨TouchpointRefineForm⟩ < <TouchpointRefineForm>@src/screens/LogInteractionScreen.tsx:290 < ScrollView@286{#log-interaction-screen} < View@284{root} < ⟨LogInteractionScreen⟩ < LogInteractionScreen@src/navigation/tabs/SettingsStack.tsx:242 < route:LogContact@src/navigation/tabs/SettingsStack.tsx || (+16 more chains)",mixed
EditInteraction,src/components/TouchpointRefineForm.tsx:525,TouchpointRefineForm,Text,textSecondary,Text 13,4.5,ESTIMATED(n/a),ESTIMATED(n/a),ESTIMATED(n/a),presentation (veil galaxy 0.02 / standard 0.05),VERIFIED(hand-read 38.5-01),"HAND 38.5-01 [multi-render-site (c)]: field View (no fill) < renderField() in View{form}; bare under EditInteraction:181 and LogContact:290, backed under EditGroupEvent:269 / GroupLog:138 (screen bg background) and ParticipantOverrideEditor (Sheet / ScrollView bg background); string: allowAiCaption; analyzer error: none (carried from v2) || AST: View@510{field} < {renderField}@542 < Fragment@542 < View@540{form} < ⟨TouchpointRefineForm⟩ < <TouchpointRefineForm>@src/screens/EditGroupEventScreen.tsx:269 < ScrollView@259 < backed:opaque View@258{bg background} || View@510{field} < {renderField}@542 < Fragment@542 < View@540{form} < ⟨TouchpointRefineForm⟩ < <TouchpointRefineForm>@src/screens/EditInteractionScreen.tsx:181 < ScrollView@159{#edit-interaction-screen} < ⟨EditInteractionScreen⟩ < EditInteractionScreen@src/navigation/tabs/DashboardStack.tsx:55 < route:EditInteraction@src/navigation/tabs/DashboardStack.tsx || View@510{field} < {renderField}@542 < Fragment@542 < View@540{form} < ⟨TouchpointRefineForm⟩ < <TouchpointRefineForm>@src/screens/EditInteractionScreen.tsx:181 < ScrollView@159{#edit-interaction-screen} < ⟨EditInteractionScreen⟩ < EditInteractionScreen@src/navigation/tabs/DigestStack.tsx:38 < route:EditInteraction@src/navigation/tabs/DigestStack.tsx || View@510{field} < {renderField}@542 < Fragment@542 < View@540{form} < ⟨TouchpointRefineForm⟩ < <TouchpointRefineForm>@src/screens/EditInteractionScreen.tsx:181 < ScrollView@159{#edit-interaction-screen} < ⟨EditInteractionScreen⟩ < EditInteractionScreen@src/navigation/tabs/EventsStack.tsx:38 < route:EditInteraction@src/navigation/tabs/EventsStack.tsx || View@510{field} < {renderField}@542 < Fragment@542 < View@540{form} < ⟨TouchpointRefineForm⟩ < <TouchpointRefineForm>@src/screens/EditInteractionScreen.tsx:181 < ScrollView@159{#edit-interaction-screen} < ⟨EditInteractionScreen⟩ < EditInteractionScreen@src/navigation/tabs/OrreryStack.tsx:69 < route:EditInteraction@src/navigation/tabs/OrreryStack.tsx || View@510{field} < {renderField}@542 < Fragment@542 < View@540{form} < ⟨TouchpointRefineForm⟩ < <TouchpointRefineForm>@src/screens/EditInteractionScreen.tsx:181 < ScrollView@159{#edit-interaction-screen} < ⟨EditInteractionScreen⟩ < EditInteractionScreen@src/navigation/tabs/SettingsStack.tsx:256 < route:EditInteraction@src/navigation/tabs/SettingsStack.tsx || View@510{field} < {renderField}@542 < Fragment@542 < View@540{form} < ⟨TouchpointRefineForm⟩ < <TouchpointRefineForm>@src/screens/GroupLogScreen.tsx:138 < ScrollView@109 < backed:opaque View@108{bg background} || View@510{field} < {renderField}@542 < Fragment@542 < View@540{form} < ⟨TouchpointRefineForm⟩ < <TouchpointRefineForm>@src/screens/LogInteractionScreen.tsx:290 < ScrollView@286{#log-interaction-screen} < View@284{root} < ⟨LogInteractionScreen⟩ < LogInteractionScreen@src/navigation/tabs/DashboardStack.tsx:42 < route:LogContact@src/navigation/tabs/DashboardStack.tsx || View@510{field} < {renderField}@542 < Fragment@542 < View@540{form} < ⟨TouchpointRefineForm⟩ < <TouchpointRefineForm>@src/screens/LogInteractionScreen.tsx:290 < ScrollView@286{#log-interaction-screen} < View@284{root} < ⟨LogInteractionScreen⟩ < LogInteractionScreen@src/navigation/tabs/DigestStack.tsx:36 < route:LogContact@src/navigation/tabs/DigestStack.tsx || View@510{field} < {renderField}@542 < Fragment@542 < View@540{form} < ⟨TouchpointRefineForm⟩ < <TouchpointRefineForm>@src/screens/LogInteractionScreen.tsx:290 < ScrollView@286{#log-interaction-screen} < View@284{root} < ⟨LogInteractionScreen⟩ < LogInteractionScreen@src/navigation/tabs/EventsStack.tsx:36 < route:LogContact@src/navigation/tabs/EventsStack.tsx || View@510{field} < {renderField}@542 < Fragment@542 < View@540{form} < ⟨TouchpointRefineForm⟩ < <TouchpointRefineForm>@src/screens/LogInteractionScreen.tsx:290 < ScrollView@286{#log-interaction-screen} < View@284{root} < ⟨LogInteractionScreen⟩ < LogInteractionScreen@src/navigation/tabs/OrreryStack.tsx:60 < route:LogContact@src/navigation/tabs/OrreryStack.tsx || View@510{field} < {renderField}@542 < Fragment@542 < View@540{form} < ⟨TouchpointRefineForm⟩ < <TouchpointRefineForm>@src/screens/LogInteractionScreen.tsx:290 < ScrollView@286{#log-interaction-screen} < View@284{root} < ⟨LogInteractionScreen⟩ < LogInteractionScreen@src/navigation/tabs/SettingsStack.tsx:242 < route:LogContact@src/navigation/tabs/SettingsStack.tsx || (+16 more chains)",mixed
EditInteraction,src/components/TouchpointRefineForm.tsx:557,TouchpointRefineForm,Text,accentText,"Text 15/""600""",4.5,ESTIMATED(n/a),ESTIMATED(n/a),ESTIMATED(n/a),presentation (veil galaxy 0.02 / standard 0.05),VERIFIED(hand-read 38.5-01),"HAND 38.5-01 [multi-render-site (c)]: More Options toggle Pressable{moreToggle} (no fill) < View{field} < View{form}; same render sites as the fields; string: ""More Options"" / ""Hide options""; analyzer error: none (carried from v2) || AST: Pressable@549{moreToggle} < View@548{field} < View@540{form} < ⟨TouchpointRefineForm⟩ < <TouchpointRefineForm>@src/screens/EditGroupEventScreen.tsx:269 < ScrollView@259 < backed:opaque View@258{bg background} || Pressable@549{moreToggle} < View@548{field} < View@540{form} < ⟨TouchpointRefineForm⟩ < <TouchpointRefineForm>@src/screens/EditInteractionScreen.tsx:181 < ScrollView@159{#edit-interaction-screen} < ⟨EditInteractionScreen⟩ < EditInteractionScreen@src/navigation/tabs/DashboardStack.tsx:55 < route:EditInteraction@src/navigation/tabs/DashboardStack.tsx || Pressable@549{moreToggle} < View@548{field} < View@540{form} < ⟨TouchpointRefineForm⟩ < <TouchpointRefineForm>@src/screens/EditInteractionScreen.tsx:181 < ScrollView@159{#edit-interaction-screen} < ⟨EditInteractionScreen⟩ < EditInteractionScreen@src/navigation/tabs/DigestStack.tsx:38 < route:EditInteraction@src/navigation/tabs/DigestStack.tsx || Pressable@549{moreToggle} < View@548{field} < View@540{form} < ⟨TouchpointRefineForm⟩ < <TouchpointRefineForm>@src/screens/EditInteractionScreen.tsx:181 < ScrollView@159{#edit-interaction-screen} < ⟨EditInteractionScreen⟩ < EditInteractionScreen@src/navigation/tabs/EventsStack.tsx:38 < route:EditInteraction@src/navigation/tabs/EventsStack.tsx || Pressable@549{moreToggle} < View@548{field} < View@540{form} < ⟨TouchpointRefineForm⟩ < <TouchpointRefineForm>@src/screens/EditInteractionScreen.tsx:181 < ScrollView@159{#edit-interaction-screen} < ⟨EditInteractionScreen⟩ < EditInteractionScreen@src/navigation/tabs/OrreryStack.tsx:69 < route:EditInteraction@src/navigation/tabs/OrreryStack.tsx || Pressable@549{moreToggle} < View@548{field} < View@540{form} < ⟨TouchpointRefineForm⟩ < <TouchpointRefineForm>@src/screens/EditInteractionScreen.tsx:181 < ScrollView@159{#edit-interaction-screen} < ⟨EditInteractionScreen⟩ < EditInteractionScreen@src/navigation/tabs/SettingsStack.tsx:256 < route:EditInteraction@src/navigation/tabs/SettingsStack.tsx || Pressable@549{moreToggle} < View@548{field} < View@540{form} < ⟨TouchpointRefineForm⟩ < <TouchpointRefineForm>@src/screens/GroupLogScreen.tsx:138 < ScrollView@109 < backed:opaque View@108{bg background} || Pressable@549{moreToggle} < View@548{field} < View@540{form} < ⟨TouchpointRefineForm⟩ < <TouchpointRefineForm>@src/screens/LogInteractionScreen.tsx:290 < ScrollView@286{#log-interaction-screen} < View@284{root} < ⟨LogInteractionScreen⟩ < LogInteractionScreen@src/navigation/tabs/DashboardStack.tsx:42 < route:LogContact@src/navigation/tabs/DashboardStack.tsx || Pressable@549{moreToggle} < View@548{field} < View@540{form} < ⟨TouchpointRefineForm⟩ < <TouchpointRefineForm>@src/screens/LogInteractionScreen.tsx:290 < ScrollView@286{#log-interaction-screen} < View@284{root} < ⟨LogInteractionScreen⟩ < LogInteractionScreen@src/navigation/tabs/DigestStack.tsx:36 < route:LogContact@src/navigation/tabs/DigestStack.tsx || Pressable@549{moreToggle} < View@548{field} < View@540{form} < ⟨TouchpointRefineForm⟩ < <TouchpointRefineForm>@src/screens/LogInteractionScreen.tsx:290 < ScrollView@286{#log-interaction-screen} < View@284{root} < ⟨LogInteractionScreen⟩ < LogInteractionScreen@src/navigation/tabs/EventsStack.tsx:36 < route:LogContact@src/navigation/tabs/EventsStack.tsx || Pressable@549{moreToggle} < View@548{field} < View@540{form} < ⟨TouchpointRefineForm⟩ < <TouchpointRefineForm>@src/screens/LogInteractionScreen.tsx:290 < ScrollView@286{#log-interaction-screen} < View@284{root} < ⟨LogInteractionScreen⟩ < LogInteractionScreen@src/navigation/tabs/OrreryStack.tsx:60 < route:LogContact@src/navigation/tabs/OrreryStack.tsx || Pressable@549{moreToggle} < View@548{field} < View@540{form} < ⟨TouchpointRefineForm⟩ < <TouchpointRefineForm>@src/screens/LogInteractionScreen.tsx:290 < ScrollView@286{#log-interaction-screen} < View@284{root} < ⟨LogInteractionScreen⟩ < LogInteractionScreen@src/navigation/tabs/SettingsStack.tsx:242 < route:LogContact@src/navigation/tabs/SettingsStack.tsx || (+2 more chains)",mixed
EditInteraction,src/screens/EditInteractionScreen.tsx:143,EditInteractionScreen,Text,textSecondary,Text ?,4.5,ESTIMATED(n/a),ESTIMATED(n/a),ESTIMATED(n/a),presentation (veil galaxy 0.02 / standard 0.05),VERIFIED(hand-read 38.5-01),"HAND 38.5-01 [sample(c) seed 385001]: early-return View{loading} (no fill); string: ""This interaction is no longer available.""; analyzer error: none (carried from v2) || AST: View@142{loading} < ⟨EditInteractionScreen⟩ < EditInteractionScreen@src/navigation/tabs/DashboardStack.tsx:55 < route:EditInteraction@src/navigation/tabs/DashboardStack.tsx || View@142{loading} < ⟨EditInteractionScreen⟩ < EditInteractionScreen@src/navigation/tabs/DigestStack.tsx:38 < route:EditInteraction@src/navigation/tabs/DigestStack.tsx || View@142{loading} < ⟨EditInteractionScreen⟩ < EditInteractionScreen@src/navigation/tabs/EventsStack.tsx:38 < route:EditInteraction@src/navigation/tabs/EventsStack.tsx || View@142{loading} < ⟨EditInteractionScreen⟩ < EditInteractionScreen@src/navigation/tabs/OrreryStack.tsx:69 < route:EditInteraction@src/navigation/tabs/OrreryStack.tsx || View@142{loading} < ⟨EditInteractionScreen⟩ < EditInteractionScreen@src/navigation/tabs/SettingsStack.tsx:256 < route:EditInteraction@src/navigation/tabs/SettingsStack.tsx",bare
EditInteraction,src/screens/EditInteractionScreen.tsx:153,EditInteractionScreen,Text,textSecondary,Text ?,4.5,ESTIMATED(n/a),ESTIMATED(n/a),ESTIMATED(n/a),presentation (veil galaxy 0.02 / standard 0.05),"ESTIMATED(AST-traced, not hand-read)",View@152{loading} < ⟨EditInteractionScreen⟩ < EditInteractionScreen@src/navigation/tabs/DashboardStack.tsx:55 < route:EditInteraction@src/navigation/tabs/DashboardStack.tsx || View@152{loading} < ⟨EditInteractionScreen⟩ < EditInteractionScreen@src/navigation/tabs/DigestStack.tsx:38 < route:EditInteraction@src/navigation/tabs/DigestStack.tsx || View@152{loading} < ⟨EditInteractionScreen⟩ < EditInteractionScreen@src/navigation/tabs/EventsStack.tsx:38 < route:EditInteraction@src/navigation/tabs/EventsStack.tsx || View@152{loading} < ⟨EditInteractionScreen⟩ < EditInteractionScreen@src/navigation/tabs/OrreryStack.tsx:69 < route:EditInteraction@src/navigation/tabs/OrreryStack.tsx || View@152{loading} < ⟨EditInteractionScreen⟩ < EditInteractionScreen@src/navigation/tabs/SettingsStack.tsx:256 < route:EditInteraction@src/navigation/tabs/SettingsStack.tsx,bare
EditInteraction,src/screens/EditInteractionScreen.tsx:171,EditInteractionScreen,Text,textSecondary,Text ?,4.5,ESTIMATED(n/a),ESTIMATED(n/a),ESTIMATED(n/a),presentation (veil galaxy 0.02 / standard 0.05),"ESTIMATED(AST-traced, not hand-read)",Pressable@164{backBtn} < View@163{header} < ScrollView@159{#edit-interaction-screen} < ⟨EditInteractionScreen⟩ < EditInteractionScreen@src/navigation/tabs/DashboardStack.tsx:55 < route:EditInteraction@src/navigation/tabs/DashboardStack.tsx || Pressable@164{backBtn} < View@163{header} < ScrollView@159{#edit-interaction-screen} < ⟨EditInteractionScreen⟩ < EditInteractionScreen@src/navigation/tabs/DigestStack.tsx:38 < route:EditInteraction@src/navigation/tabs/DigestStack.tsx || Pressable@164{backBtn} < View@163{header} < ScrollView@159{#edit-interaction-screen} < ⟨EditInteractionScreen⟩ < EditInteractionScreen@src/navigation/tabs/EventsStack.tsx:38 < route:EditInteraction@src/navigation/tabs/EventsStack.tsx || Pressable@164{backBtn} < View@163{header} < ScrollView@159{#edit-interaction-screen} < ⟨EditInteractionScreen⟩ < EditInteractionScreen@src/navigation/tabs/OrreryStack.tsx:69 < route:EditInteraction@src/navigation/tabs/OrreryStack.tsx || Pressable@164{backBtn} < View@163{header} < ScrollView@159{#edit-interaction-screen} < ⟨EditInteractionScreen⟩ < EditInteractionScreen@src/navigation/tabs/SettingsStack.tsx:256 < route:EditInteraction@src/navigation/tabs/SettingsStack.tsx,bare
EditInteraction,src/screens/EditInteractionScreen.tsx:173,EditInteractionScreen,Text,textPrimary,"Text 24/""700""",3.0,ESTIMATED(n/a),ESTIMATED(n/a),ESTIMATED(n/a),presentation (veil galaxy 0.02 / standard 0.05),"ESTIMATED(AST-traced, not hand-read)",View@163{header} < ScrollView@159{#edit-interaction-screen} < ⟨EditInteractionScreen⟩ < EditInteractionScreen@src/navigation/tabs/DashboardStack.tsx:55 < route:EditInteraction@src/navigation/tabs/DashboardStack.tsx || View@163{header} < ScrollView@159{#edit-interaction-screen} < ⟨EditInteractionScreen⟩ < EditInteractionScreen@src/navigation/tabs/DigestStack.tsx:38 < route:EditInteraction@src/navigation/tabs/DigestStack.tsx || View@163{header} < ScrollView@159{#edit-interaction-screen} < ⟨EditInteractionScreen⟩ < EditInteractionScreen@src/navigation/tabs/EventsStack.tsx:38 < route:EditInteraction@src/navigation/tabs/EventsStack.tsx || View@163{header} < ScrollView@159{#edit-interaction-screen} < ⟨EditInteractionScreen⟩ < EditInteractionScreen@src/navigation/tabs/OrreryStack.tsx:69 < route:EditInteraction@src/navigation/tabs/OrreryStack.tsx || View@163{header} < ScrollView@159{#edit-interaction-screen} < ⟨EditInteractionScreen⟩ < EditInteractionScreen@src/navigation/tabs/SettingsStack.tsx:256 < route:EditInteraction@src/navigation/tabs/SettingsStack.tsx,bare
EditInteraction,src/screens/EditInteractionScreen.tsx:189,EditInteractionScreen,Text,danger,"Text 13/""600""",4.5,ESTIMATED(n/a),ESTIMATED(n/a),ESTIMATED(n/a),presentation (veil galaxy 0.02 / standard 0.05),VERIFIED(hand-read 38.5-01),"HAND 38.5-01 [danger (a)]: ScrollView{content} is the return root < route EditInteraction (5 stacks); string: dynamic {saveError} from resolveSave(value, false).error; analyzer error: none (carried from v2) || AST: ScrollView@159{#edit-interaction-screen} < ⟨EditInteractionScreen⟩ < EditInteractionScreen@src/navigation/tabs/DashboardStack.tsx:55 < route:EditInteraction@src/navigation/tabs/DashboardStack.tsx || ScrollView@159{#edit-interaction-screen} < ⟨EditInteractionScreen⟩ < EditInteractionScreen@src/navigation/tabs/DigestStack.tsx:38 < route:EditInteraction@src/navigation/tabs/DigestStack.tsx || ScrollView@159{#edit-interaction-screen} < ⟨EditInteractionScreen⟩ < EditInteractionScreen@src/navigation/tabs/EventsStack.tsx:38 < route:EditInteraction@src/navigation/tabs/EventsStack.tsx || ScrollView@159{#edit-interaction-screen} < ⟨EditInteractionScreen⟩ < EditInteractionScreen@src/navigation/tabs/OrreryStack.tsx:69 < route:EditInteraction@src/navigation/tabs/OrreryStack.tsx || ScrollView@159{#edit-interaction-screen} < ⟨EditInteractionScreen⟩ < EditInteractionScreen@src/navigation/tabs/SettingsStack.tsx:256 < route:EditInteraction@src/navigation/tabs/SettingsStack.tsx",bare
EditParticipant,src/screens/EditParticipantScreen.tsx:102,EditParticipantScreen,AppText,danger,body 16/400,4.5,ESTIMATED(n/a),ESTIMATED(n/a),ESTIMATED(n/a),presentation (veil galaxy 0.02 / standard 0.05),VERIFIED(hand-read 38.5-01),"HAND 38.5-01 [danger (a)]: early-return View{loading} (no fill) < route EditParticipant (5 stacks); string: dynamic {error}: ""This participant is no longer part of the group event."" / ""Couldn't load this participant. Please go back and retry."" / ""Couldn't save this participant. Please try again.""; analyzer error: none (carried from v2) || AST: View@100{loading} < ⟨EditParticipantScreen⟩ < EditParticipantScreen@src/navigation/tabs/DashboardStack.tsx:57 < route:EditParticipant@src/navigation/tabs/DashboardStack.tsx || View@100{loading} < ⟨EditParticipantScreen⟩ < EditParticipantScreen@src/navigation/tabs/DigestStack.tsx:33 < route:EditParticipant@src/navigation/tabs/DigestStack.tsx || View@100{loading} < ⟨EditParticipantScreen⟩ < EditParticipantScreen@src/navigation/tabs/EventsStack.tsx:33 < route:EditParticipant@src/navigation/tabs/EventsStack.tsx || View@100{loading} < ⟨EditParticipantScreen⟩ < EditParticipantScreen@src/navigation/tabs/OrreryStack.tsx:75 < route:EditParticipant@src/navigation/tabs/OrreryStack.tsx || View@100{loading} < ⟨EditParticipantScreen⟩ < EditParticipantScreen@src/navigation/tabs/SettingsStack.tsx:262 < route:EditParticipant@src/navigation/tabs/SettingsStack.tsx",bare
EditParticipant,src/screens/EditParticipantScreen.tsx:106,EditParticipantScreen,ActivityIndicator,accentText,ActivityIndicator ,3.0,ESTIMATED(n/a),ESTIMATED(n/a),ESTIMATED(n/a),presentation (veil galaxy 0.02 / standard 0.05),VERIFIED(hand-read 38.5-01),HAND 38.5-01: token accent->accentText since the brief (38.4-16 d822085 / 38.4-review 6407fb1 misrole swap); loading spinner in early-return View{loading}; string: (spinner); analyzer error: none (carried from v2) || AST: View@100{loading} < ⟨EditParticipantScreen⟩ < EditParticipantScreen@src/navigation/tabs/DashboardStack.tsx:57 < route:EditParticipant@src/navigation/tabs/DashboardStack.tsx || View@100{loading} < ⟨EditParticipantScreen⟩ < EditParticipantScreen@src/navigation/tabs/DigestStack.tsx:33 < route:EditParticipant@src/navigation/tabs/DigestStack.tsx || View@100{loading} < ⟨EditParticipantScreen⟩ < EditParticipantScreen@src/navigation/tabs/EventsStack.tsx:33 < route:EditParticipant@src/navigation/tabs/EventsStack.tsx || View@100{loading} < ⟨EditParticipantScreen⟩ < EditParticipantScreen@src/navigation/tabs/OrreryStack.tsx:75 < route:EditParticipant@src/navigation/tabs/OrreryStack.tsx || View@100{loading} < ⟨EditParticipantScreen⟩ < EditParticipantScreen@src/navigation/tabs/SettingsStack.tsx:262 < route:EditParticipant@src/navigation/tabs/SettingsStack.tsx,bare
GroupEventDetail,src/screens/GroupEventDetailScreen.tsx:200,GroupEventDetailScreen,AppText,danger,body 16/400,4.5,ESTIMATED(n/a),ESTIMATED(n/a),ESTIMATED(n/a),presentation (veil galaxy 0.02 / standard 0.05),VERIFIED(hand-read 38.5-01),"HAND 38.5-01 [danger (a)]: early-return View{center} (no fill) < route GroupEventDetail (5 stacks); string: ""Couldn't load this group event.""; analyzer error: none (carried from v2) || AST: View@198{center} < ⟨GroupEventDetailScreen⟩ < GroupEventDetailScreen@src/navigation/tabs/DashboardStack.tsx:40 < route:GroupEventDetail@src/navigation/tabs/DashboardStack.tsx || View@198{center} < ⟨GroupEventDetailScreen⟩ < GroupEventDetailScreen@src/navigation/tabs/DigestStack.tsx:31 < route:GroupEventDetail@src/navigation/tabs/DigestStack.tsx || View@198{center} < ⟨GroupEventDetailScreen⟩ < GroupEventDetailScreen@src/navigation/tabs/EventsStack.tsx:29 < route:GroupEventDetail@src/navigation/tabs/EventsStack.tsx || View@198{center} < ⟨GroupEventDetailScreen⟩ < GroupEventDetailScreen@src/navigation/tabs/OrreryStack.tsx:72 < route:GroupEventDetail@src/navigation/tabs/OrreryStack.tsx || View@198{center} < ⟨GroupEventDetailScreen⟩ < GroupEventDetailScreen@src/navigation/tabs/SettingsStack.tsx:259 < route:GroupEventDetail@src/navigation/tabs/SettingsStack.tsx",bare
GroupEventDetail,src/screens/GroupEventDetailScreen.tsx:204,GroupEventDetailScreen,ActivityIndicator,accentText,ActivityIndicator ,3.0,ESTIMATED(n/a),ESTIMATED(n/a),ESTIMATED(n/a),presentation (veil galaxy 0.02 / standard 0.05),VERIFIED(hand-read 38.5-01),HAND 38.5-01: token accent->accentText since the brief (38.4-16 d822085 / 38.4-review 6407fb1 misrole swap); loading spinner in early-return View{center}; string: (spinner); analyzer error: none (carried from v2) || AST: View@198{center} < ⟨GroupEventDetailScreen⟩ < GroupEventDetailScreen@src/navigation/tabs/DashboardStack.tsx:40 < route:GroupEventDetail@src/navigation/tabs/DashboardStack.tsx || View@198{center} < ⟨GroupEventDetailScreen⟩ < GroupEventDetailScreen@src/navigation/tabs/DigestStack.tsx:31 < route:GroupEventDetail@src/navigation/tabs/DigestStack.tsx || View@198{center} < ⟨GroupEventDetailScreen⟩ < GroupEventDetailScreen@src/navigation/tabs/EventsStack.tsx:29 < route:GroupEventDetail@src/navigation/tabs/EventsStack.tsx || View@198{center} < ⟨GroupEventDetailScreen⟩ < GroupEventDetailScreen@src/navigation/tabs/OrreryStack.tsx:72 < route:GroupEventDetail@src/navigation/tabs/OrreryStack.tsx || View@198{center} < ⟨GroupEventDetailScreen⟩ < GroupEventDetailScreen@src/navigation/tabs/SettingsStack.tsx:259 < route:GroupEventDetail@src/navigation/tabs/SettingsStack.tsx,bare
Home,src/components/control-surface/DashboardControlRow.tsx:343,DashboardControlRow,Text,expr:populationLook.label,"Text 14/""600""",4.5,ESTIMATED(n/a),ESTIMATED(n/a),ESTIMATED(n/a),presentation (veil galaxy 0.02 / standard 0.05),VERIFIED(hand-read 38.5-09),"HAND 38.5-09: Population/Filters/Sort trigger label or summary; the trigger Pressable paints backgroundColor = look.fill = colors.surface whenever controlTriggerBacking(...) is ""full"", which is every combination in both states (inactive fixed full; active D-46 activeTriggerBacking ""full""); trigger-look.ts; seen full on device in all 16 (38.5-DEVICE-PASS); analyzer error: false bare (computed cross-file fill) || AST: Pressable@328{trigger} < View@327{row} < View@326{wrapper} < ⟨DashboardControlRow⟩ < <DashboardControlRow>@src/screens/HomeScreen.tsx:1855 < View@1789{root} < ⟨HomeScreen⟩ < HomeScreen@src/navigation/tabs/DashboardStack.tsx:37 < route:Home@src/navigation/tabs/DashboardStack.tsx",backed(hand-corrected)
Home,src/components/control-surface/DashboardControlRow.tsx:346,DashboardControlRow,Text,expr:populationLook.summary,"Text 14/""400""",4.5,ESTIMATED(n/a),ESTIMATED(n/a),ESTIMATED(n/a),presentation (veil galaxy 0.02 / standard 0.05),VERIFIED(hand-read 38.5-09),"HAND 38.5-09: Population/Filters/Sort trigger label or summary; the trigger Pressable paints backgroundColor = look.fill = colors.surface whenever controlTriggerBacking(...) is ""full"", which is every combination in both states (inactive fixed full; active D-46 activeTriggerBacking ""full""); trigger-look.ts; seen full on device in all 16 (38.5-DEVICE-PASS); analyzer error: false bare (computed cross-file fill) || AST: Pressable@328{trigger} < View@327{row} < View@326{wrapper} < ⟨DashboardControlRow⟩ < <DashboardControlRow>@src/screens/HomeScreen.tsx:1855 < View@1789{root} < ⟨HomeScreen⟩ < HomeScreen@src/navigation/tabs/DashboardStack.tsx:37 < route:Home@src/navigation/tabs/DashboardStack.tsx",backed(hand-corrected)
Home,src/components/control-surface/DashboardControlRow.tsx:371,DashboardControlRow,Text,expr:filtersLook.label,"Text 14/""600""",4.5,ESTIMATED(n/a),ESTIMATED(n/a),ESTIMATED(n/a),presentation (veil galaxy 0.02 / standard 0.05),VERIFIED(hand-read 38.5-09),"HAND 38.5-09: Population/Filters/Sort trigger label or summary; the trigger Pressable paints backgroundColor = look.fill = colors.surface whenever controlTriggerBacking(...) is ""full"", which is every combination in both states (inactive fixed full; active D-46 activeTriggerBacking ""full""); trigger-look.ts; seen full on device in all 16 (38.5-DEVICE-PASS); analyzer error: false bare (computed cross-file fill) || AST: Pressable@353{trigger} < View@327{row} < View@326{wrapper} < ⟨DashboardControlRow⟩ < <DashboardControlRow>@src/screens/HomeScreen.tsx:1855 < View@1789{root} < ⟨HomeScreen⟩ < HomeScreen@src/navigation/tabs/DashboardStack.tsx:37 < route:Home@src/navigation/tabs/DashboardStack.tsx",backed(hand-corrected)
Home,src/components/control-surface/DashboardControlRow.tsx:374,DashboardControlRow,Text,expr:filtersLook.summary,"Text 14/""400""",4.5,ESTIMATED(n/a),ESTIMATED(n/a),ESTIMATED(n/a),presentation (veil galaxy 0.02 / standard 0.05),VERIFIED(hand-read 38.5-09),"HAND 38.5-09: Population/Filters/Sort trigger label or summary; the trigger Pressable paints backgroundColor = look.fill = colors.surface whenever controlTriggerBacking(...) is ""full"", which is every combination in both states (inactive fixed full; active D-46 activeTriggerBacking ""full""); trigger-look.ts; seen full on device in all 16 (38.5-DEVICE-PASS); analyzer error: false bare (computed cross-file fill) || AST: Pressable@353{trigger} < View@327{row} < View@326{wrapper} < ⟨DashboardControlRow⟩ < <DashboardControlRow>@src/screens/HomeScreen.tsx:1855 < View@1789{root} < ⟨HomeScreen⟩ < HomeScreen@src/navigation/tabs/DashboardStack.tsx:37 < route:Home@src/navigation/tabs/DashboardStack.tsx",backed(hand-corrected)
Home,src/components/control-surface/DashboardControlRow.tsx:399,DashboardControlRow,Text,expr:sortLook.label,"Text 14/""600""",4.5,ESTIMATED(n/a),ESTIMATED(n/a),ESTIMATED(n/a),presentation (veil galaxy 0.02 / standard 0.05),VERIFIED(hand-read 38.5-09),"HAND 38.5-09: Population/Filters/Sort trigger label or summary; the trigger Pressable paints backgroundColor = look.fill = colors.surface whenever controlTriggerBacking(...) is ""full"", which is every combination in both states (inactive fixed full; active D-46 activeTriggerBacking ""full""); trigger-look.ts; seen full on device in all 16 (38.5-DEVICE-PASS); analyzer error: false bare (computed cross-file fill) || AST: Pressable@381{trigger} < View@327{row} < View@326{wrapper} < ⟨DashboardControlRow⟩ < <DashboardControlRow>@src/screens/HomeScreen.tsx:1855 < View@1789{root} < ⟨HomeScreen⟩ < HomeScreen@src/navigation/tabs/DashboardStack.tsx:37 < route:Home@src/navigation/tabs/DashboardStack.tsx",backed(hand-corrected)
Home,src/components/control-surface/DashboardControlRow.tsx:402,DashboardControlRow,Text,expr:sortLook.summary,"Text 14/""400""",4.5,ESTIMATED(n/a),ESTIMATED(n/a),ESTIMATED(n/a),presentation (veil galaxy 0.02 / standard 0.05),VERIFIED(hand-read 38.5-09),"HAND 38.5-09: Population/Filters/Sort trigger label or summary; the trigger Pressable paints backgroundColor = look.fill = colors.surface whenever controlTriggerBacking(...) is ""full"", which is every combination in both states (inactive fixed full; active D-46 activeTriggerBacking ""full""); trigger-look.ts; seen full on device in all 16 (38.5-DEVICE-PASS); analyzer error: false bare (computed cross-file fill) || AST: Pressable@381{trigger} < View@327{row} < View@326{wrapper} < ⟨DashboardControlRow⟩ < <DashboardControlRow>@src/screens/HomeScreen.tsx:1855 < View@1789{root} < ⟨HomeScreen⟩ < HomeScreen@src/navigation/tabs/DashboardStack.tsx:37 < route:Home@src/navigation/tabs/DashboardStack.tsx",backed(hand-corrected)
Home,src/components/control-surface/DashboardControlRow.tsx:411,DashboardControlRow,Text,danger,Text 14,4.5,ESTIMATED(n/a),ESTIMATED(n/a),ESTIMATED(n/a),presentation (veil galaxy 0.02 / standard 0.05),VERIFIED(hand-read 38.5-01),"HAND 38.5-01 [danger (a)]: View{wrapper} (no fill) < HomeScreen:1812 under View{root} (the selectionMode ternary's else branch), no backing to route Home; string: ""Couldn't save population.""; analyzer error: none (carried from v2, line moved 414->411) || AST: View@326{wrapper} < ⟨DashboardControlRow⟩ < <DashboardControlRow>@src/screens/HomeScreen.tsx:1855 < View@1789{root} < ⟨HomeScreen⟩ < HomeScreen@src/navigation/tabs/DashboardStack.tsx:37 < route:Home@src/navigation/tabs/DashboardStack.tsx",bare
Home,src/components/control-surface/DashboardControlRow.tsx:419,DashboardControlRow,Text,danger,Text 14,4.5,ESTIMATED(n/a),ESTIMATED(n/a),ESTIMATED(n/a),presentation (veil galaxy 0.02 / standard 0.05),VERIFIED(hand-read 38.5-01),"HAND 38.5-01 [danger (a)]: same chain as :414; string: ""Couldn't save filters.""; analyzer error: none (carried from v2, line moved 422->419) || AST: View@326{wrapper} < ⟨DashboardControlRow⟩ < <DashboardControlRow>@src/screens/HomeScreen.tsx:1855 < View@1789{root} < ⟨HomeScreen⟩ < HomeScreen@src/navigation/tabs/DashboardStack.tsx:37 < route:Home@src/navigation/tabs/DashboardStack.tsx",bare
Home,src/components/control-surface/DashboardControlRow.tsx:427,DashboardControlRow,Text,danger,Text 14,4.5,ESTIMATED(n/a),ESTIMATED(n/a),ESTIMATED(n/a),presentation (veil galaxy 0.02 / standard 0.05),VERIFIED(hand-read 38.5-01),"HAND 38.5-01 [danger (a)]: same chain as :414; string: ""Couldn't save sort.""; analyzer error: none (carried from v2, line moved 430->427) || AST: View@326{wrapper} < ⟨DashboardControlRow⟩ < <DashboardControlRow>@src/screens/HomeScreen.tsx:1855 < View@1789{root} < ⟨HomeScreen⟩ < HomeScreen@src/navigation/tabs/DashboardStack.tsx:37 < route:Home@src/navigation/tabs/DashboardStack.tsx",bare
Home,src/components/control-surface/FilterPanelContent.tsx:81,FilterPanelContent,Text,textPrimary,"Text 14/""600""",4.5,ESTIMATED(n/a),ESTIMATED(n/a),ESTIMATED(n/a),presentation (veil galaxy 0.02 / standard 0.05),VERIFIED(hand-read 38.5-01),"CARRIED from v2 (unchanged code, re-read 38.5-09) || HAND 38.5-01: rendered only as `content` of a dashboardPanelStore request, drawn by DashboardOverlayHost inside AnchoredPanel's GlassSurface (AnchoredPanel.tsx:141); the analyzer walked the JSX in the openFilters callback as if in place; string: filter family headings; analyzer error: false bare (store-hosted content) || AST: View@80{section} < View@78{content} < ⟨FilterPanelContent⟩ < <FilterPanelContent>@src/components/control-surface/DashboardControlRow.tsx:222 < hosted:dashboardPanelStore.getState().open.content@221(UNTRACED HOST) < {openFilters}@362 < Pressable@353{trigger}.onPress < View@327{row} < View@326{wrapper} < ⟨DashboardControlRow⟩ < <DashboardControlRow>@src/screens/HomeScreen.tsx:1855 < View@1789{root} < ⟨HomeScreen⟩ < HomeScreen@src/navigation/tabs/DashboardStack.tsx:37 < route:Home@src/navigation/tabs/DashboardStack.tsx || View@80{section} < View@78{content} < ⟨FilterPanelContent⟩ < <FilterPanelContent>@src/components/control-surface/DashboardControlRow.tsx:282 < hosted:dashboardPanelStore.getState().open.content@281(UNTRACED HOST) < ⟨DashboardControlRow⟩ < <DashboardControlRow>@src/screens/HomeScreen.tsx:1855 < View@1789{root} < ⟨HomeScreen⟩ < HomeScreen@src/navigation/tabs/DashboardStack.tsx:37 < route:Home@src/navigation/tabs/DashboardStack.tsx",backed(hand-corrected)
Home,src/components/control-surface/FilterPanelContent.tsx:147,FilterPanelContent,Text,accentText,"Text 16/""600""",4.5,ESTIMATED(n/a),ESTIMATED(n/a),ESTIMATED(n/a),presentation (veil galaxy 0.02 / standard 0.05),VERIFIED(hand-read 38.5-01),"CARRIED from v2 (unchanged code, re-read 38.5-09) || HAND 38.5-01: same host: AnchoredPanel GlassSurface; string: ""Clear filters"" (CONTROL_ACTION_LABELS.clearFilters); analyzer error: false bare (store-hosted content) || AST: Pressable@138{clear} < View@78{content} < ⟨FilterPanelContent⟩ < <FilterPanelContent>@src/components/control-surface/DashboardControlRow.tsx:222 < hosted:dashboardPanelStore.getState().open.content@221(UNTRACED HOST) < {openFilters}@362 < Pressable@353{trigger}.onPress < View@327{row} < View@326{wrapper} < ⟨DashboardControlRow⟩ < <DashboardControlRow>@src/screens/HomeScreen.tsx:1855 < View@1789{root} < ⟨HomeScreen⟩ < HomeScreen@src/navigation/tabs/DashboardStack.tsx:37 < route:Home@src/navigation/tabs/DashboardStack.tsx || Pressable@138{clear} < View@78{content} < ⟨FilterPanelContent⟩ < <FilterPanelContent>@src/components/control-surface/DashboardControlRow.tsx:282 < hosted:dashboardPanelStore.getState().open.content@281(UNTRACED HOST) < ⟨DashboardControlRow⟩ < <DashboardControlRow>@src/screens/HomeScreen.tsx:1855 < View@1789{root} < ⟨HomeScreen⟩ < HomeScreen@src/navigation/tabs/DashboardStack.tsx:37 < route:Home@src/navigation/tabs/DashboardStack.tsx",backed(hand-corrected)
Home,src/components/GridCard.tsx:60,HighlightedSnippet,Text,unset,Text ?,4.5,ESTIMATED(n/a),ESTIMATED(n/a),ESTIMATED(n/a),presentation (veil galaxy 0.02 / standard 0.05),"ESTIMATED(AST-traced, not hand-read)","see-through-entry ON THE ART in 11/16 [galaxy-light-quiet,galaxy-light-aurora,galaxy-light-starfield,galaxy-dark-quiet,galaxy-dark-aurora,galaxy-dark-starfield,standard-light-dawn,standard-light-dusk,standard-dark-dawn,standard-dark-paper,standard-dark-dusk] || ⟨HighlightedSnippet⟩ < <HighlightedSnippet>@src/components/GridCard.tsx:363 < Text@353{recency} < View@324{content} < ScopedPalette@228 < art-entry:GlassSurface@222 entry=contactsCardEntries seeThrough in 11/5 [galaxy-light-quiet,galaxy-light-aurora,galaxy-light-starfield,galaxy-dark-quiet,galaxy-dark-aurora,galaxy-dark-starfield,standard-light-dawn,standard-light-dusk,standard-dark-dawn,standard-dark-paper,standard-dark-dusk]; none in 0/5 [] < Pressable@187{card} < ⟨GridCard⟩ < <GridCard>@src/components/CardGrid.tsx:119 < FlatList@87.renderItem < ⟨CardGrid⟩ < <CardGrid>@src/screens/HomeScreen.tsx:1993 < Animated.View@1989{listRegion} < View@1930{listRegion} < View@1857{listRegion} < View@1789{root} < ⟨HomeScreen⟩ < HomeScreen@src/navigation/tabs/DashboardStack.tsx:37 < route:Home@src/navigation/tabs/DashboardStack.tsx || ⟨HighlightedSnippet⟩ < <HighlightedSnippet>@src/components/GridCard.tsx:363 < Text@353{recency} < View@324{content} < ScopedPalette@228 < backed:glass GlassSurface@222 artComponent=contactsCardEntries backed in 5/5 [galaxy-light-none,galaxy-dark-none,standard-light-paper,standard-light-none,standard-dark-none]",see-through-entry
Home,src/components/GridCard.tsx:62,HighlightedSnippet,Text,expr:color,Text ?,4.5,ESTIMATED(n/a),ESTIMATED(n/a),ESTIMATED(n/a),presentation (veil galaxy 0.02 / standard 0.05),"ESTIMATED(AST-traced, not hand-read)","see-through-entry ON THE ART in 11/16 [galaxy-light-quiet,galaxy-light-aurora,galaxy-light-starfield,galaxy-dark-quiet,galaxy-dark-aurora,galaxy-dark-starfield,standard-light-dawn,standard-light-dusk,standard-dark-dawn,standard-dark-paper,standard-dark-dusk] || Text@60 < ⟨HighlightedSnippet⟩ < <HighlightedSnippet>@src/components/GridCard.tsx:363 < Text@353{recency} < View@324{content} < ScopedPalette@228 < art-entry:GlassSurface@222 entry=contactsCardEntries seeThrough in 11/5 [galaxy-light-quiet,galaxy-light-aurora,galaxy-light-starfield,galaxy-dark-quiet,galaxy-dark-aurora,galaxy-dark-starfield,standard-light-dawn,standard-light-dusk,standard-dark-dawn,standard-dark-paper,standard-dark-dusk]; none in 0/5 [] < Pressable@187{card} < ⟨GridCard⟩ < <GridCard>@src/components/CardGrid.tsx:119 < FlatList@87.renderItem < ⟨CardGrid⟩ < <CardGrid>@src/screens/HomeScreen.tsx:1993 < Animated.View@1989{listRegion} < View@1930{listRegion} < View@1857{listRegion} < View@1789{root} < ⟨HomeScreen⟩ < HomeScreen@src/navigation/tabs/DashboardStack.tsx:37 < route:Home@src/navigation/tabs/DashboardStack.tsx || Text@60 < ⟨HighlightedSnippet⟩ < <HighlightedSnippet>@src/components/GridCard.tsx:363 < Text@353{recency} < View@324{content} < ScopedPalette@228 < backed:glass GlassSurface@222 artComponent=contactsCardEntries backed in 5/5 [galaxy-light-none,galaxy-dark-none,standard-light-paper,standard-light-none,standard-dark-none]",see-through-entry
Home,src/components/GridCard.tsx:248,GridCard,Icon,accentText|textSecondary,icon 20,3.0,ESTIMATED(n/a),ESTIMATED(n/a),ESTIMATED(n/a),presentation (veil galaxy 0.02 / standard 0.05),"ESTIMATED(AST-traced, not hand-read)","see-through-entry ON THE ART in 11/16 [galaxy-light-quiet,galaxy-light-aurora,galaxy-light-starfield,galaxy-dark-quiet,galaxy-dark-aurora,galaxy-dark-starfield,standard-light-dawn,standard-light-dusk,standard-dark-dawn,standard-dark-paper,standard-dark-dusk] || Pressable@239{selectionButton} < ScopedPalette@228 < art-entry:GlassSurface@222 entry=contactsCardEntries seeThrough in 11/5 [galaxy-light-quiet,galaxy-light-aurora,galaxy-light-starfield,galaxy-dark-quiet,galaxy-dark-aurora,galaxy-dark-starfield,standard-light-dawn,standard-light-dusk,standard-dark-dawn,standard-dark-paper,standard-dark-dusk]; none in 0/5 [] < Pressable@187{card} < ⟨GridCard⟩ < <GridCard>@src/components/CardGrid.tsx:119 < FlatList@87.renderItem < ⟨CardGrid⟩ < <CardGrid>@src/screens/HomeScreen.tsx:1993 < Animated.View@1989{listRegion} < View@1930{listRegion} < View@1857{listRegion} < View@1789{root} < ⟨HomeScreen⟩ < HomeScreen@src/navigation/tabs/DashboardStack.tsx:37 < route:Home@src/navigation/tabs/DashboardStack.tsx || Pressable@239{selectionButton} < ScopedPalette@228 < backed:glass GlassSurface@222 artComponent=contactsCardEntries backed in 5/5 [galaxy-light-none,galaxy-dark-none,standard-light-paper,standard-light-none,standard-dark-none]",see-through-entry
Home,src/components/GridCard.tsx:264,GridCard,Icon,accentText|textSecondary,icon 20,3.0,ESTIMATED(n/a),ESTIMATED(n/a),ESTIMATED(n/a),presentation (veil galaxy 0.02 / standard 0.05),"ESTIMATED(AST-traced, not hand-read)","see-through-entry ON THE ART in 11/16 [galaxy-light-quiet,galaxy-light-aurora,galaxy-light-starfield,galaxy-dark-quiet,galaxy-dark-aurora,galaxy-dark-starfield,standard-light-dawn,standard-light-dusk,standard-dark-dawn,standard-dark-paper,standard-dark-dusk] || View@258{favouriteButton} < ScopedPalette@228 < art-entry:GlassSurface@222 entry=contactsCardEntries seeThrough in 11/5 [galaxy-light-quiet,galaxy-light-aurora,galaxy-light-starfield,galaxy-dark-quiet,galaxy-dark-aurora,galaxy-dark-starfield,standard-light-dawn,standard-light-dusk,standard-dark-dawn,standard-dark-paper,standard-dark-dusk]; none in 0/5 [] < Pressable@187{card} < ⟨GridCard⟩ < <GridCard>@src/components/CardGrid.tsx:119 < FlatList@87.renderItem < ⟨CardGrid⟩ < <CardGrid>@src/screens/HomeScreen.tsx:1993 < Animated.View@1989{listRegion} < View@1930{listRegion} < View@1857{listRegion} < View@1789{root} < ⟨HomeScreen⟩ < HomeScreen@src/navigation/tabs/DashboardStack.tsx:37 < route:Home@src/navigation/tabs/DashboardStack.tsx || View@258{favouriteButton} < ScopedPalette@228 < backed:glass GlassSurface@222 artComponent=contactsCardEntries backed in 5/5 [galaxy-light-none,galaxy-dark-none,standard-light-paper,standard-light-none,standard-dark-none]",see-through-entry
Home,src/components/GridCard.tsx:283,GridCard,Icon,accentText|textSecondary,icon 20,3.0,ESTIMATED(n/a),ESTIMATED(n/a),ESTIMATED(n/a),presentation (veil galaxy 0.02 / standard 0.05),"ESTIMATED(AST-traced, not hand-read)","see-through-entry ON THE ART in 11/16 [galaxy-light-quiet,galaxy-light-aurora,galaxy-light-starfield,galaxy-dark-quiet,galaxy-dark-aurora,galaxy-dark-starfield,standard-light-dawn,standard-light-dusk,standard-dark-dawn,standard-dark-paper,standard-dark-dusk] || Pressable@272{favouriteButton} < ScopedPalette@228 < art-entry:GlassSurface@222 entry=contactsCardEntries seeThrough in 11/5 [galaxy-light-quiet,galaxy-light-aurora,galaxy-light-starfield,galaxy-dark-quiet,galaxy-dark-aurora,galaxy-dark-starfield,standard-light-dawn,standard-light-dusk,standard-dark-dawn,standard-dark-paper,standard-dark-dusk]; none in 0/5 [] < Pressable@187{card} < ⟨GridCard⟩ < <GridCard>@src/components/CardGrid.tsx:119 < FlatList@87.renderItem < ⟨CardGrid⟩ < <CardGrid>@src/screens/HomeScreen.tsx:1993 < Animated.View@1989{listRegion} < View@1930{listRegion} < View@1857{listRegion} < View@1789{root} < ⟨HomeScreen⟩ < HomeScreen@src/navigation/tabs/DashboardStack.tsx:37 < route:Home@src/navigation/tabs/DashboardStack.tsx || Pressable@272{favouriteButton} < ScopedPalette@228 < backed:glass GlassSurface@222 artComponent=contactsCardEntries backed in 5/5 [galaxy-light-none,galaxy-dark-none,standard-light-paper,standard-light-none,standard-dark-none]",see-through-entry
Home,src/components/GridCard.tsx:319,GridCard,StatusGlyph,status,icon,3.0,ESTIMATED(n/a),ESTIMATED(n/a),ESTIMATED(n/a),presentation (veil galaxy 0.02 / standard 0.05),"ESTIMATED(AST-traced, not hand-read)","see-through-entry ON THE ART in 11/16 [galaxy-light-quiet,galaxy-light-aurora,galaxy-light-starfield,galaxy-dark-quiet,galaxy-dark-aurora,galaxy-dark-starfield,standard-light-dawn,standard-light-dusk,standard-dark-dawn,standard-dark-paper,standard-dark-dusk] || View@314{statusGlyph} < View@292{avatarArea} < ScopedPalette@228 < art-entry:GlassSurface@222 entry=contactsCardEntries seeThrough in 11/5 [galaxy-light-quiet,galaxy-light-aurora,galaxy-light-starfield,galaxy-dark-quiet,galaxy-dark-aurora,galaxy-dark-starfield,standard-light-dawn,standard-light-dusk,standard-dark-dawn,standard-dark-paper,standard-dark-dusk]; none in 0/5 [] < Pressable@187{card} < ⟨GridCard⟩ < <GridCard>@src/components/CardGrid.tsx:119 < FlatList@87.renderItem < ⟨CardGrid⟩ < <CardGrid>@src/screens/HomeScreen.tsx:1993 < Animated.View@1989{listRegion} < View@1930{listRegion} < View@1857{listRegion} < View@1789{root} < ⟨HomeScreen⟩ < HomeScreen@src/navigation/tabs/DashboardStack.tsx:37 < route:Home@src/navigation/tabs/DashboardStack.tsx || View@314{statusGlyph} < View@292{avatarArea} < ScopedPalette@228 < backed:glass GlassSurface@222 artComponent=contactsCardEntries backed in 5/5 [galaxy-light-none,galaxy-dark-none,standard-light-paper,standard-light-none,standard-dark-none]",see-through-entry
Home,src/components/GridCard.tsx:325,GridCard,Text,textPrimary,Text ?,4.5,ESTIMATED(n/a),ESTIMATED(n/a),ESTIMATED(n/a),presentation (veil galaxy 0.02 / standard 0.05),"ESTIMATED(AST-traced, not hand-read)","see-through-entry ON THE ART in 11/16 [galaxy-light-quiet,galaxy-light-aurora,galaxy-light-starfield,galaxy-dark-quiet,galaxy-dark-aurora,galaxy-dark-starfield,standard-light-dawn,standard-light-dusk,standard-dark-dawn,standard-dark-paper,standard-dark-dusk] || View@324{content} < ScopedPalette@228 < art-entry:GlassSurface@222 entry=contactsCardEntries seeThrough in 11/5 [galaxy-light-quiet,galaxy-light-aurora,galaxy-light-starfield,galaxy-dark-quiet,galaxy-dark-aurora,galaxy-dark-starfield,standard-light-dawn,standard-light-dusk,standard-dark-dawn,standard-dark-paper,standard-dark-dusk]; none in 0/5 [] < Pressable@187{card} < ⟨GridCard⟩ < <GridCard>@src/components/CardGrid.tsx:119 < FlatList@87.renderItem < ⟨CardGrid⟩ < <CardGrid>@src/screens/HomeScreen.tsx:1993 < Animated.View@1989{listRegion} < View@1930{listRegion} < View@1857{listRegion} < View@1789{root} < ⟨HomeScreen⟩ < HomeScreen@src/navigation/tabs/DashboardStack.tsx:37 < route:Home@src/navigation/tabs/DashboardStack.tsx || View@324{content} < ScopedPalette@228 < backed:glass GlassSurface@222 artComponent=contactsCardEntries backed in 5/5 [galaxy-light-none,galaxy-dark-none,standard-light-paper,standard-light-none,standard-dark-none]",see-through-entry
Home,src/components/GridCard.tsx:334,GridCard,Text,textSecondary,Text ?,4.5,ESTIMATED(n/a),ESTIMATED(n/a),ESTIMATED(n/a),presentation (veil galaxy 0.02 / standard 0.05),"ESTIMATED(AST-traced, not hand-read)","see-through-entry ON THE ART in 11/16 [galaxy-light-quiet,galaxy-light-aurora,galaxy-light-starfield,galaxy-dark-quiet,galaxy-dark-aurora,galaxy-dark-starfield,standard-light-dawn,standard-light-dusk,standard-dark-dawn,standard-dark-paper,standard-dark-dusk] || View@324{content} < ScopedPalette@228 < art-entry:GlassSurface@222 entry=contactsCardEntries seeThrough in 11/5 [galaxy-light-quiet,galaxy-light-aurora,galaxy-light-starfield,galaxy-dark-quiet,galaxy-dark-aurora,galaxy-dark-starfield,standard-light-dawn,standard-light-dusk,standard-dark-dawn,standard-dark-paper,standard-dark-dusk]; none in 0/5 [] < Pressable@187{card} < ⟨GridCard⟩ < <GridCard>@src/components/CardGrid.tsx:119 < FlatList@87.renderItem < ⟨CardGrid⟩ < <CardGrid>@src/screens/HomeScreen.tsx:1993 < Animated.View@1989{listRegion} < View@1930{listRegion} < View@1857{listRegion} < View@1789{root} < ⟨HomeScreen⟩ < HomeScreen@src/navigation/tabs/DashboardStack.tsx:37 < route:Home@src/navigation/tabs/DashboardStack.tsx || View@324{content} < ScopedPalette@228 < backed:glass GlassSurface@222 artComponent=contactsCardEntries backed in 5/5 [galaxy-light-none,galaxy-dark-none,standard-light-paper,standard-light-none,standard-dark-none]",see-through-entry
Home,src/components/GridCard.tsx:343,GridCard,Text,textSecondary,Text ?,4.5,ESTIMATED(n/a),ESTIMATED(n/a),ESTIMATED(n/a),presentation (veil galaxy 0.02 / standard 0.05),"ESTIMATED(AST-traced, not hand-read)","see-through-entry ON THE ART in 11/16 [galaxy-light-quiet,galaxy-light-aurora,galaxy-light-starfield,galaxy-dark-quiet,galaxy-dark-aurora,galaxy-dark-starfield,standard-light-dawn,standard-light-dusk,standard-dark-dawn,standard-dark-paper,standard-dark-dusk] || View@324{content} < ScopedPalette@228 < art-entry:GlassSurface@222 entry=contactsCardEntries seeThrough in 11/5 [galaxy-light-quiet,galaxy-light-aurora,galaxy-light-starfield,galaxy-dark-quiet,galaxy-dark-aurora,galaxy-dark-starfield,standard-light-dawn,standard-light-dusk,standard-dark-dawn,standard-dark-paper,standard-dark-dusk]; none in 0/5 [] < Pressable@187{card} < ⟨GridCard⟩ < <GridCard>@src/components/CardGrid.tsx:119 < FlatList@87.renderItem < ⟨CardGrid⟩ < <CardGrid>@src/screens/HomeScreen.tsx:1993 < Animated.View@1989{listRegion} < View@1930{listRegion} < View@1857{listRegion} < View@1789{root} < ⟨HomeScreen⟩ < HomeScreen@src/navigation/tabs/DashboardStack.tsx:37 < route:Home@src/navigation/tabs/DashboardStack.tsx || View@324{content} < ScopedPalette@228 < backed:glass GlassSurface@222 artComponent=contactsCardEntries backed in 5/5 [galaxy-light-none,galaxy-dark-none,standard-light-paper,standard-light-none,standard-dark-none]",see-through-entry
Home,src/components/GridCard.tsx:353,GridCard,Text,textSecondary,Text ?,4.5,ESTIMATED(n/a),ESTIMATED(n/a),ESTIMATED(n/a),presentation (veil galaxy 0.02 / standard 0.05),"ESTIMATED(AST-traced, not hand-read)","see-through-entry ON THE ART in 11/16 [galaxy-light-quiet,galaxy-light-aurora,galaxy-light-starfield,galaxy-dark-quiet,galaxy-dark-aurora,galaxy-dark-starfield,standard-light-dawn,standard-light-dusk,standard-dark-dawn,standard-dark-paper,standard-dark-dusk] || View@324{content} < ScopedPalette@228 < art-entry:GlassSurface@222 entry=contactsCardEntries seeThrough in 11/5 [galaxy-light-quiet,galaxy-light-aurora,galaxy-light-starfield,galaxy-dark-quiet,galaxy-dark-aurora,galaxy-dark-starfield,standard-light-dawn,standard-light-dusk,standard-dark-dawn,standard-dark-paper,standard-dark-dusk]; none in 0/5 [] < Pressable@187{card} < ⟨GridCard⟩ < <GridCard>@src/components/CardGrid.tsx:119 < FlatList@87.renderItem < ⟨CardGrid⟩ < <CardGrid>@src/screens/HomeScreen.tsx:1993 < Animated.View@1989{listRegion} < View@1930{listRegion} < View@1857{listRegion} < View@1789{root} < ⟨HomeScreen⟩ < HomeScreen@src/navigation/tabs/DashboardStack.tsx:37 < route:Home@src/navigation/tabs/DashboardStack.tsx || View@324{content} < ScopedPalette@228 < backed:glass GlassSurface@222 artComponent=contactsCardEntries backed in 5/5 [galaxy-light-none,galaxy-dark-none,standard-light-paper,standard-light-none,standard-dark-none]",see-through-entry
Home,src/components/ListRow.tsx:113,HighlightedSnippet,Text,unset,Text ?,4.5,ESTIMATED(n/a),ESTIMATED(n/a),ESTIMATED(n/a),presentation (veil galaxy 0.02 / standard 0.05),"ESTIMATED(AST-traced, not hand-read)","see-through-entry ON THE ART in 11/16 [galaxy-light-quiet,galaxy-light-aurora,galaxy-light-starfield,galaxy-dark-quiet,galaxy-dark-aurora,galaxy-dark-starfield,standard-light-dawn,standard-light-dusk,standard-dark-dawn,standard-dark-paper,standard-dark-dusk] || ⟨HighlightedSnippet⟩ < <HighlightedSnippet>@src/components/ListRow.tsx:346 < Text@336{meta} < View@271{content} < Pressable@219{row} < ScopedPalette@211 < {row}@413 < GlassForegroundScope@413 < art-entry:⟨ListRow⟩ entry=contactsListEntries seeThrough in 11/5 [galaxy-light-quiet,galaxy-light-aurora,galaxy-light-starfield,galaxy-dark-quiet,galaxy-dark-aurora,galaxy-dark-starfield,standard-light-dawn,standard-light-dusk,standard-dark-dawn,standard-dark-paper,standard-dark-dusk]; none in 0/5 [] < ⟨ListRow⟩ < <ListRow>@src/screens/HomeScreen.tsx:400 < ReanimatedSwipeable@377 < ⟨SwipeableListRow⟩ < <SwipeableListRow>@src/screens/HomeScreen.tsx:1937 < FlatList@1933.renderItem < Animated.View@1932{listRegion} < View@1930{listRegion} < View@1857{listRegion} < View@1789{root} < ⟨HomeScreen⟩ < HomeScreen@src/navigation/tabs/DashboardStack.tsx:37 < route:Home@src/navigation/tabs/DashboardStack.tsx || ⟨HighlightedSnippet⟩ < <HighlightedSnippet>@src/components/ListRow.tsx:346 < Text@336{meta} < View@271{content} < Pressable@219{row} < ScopedPalette@211 < {row}@413 < GlassForegroundScope@413 < backed:opaque ⟨ListRow⟩ artComponent=contactsListEntries backed in 5/5 [galaxy-light-none,galaxy-dark-none,standard-light-paper,standard-light-none,standard-dark-none] || ⟨HighlightedSnippet⟩ < <HighlightedSnippet>@src/components/ListRow.tsx:346 < Text@336{meta} < View@271{content} < Pressable@219{row} < ScopedPalette@211 < {row}@415 < art-entry:⟨ListRow⟩ entry=contactsListEntries seeThrough in 11/5 [galaxy-light-quiet,galaxy-light-aurora,galaxy-light-starfield,galaxy-dark-quiet,galaxy-dark-aurora,galaxy-dark-starfield,standard-light-dawn,standard-light-dusk,standard-dark-dawn,standard-dark-paper,standard-dark-dusk]; none in 0/5 [] < ⟨ListRow⟩ < <ListRow>@src/screens/HomeScreen.tsx:400 < ReanimatedSwipeable@377 < ⟨SwipeableListRow⟩ < <SwipeableListRow>@src/screens/HomeScreen.tsx:1937 < FlatList@1933.renderItem < Animated.View@1932{listRegion} < View@1930{listRegion} < View@1857{listRegion} < View@1789{root} < ⟨HomeScreen⟩ < HomeScreen@src/navigation/tabs/DashboardStack.tsx:37 < route:Home@src/navigation/tabs/DashboardStack.tsx || ⟨HighlightedSnippet⟩ < <HighlightedSnippet>@src/components/ListRow.tsx:346 < Text@336{meta} < View@271{content} < Pressable@219{row} < ScopedPalette@211 < {row}@415 < backed:opaque ⟨ListRow⟩ artComponent=contactsListEntries backed in 5/5 [galaxy-light-none,galaxy-dark-none,standard-light-paper,standard-light-none,standard-dark-none]",see-through-entry
Home,src/components/ListRow.tsx:115,HighlightedSnippet,Text,expr:color,Text ?,4.5,ESTIMATED(n/a),ESTIMATED(n/a),ESTIMATED(n/a),presentation (veil galaxy 0.02 / standard 0.05),"ESTIMATED(AST-traced, not hand-read)","see-through-entry ON THE ART in 11/16 [galaxy-light-quiet,galaxy-light-aurora,galaxy-light-starfield,galaxy-dark-quiet,galaxy-dark-aurora,galaxy-dark-starfield,standard-light-dawn,standard-light-dusk,standard-dark-dawn,standard-dark-paper,standard-dark-dusk] || Text@113 < ⟨HighlightedSnippet⟩ < <HighlightedSnippet>@src/components/ListRow.tsx:346 < Text@336{meta} < View@271{content} < Pressable@219{row} < ScopedPalette@211 < {row}@413 < GlassForegroundScope@413 < art-entry:⟨ListRow⟩ entry=contactsListEntries seeThrough in 11/5 [galaxy-light-quiet,galaxy-light-aurora,galaxy-light-starfield,galaxy-dark-quiet,galaxy-dark-aurora,galaxy-dark-starfield,standard-light-dawn,standard-light-dusk,standard-dark-dawn,standard-dark-paper,standard-dark-dusk]; none in 0/5 [] < ⟨ListRow⟩ < <ListRow>@src/screens/HomeScreen.tsx:400 < ReanimatedSwipeable@377 < ⟨SwipeableListRow⟩ < <SwipeableListRow>@src/screens/HomeScreen.tsx:1937 < FlatList@1933.renderItem < Animated.View@1932{listRegion} < View@1930{listRegion} < View@1857{listRegion} < View@1789{root} < ⟨HomeScreen⟩ < HomeScreen@src/navigation/tabs/DashboardStack.tsx:37 < route:Home@src/navigation/tabs/DashboardStack.tsx || Text@113 < ⟨HighlightedSnippet⟩ < <HighlightedSnippet>@src/components/ListRow.tsx:346 < Text@336{meta} < View@271{content} < Pressable@219{row} < ScopedPalette@211 < {row}@413 < GlassForegroundScope@413 < backed:opaque ⟨ListRow⟩ artComponent=contactsListEntries backed in 5/5 [galaxy-light-none,galaxy-dark-none,standard-light-paper,standard-light-none,standard-dark-none] || Text@113 < ⟨HighlightedSnippet⟩ < <HighlightedSnippet>@src/components/ListRow.tsx:346 < Text@336{meta} < View@271{content} < Pressable@219{row} < ScopedPalette@211 < {row}@415 < art-entry:⟨ListRow⟩ entry=contactsListEntries seeThrough in 11/5 [galaxy-light-quiet,galaxy-light-aurora,galaxy-light-starfield,galaxy-dark-quiet,galaxy-dark-aurora,galaxy-dark-starfield,standard-light-dawn,standard-light-dusk,standard-dark-dawn,standard-dark-paper,standard-dark-dusk]; none in 0/5 [] < ⟨ListRow⟩ < <ListRow>@src/screens/HomeScreen.tsx:400 < ReanimatedSwipeable@377 < ⟨SwipeableListRow⟩ < <SwipeableListRow>@src/screens/HomeScreen.tsx:1937 < FlatList@1933.renderItem < Animated.View@1932{listRegion} < View@1930{listRegion} < View@1857{listRegion} < View@1789{root} < ⟨HomeScreen⟩ < HomeScreen@src/navigation/tabs/DashboardStack.tsx:37 < route:Home@src/navigation/tabs/DashboardStack.tsx || Text@113 < ⟨HighlightedSnippet⟩ < <HighlightedSnippet>@src/components/ListRow.tsx:346 < Text@336{meta} < View@271{content} < Pressable@219{row} < ScopedPalette@211 < {row}@415 < backed:opaque ⟨ListRow⟩ artComponent=contactsListEntries backed in 5/5 [galaxy-light-none,galaxy-dark-none,standard-light-paper,standard-light-none,standard-dark-none]",see-through-entry
Home,src/components/ListRow.tsx:272,ListRow,Text,textPrimary,Text ?,4.5,ESTIMATED(n/a),ESTIMATED(n/a),ESTIMATED(n/a),presentation (veil galaxy 0.02 / standard 0.05),"ESTIMATED(AST-traced, not hand-read)","see-through-entry ON THE ART in 11/16 [galaxy-light-quiet,galaxy-light-aurora,galaxy-light-starfield,galaxy-dark-quiet,galaxy-dark-aurora,galaxy-dark-starfield,standard-light-dawn,standard-light-dusk,standard-dark-dawn,standard-dark-paper,standard-dark-dusk] || View@271{content} < Pressable@219{row} < ScopedPalette@211 < {row}@413 < GlassForegroundScope@413 < art-entry:⟨ListRow⟩ entry=contactsListEntries seeThrough in 11/5 [galaxy-light-quiet,galaxy-light-aurora,galaxy-light-starfield,galaxy-dark-quiet,galaxy-dark-aurora,galaxy-dark-starfield,standard-light-dawn,standard-light-dusk,standard-dark-dawn,standard-dark-paper,standard-dark-dusk]; none in 0/5 [] < ⟨ListRow⟩ < <ListRow>@src/screens/HomeScreen.tsx:400 < ReanimatedSwipeable@377 < ⟨SwipeableListRow⟩ < <SwipeableListRow>@src/screens/HomeScreen.tsx:1937 < FlatList@1933.renderItem < Animated.View@1932{listRegion} < View@1930{listRegion} < View@1857{listRegion} < View@1789{root} < ⟨HomeScreen⟩ < HomeScreen@src/navigation/tabs/DashboardStack.tsx:37 < route:Home@src/navigation/tabs/DashboardStack.tsx || View@271{content} < Pressable@219{row} < ScopedPalette@211 < {row}@413 < GlassForegroundScope@413 < backed:opaque ⟨ListRow⟩ artComponent=contactsListEntries backed in 5/5 [galaxy-light-none,galaxy-dark-none,standard-light-paper,standard-light-none,standard-dark-none] || View@271{content} < Pressable@219{row} < ScopedPalette@211 < {row}@415 < art-entry:⟨ListRow⟩ entry=contactsListEntries seeThrough in 11/5 [galaxy-light-quiet,galaxy-light-aurora,galaxy-light-starfield,galaxy-dark-quiet,galaxy-dark-aurora,galaxy-dark-starfield,standard-light-dawn,standard-light-dusk,standard-dark-dawn,standard-dark-paper,standard-dark-dusk]; none in 0/5 [] < ⟨ListRow⟩ < <ListRow>@src/screens/HomeScreen.tsx:400 < ReanimatedSwipeable@377 < ⟨SwipeableListRow⟩ < <SwipeableListRow>@src/screens/HomeScreen.tsx:1937 < FlatList@1933.renderItem < Animated.View@1932{listRegion} < View@1930{listRegion} < View@1857{listRegion} < View@1789{root} < ⟨HomeScreen⟩ < HomeScreen@src/navigation/tabs/DashboardStack.tsx:37 < route:Home@src/navigation/tabs/DashboardStack.tsx || View@271{content} < Pressable@219{row} < ScopedPalette@211 < {row}@415 < backed:opaque ⟨ListRow⟩ artComponent=contactsListEntries backed in 5/5 [galaxy-light-none,galaxy-dark-none,standard-light-paper,standard-light-none,standard-dark-none]",see-through-entry
Home,src/components/ListRow.tsx:281,ListRow,Text,textSecondary,Text ?,4.5,ESTIMATED(n/a),ESTIMATED(n/a),ESTIMATED(n/a),presentation (veil galaxy 0.02 / standard 0.05),"ESTIMATED(AST-traced, not hand-read)","see-through-entry ON THE ART in 11/16 [galaxy-light-quiet,galaxy-light-aurora,galaxy-light-starfield,galaxy-dark-quiet,galaxy-dark-aurora,galaxy-dark-starfield,standard-light-dawn,standard-light-dusk,standard-dark-dawn,standard-dark-paper,standard-dark-dusk] || View@271{content} < Pressable@219{row} < ScopedPalette@211 < {row}@413 < GlassForegroundScope@413 < art-entry:⟨ListRow⟩ entry=contactsListEntries seeThrough in 11/5 [galaxy-light-quiet,galaxy-light-aurora,galaxy-light-starfield,galaxy-dark-quiet,galaxy-dark-aurora,galaxy-dark-starfield,standard-light-dawn,standard-light-dusk,standard-dark-dawn,standard-dark-paper,standard-dark-dusk]; none in 0/5 [] < ⟨ListRow⟩ < <ListRow>@src/screens/HomeScreen.tsx:400 < ReanimatedSwipeable@377 < ⟨SwipeableListRow⟩ < <SwipeableListRow>@src/screens/HomeScreen.tsx:1937 < FlatList@1933.renderItem < Animated.View@1932{listRegion} < View@1930{listRegion} < View@1857{listRegion} < View@1789{root} < ⟨HomeScreen⟩ < HomeScreen@src/navigation/tabs/DashboardStack.tsx:37 < route:Home@src/navigation/tabs/DashboardStack.tsx || View@271{content} < Pressable@219{row} < ScopedPalette@211 < {row}@413 < GlassForegroundScope@413 < backed:opaque ⟨ListRow⟩ artComponent=contactsListEntries backed in 5/5 [galaxy-light-none,galaxy-dark-none,standard-light-paper,standard-light-none,standard-dark-none] || View@271{content} < Pressable@219{row} < ScopedPalette@211 < {row}@415 < art-entry:⟨ListRow⟩ entry=contactsListEntries seeThrough in 11/5 [galaxy-light-quiet,galaxy-light-aurora,galaxy-light-starfield,galaxy-dark-quiet,galaxy-dark-aurora,galaxy-dark-starfield,standard-light-dawn,standard-light-dusk,standard-dark-dawn,standard-dark-paper,standard-dark-dusk]; none in 0/5 [] < ⟨ListRow⟩ < <ListRow>@src/screens/HomeScreen.tsx:400 < ReanimatedSwipeable@377 < ⟨SwipeableListRow⟩ < <SwipeableListRow>@src/screens/HomeScreen.tsx:1937 < FlatList@1933.renderItem < Animated.View@1932{listRegion} < View@1930{listRegion} < View@1857{listRegion} < View@1789{root} < ⟨HomeScreen⟩ < HomeScreen@src/navigation/tabs/DashboardStack.tsx:37 < route:Home@src/navigation/tabs/DashboardStack.tsx || View@271{content} < Pressable@219{row} < ScopedPalette@211 < {row}@415 < backed:opaque ⟨ListRow⟩ artComponent=contactsListEntries backed in 5/5 [galaxy-light-none,galaxy-dark-none,standard-light-paper,standard-light-none,standard-dark-none]",see-through-entry
Home,src/components/ListRow.tsx:291,ListRow,Text,textSecondary,Text ?,4.5,ESTIMATED(n/a),ESTIMATED(n/a),ESTIMATED(n/a),presentation (veil galaxy 0.02 / standard 0.05),"ESTIMATED(AST-traced, not hand-read)","see-through-entry ON THE ART in 11/16 [galaxy-light-quiet,galaxy-light-aurora,galaxy-light-starfield,galaxy-dark-quiet,galaxy-dark-aurora,galaxy-dark-starfield,standard-light-dawn,standard-light-dusk,standard-dark-dawn,standard-dark-paper,standard-dark-dusk] || View@290{metaRow} < View@271{content} < Pressable@219{row} < ScopedPalette@211 < {row}@413 < GlassForegroundScope@413 < art-entry:⟨ListRow⟩ entry=contactsListEntries seeThrough in 11/5 [galaxy-light-quiet,galaxy-light-aurora,galaxy-light-starfield,galaxy-dark-quiet,galaxy-dark-aurora,galaxy-dark-starfield,standard-light-dawn,standard-light-dusk,standard-dark-dawn,standard-dark-paper,standard-dark-dusk]; none in 0/5 [] < ⟨ListRow⟩ < <ListRow>@src/screens/HomeScreen.tsx:400 < ReanimatedSwipeable@377 < ⟨SwipeableListRow⟩ < <SwipeableListRow>@src/screens/HomeScreen.tsx:1937 < FlatList@1933.renderItem < Animated.View@1932{listRegion} < View@1930{listRegion} < View@1857{listRegion} < View@1789{root} < ⟨HomeScreen⟩ < HomeScreen@src/navigation/tabs/DashboardStack.tsx:37 < route:Home@src/navigation/tabs/DashboardStack.tsx || View@290{metaRow} < View@271{content} < Pressable@219{row} < ScopedPalette@211 < {row}@413 < GlassForegroundScope@413 < backed:opaque ⟨ListRow⟩ artComponent=contactsListEntries backed in 5/5 [galaxy-light-none,galaxy-dark-none,standard-light-paper,standard-light-none,standard-dark-none] || View@290{metaRow} < View@271{content} < Pressable@219{row} < ScopedPalette@211 < {row}@415 < art-entry:⟨ListRow⟩ entry=contactsListEntries seeThrough in 11/5 [galaxy-light-quiet,galaxy-light-aurora,galaxy-light-starfield,galaxy-dark-quiet,galaxy-dark-aurora,galaxy-dark-starfield,standard-light-dawn,standard-light-dusk,standard-dark-dawn,standard-dark-paper,standard-dark-dusk]; none in 0/5 [] < ⟨ListRow⟩ < <ListRow>@src/screens/HomeScreen.tsx:400 < ReanimatedSwipeable@377 < ⟨SwipeableListRow⟩ < <SwipeableListRow>@src/screens/HomeScreen.tsx:1937 < FlatList@1933.renderItem < Animated.View@1932{listRegion} < View@1930{listRegion} < View@1857{listRegion} < View@1789{root} < ⟨HomeScreen⟩ < HomeScreen@src/navigation/tabs/DashboardStack.tsx:37 < route:Home@src/navigation/tabs/DashboardStack.tsx || View@290{metaRow} < View@271{content} < Pressable@219{row} < ScopedPalette@211 < {row}@415 < backed:opaque ⟨ListRow⟩ artComponent=contactsListEntries backed in 5/5 [galaxy-light-none,galaxy-dark-none,standard-light-paper,standard-light-none,standard-dark-none]",see-through-entry
Home,src/components/ListRow.tsx:305,ListRow,Text,textSecondary,Text ?,4.5,ESTIMATED(n/a),ESTIMATED(n/a),ESTIMATED(n/a),presentation (veil galaxy 0.02 / standard 0.05),"ESTIMATED(AST-traced, not hand-read)","see-through-entry ON THE ART in 11/16 [galaxy-light-quiet,galaxy-light-aurora,galaxy-light-starfield,galaxy-dark-quiet,galaxy-dark-aurora,galaxy-dark-starfield,standard-light-dawn,standard-light-dusk,standard-dark-dawn,standard-dark-paper,standard-dark-dusk] || View@290{metaRow} < View@271{content} < Pressable@219{row} < ScopedPalette@211 < {row}@413 < GlassForegroundScope@413 < art-entry:⟨ListRow⟩ entry=contactsListEntries seeThrough in 11/5 [galaxy-light-quiet,galaxy-light-aurora,galaxy-light-starfield,galaxy-dark-quiet,galaxy-dark-aurora,galaxy-dark-starfield,standard-light-dawn,standard-light-dusk,standard-dark-dawn,standard-dark-paper,standard-dark-dusk]; none in 0/5 [] < ⟨ListRow⟩ < <ListRow>@src/screens/HomeScreen.tsx:400 < ReanimatedSwipeable@377 < ⟨SwipeableListRow⟩ < <SwipeableListRow>@src/screens/HomeScreen.tsx:1937 < FlatList@1933.renderItem < Animated.View@1932{listRegion} < View@1930{listRegion} < View@1857{listRegion} < View@1789{root} < ⟨HomeScreen⟩ < HomeScreen@src/navigation/tabs/DashboardStack.tsx:37 < route:Home@src/navigation/tabs/DashboardStack.tsx || View@290{metaRow} < View@271{content} < Pressable@219{row} < ScopedPalette@211 < {row}@413 < GlassForegroundScope@413 < backed:opaque ⟨ListRow⟩ artComponent=contactsListEntries backed in 5/5 [galaxy-light-none,galaxy-dark-none,standard-light-paper,standard-light-none,standard-dark-none] || View@290{metaRow} < View@271{content} < Pressable@219{row} < ScopedPalette@211 < {row}@415 < art-entry:⟨ListRow⟩ entry=contactsListEntries seeThrough in 11/5 [galaxy-light-quiet,galaxy-light-aurora,galaxy-light-starfield,galaxy-dark-quiet,galaxy-dark-aurora,galaxy-dark-starfield,standard-light-dawn,standard-light-dusk,standard-dark-dawn,standard-dark-paper,standard-dark-dusk]; none in 0/5 [] < ⟨ListRow⟩ < <ListRow>@src/screens/HomeScreen.tsx:400 < ReanimatedSwipeable@377 < ⟨SwipeableListRow⟩ < <SwipeableListRow>@src/screens/HomeScreen.tsx:1937 < FlatList@1933.renderItem < Animated.View@1932{listRegion} < View@1930{listRegion} < View@1857{listRegion} < View@1789{root} < ⟨HomeScreen⟩ < HomeScreen@src/navigation/tabs/DashboardStack.tsx:37 < route:Home@src/navigation/tabs/DashboardStack.tsx || View@290{metaRow} < View@271{content} < Pressable@219{row} < ScopedPalette@211 < {row}@415 < backed:opaque ⟨ListRow⟩ artComponent=contactsListEntries backed in 5/5 [galaxy-light-none,galaxy-dark-none,standard-light-paper,standard-light-none,standard-dark-none]",see-through-entry
Home,src/components/ListRow.tsx:336,ListRow,Text,textSecondary,Text ?,4.5,ESTIMATED(n/a),ESTIMATED(n/a),ESTIMATED(n/a),presentation (veil galaxy 0.02 / standard 0.05),"ESTIMATED(AST-traced, not hand-read)","see-through-entry ON THE ART in 11/16 [galaxy-light-quiet,galaxy-light-aurora,galaxy-light-starfield,galaxy-dark-quiet,galaxy-dark-aurora,galaxy-dark-starfield,standard-light-dawn,standard-light-dusk,standard-dark-dawn,standard-dark-paper,standard-dark-dusk] || View@271{content} < Pressable@219{row} < ScopedPalette@211 < {row}@413 < GlassForegroundScope@413 < art-entry:⟨ListRow⟩ entry=contactsListEntries seeThrough in 11/5 [galaxy-light-quiet,galaxy-light-aurora,galaxy-light-starfield,galaxy-dark-quiet,galaxy-dark-aurora,galaxy-dark-starfield,standard-light-dawn,standard-light-dusk,standard-dark-dawn,standard-dark-paper,standard-dark-dusk]; none in 0/5 [] < ⟨ListRow⟩ < <ListRow>@src/screens/HomeScreen.tsx:400 < ReanimatedSwipeable@377 < ⟨SwipeableListRow⟩ < <SwipeableListRow>@src/screens/HomeScreen.tsx:1937 < FlatList@1933.renderItem < Animated.View@1932{listRegion} < View@1930{listRegion} < View@1857{listRegion} < View@1789{root} < ⟨HomeScreen⟩ < HomeScreen@src/navigation/tabs/DashboardStack.tsx:37 < route:Home@src/navigation/tabs/DashboardStack.tsx || View@271{content} < Pressable@219{row} < ScopedPalette@211 < {row}@413 < GlassForegroundScope@413 < backed:opaque ⟨ListRow⟩ artComponent=contactsListEntries backed in 5/5 [galaxy-light-none,galaxy-dark-none,standard-light-paper,standard-light-none,standard-dark-none] || View@271{content} < Pressable@219{row} < ScopedPalette@211 < {row}@415 < art-entry:⟨ListRow⟩ entry=contactsListEntries seeThrough in 11/5 [galaxy-light-quiet,galaxy-light-aurora,galaxy-light-starfield,galaxy-dark-quiet,galaxy-dark-aurora,galaxy-dark-starfield,standard-light-dawn,standard-light-dusk,standard-dark-dawn,standard-dark-paper,standard-dark-dusk]; none in 0/5 [] < ⟨ListRow⟩ < <ListRow>@src/screens/HomeScreen.tsx:400 < ReanimatedSwipeable@377 < ⟨SwipeableListRow⟩ < <SwipeableListRow>@src/screens/HomeScreen.tsx:1937 < FlatList@1933.renderItem < Animated.View@1932{listRegion} < View@1930{listRegion} < View@1857{listRegion} < View@1789{root} < ⟨HomeScreen⟩ < HomeScreen@src/navigation/tabs/DashboardStack.tsx:37 < route:Home@src/navigation/tabs/DashboardStack.tsx || View@271{content} < Pressable@219{row} < ScopedPalette@211 < {row}@415 < backed:opaque ⟨ListRow⟩ artComponent=contactsListEntries backed in 5/5 [galaxy-light-none,galaxy-dark-none,standard-light-paper,standard-light-none,standard-dark-none]",see-through-entry
Home,src/components/ListRow.tsx:356,ListRow,Icon,textSecondary,icon 16,3.0,ESTIMATED(n/a),ESTIMATED(n/a),ESTIMATED(n/a),presentation (veil galaxy 0.02 / standard 0.05),"ESTIMATED(AST-traced, not hand-read)","see-through-entry ON THE ART in 11/16 [galaxy-light-quiet,galaxy-light-aurora,galaxy-light-starfield,galaxy-dark-quiet,galaxy-dark-aurora,galaxy-dark-starfield,standard-light-dawn,standard-light-dusk,standard-dark-dawn,standard-dark-paper,standard-dark-dusk] || View@354{line3} < View@271{content} < Pressable@219{row} < ScopedPalette@211 < {row}@413 < GlassForegroundScope@413 < art-entry:⟨ListRow⟩ entry=contactsListEntries seeThrough in 11/5 [galaxy-light-quiet,galaxy-light-aurora,galaxy-light-starfield,galaxy-dark-quiet,galaxy-dark-aurora,galaxy-dark-starfield,standard-light-dawn,standard-light-dusk,standard-dark-dawn,standard-dark-paper,standard-dark-dusk]; none in 0/5 [] < ⟨ListRow⟩ < <ListRow>@src/screens/HomeScreen.tsx:400 < ReanimatedSwipeable@377 < ⟨SwipeableListRow⟩ < <SwipeableListRow>@src/screens/HomeScreen.tsx:1937 < FlatList@1933.renderItem < Animated.View@1932{listRegion} < View@1930{listRegion} < View@1857{listRegion} < View@1789{root} < ⟨HomeScreen⟩ < HomeScreen@src/navigation/tabs/DashboardStack.tsx:37 < route:Home@src/navigation/tabs/DashboardStack.tsx || View@354{line3} < View@271{content} < Pressable@219{row} < ScopedPalette@211 < {row}@413 < GlassForegroundScope@413 < backed:opaque ⟨ListRow⟩ artComponent=contactsListEntries backed in 5/5 [galaxy-light-none,galaxy-dark-none,standard-light-paper,standard-light-none,standard-dark-none] || View@354{line3} < View@271{content} < Pressable@219{row} < ScopedPalette@211 < {row}@415 < art-entry:⟨ListRow⟩ entry=contactsListEntries seeThrough in 11/5 [galaxy-light-quiet,galaxy-light-aurora,galaxy-light-starfield,galaxy-dark-quiet,galaxy-dark-aurora,galaxy-dark-starfield,standard-light-dawn,standard-light-dusk,standard-dark-dawn,standard-dark-paper,standard-dark-dusk]; none in 0/5 [] < ⟨ListRow⟩ < <ListRow>@src/screens/HomeScreen.tsx:400 < ReanimatedSwipeable@377 < ⟨SwipeableListRow⟩ < <SwipeableListRow>@src/screens/HomeScreen.tsx:1937 < FlatList@1933.renderItem < Animated.View@1932{listRegion} < View@1930{listRegion} < View@1857{listRegion} < View@1789{root} < ⟨HomeScreen⟩ < HomeScreen@src/navigation/tabs/DashboardStack.tsx:37 < route:Home@src/navigation/tabs/DashboardStack.tsx || View@354{line3} < View@271{content} < Pressable@219{row} < ScopedPalette@211 < {row}@415 < backed:opaque ⟨ListRow⟩ artComponent=contactsListEntries backed in 5/5 [galaxy-light-none,galaxy-dark-none,standard-light-paper,standard-light-none,standard-dark-none]",see-through-entry
Home,src/components/ListRow.tsx:362,ListRow,Text,textSecondary,Text ?,4.5,ESTIMATED(n/a),ESTIMATED(n/a),ESTIMATED(n/a),presentation (veil galaxy 0.02 / standard 0.05),"ESTIMATED(AST-traced, not hand-read)","see-through-entry ON THE ART in 11/16 [galaxy-light-quiet,galaxy-light-aurora,galaxy-light-starfield,galaxy-dark-quiet,galaxy-dark-aurora,galaxy-dark-starfield,standard-light-dawn,standard-light-dusk,standard-dark-dawn,standard-dark-paper,standard-dark-dusk] || View@354{line3} < View@271{content} < Pressable@219{row} < ScopedPalette@211 < {row}@413 < GlassForegroundScope@413 < art-entry:⟨ListRow⟩ entry=contactsListEntries seeThrough in 11/5 [galaxy-light-quiet,galaxy-light-aurora,galaxy-light-starfield,galaxy-dark-quiet,galaxy-dark-aurora,galaxy-dark-starfield,standard-light-dawn,standard-light-dusk,standard-dark-dawn,standard-dark-paper,standard-dark-dusk]; none in 0/5 [] < ⟨ListRow⟩ < <ListRow>@src/screens/HomeScreen.tsx:400 < ReanimatedSwipeable@377 < ⟨SwipeableListRow⟩ < <SwipeableListRow>@src/screens/HomeScreen.tsx:1937 < FlatList@1933.renderItem < Animated.View@1932{listRegion} < View@1930{listRegion} < View@1857{listRegion} < View@1789{root} < ⟨HomeScreen⟩ < HomeScreen@src/navigation/tabs/DashboardStack.tsx:37 < route:Home@src/navigation/tabs/DashboardStack.tsx || View@354{line3} < View@271{content} < Pressable@219{row} < ScopedPalette@211 < {row}@413 < GlassForegroundScope@413 < backed:opaque ⟨ListRow⟩ artComponent=contactsListEntries backed in 5/5 [galaxy-light-none,galaxy-dark-none,standard-light-paper,standard-light-none,standard-dark-none] || View@354{line3} < View@271{content} < Pressable@219{row} < ScopedPalette@211 < {row}@415 < art-entry:⟨ListRow⟩ entry=contactsListEntries seeThrough in 11/5 [galaxy-light-quiet,galaxy-light-aurora,galaxy-light-starfield,galaxy-dark-quiet,galaxy-dark-aurora,galaxy-dark-starfield,standard-light-dawn,standard-light-dusk,standard-dark-dawn,standard-dark-paper,standard-dark-dusk]; none in 0/5 [] < ⟨ListRow⟩ < <ListRow>@src/screens/HomeScreen.tsx:400 < ReanimatedSwipeable@377 < ⟨SwipeableListRow⟩ < <SwipeableListRow>@src/screens/HomeScreen.tsx:1937 < FlatList@1933.renderItem < Animated.View@1932{listRegion} < View@1930{listRegion} < View@1857{listRegion} < View@1789{root} < ⟨HomeScreen⟩ < HomeScreen@src/navigation/tabs/DashboardStack.tsx:37 < route:Home@src/navigation/tabs/DashboardStack.tsx || View@354{line3} < View@271{content} < Pressable@219{row} < ScopedPalette@211 < {row}@415 < backed:opaque ⟨ListRow⟩ artComponent=contactsListEntries backed in 5/5 [galaxy-light-none,galaxy-dark-none,standard-light-paper,standard-light-none,standard-dark-none]",see-through-entry
Home,src/components/ListRow.tsx:389,ListRow,Icon,accentText|textSecondary,icon 20,3.0,ESTIMATED(n/a),ESTIMATED(n/a),ESTIMATED(n/a),presentation (veil galaxy 0.02 / standard 0.05),"ESTIMATED(AST-traced, not hand-read)","see-through-entry ON THE ART in 11/16 [galaxy-light-quiet,galaxy-light-aurora,galaxy-light-starfield,galaxy-dark-quiet,galaxy-dark-aurora,galaxy-dark-starfield,standard-light-dawn,standard-light-dusk,standard-dark-dawn,standard-dark-paper,standard-dark-dusk] || Pressable@378{favouriteButton} < View@377{trailing} < Pressable@219{row} < ScopedPalette@211 < {row}@413 < GlassForegroundScope@413 < art-entry:⟨ListRow⟩ entry=contactsListEntries seeThrough in 11/5 [galaxy-light-quiet,galaxy-light-aurora,galaxy-light-starfield,galaxy-dark-quiet,galaxy-dark-aurora,galaxy-dark-starfield,standard-light-dawn,standard-light-dusk,standard-dark-dawn,standard-dark-paper,standard-dark-dusk]; none in 0/5 [] < ⟨ListRow⟩ < <ListRow>@src/screens/HomeScreen.tsx:400 < ReanimatedSwipeable@377 < ⟨SwipeableListRow⟩ < <SwipeableListRow>@src/screens/HomeScreen.tsx:1937 < FlatList@1933.renderItem < Animated.View@1932{listRegion} < View@1930{listRegion} < View@1857{listRegion} < View@1789{root} < ⟨HomeScreen⟩ < HomeScreen@src/navigation/tabs/DashboardStack.tsx:37 < route:Home@src/navigation/tabs/DashboardStack.tsx || Pressable@378{favouriteButton} < View@377{trailing} < Pressable@219{row} < ScopedPalette@211 < {row}@413 < GlassForegroundScope@413 < backed:opaque ⟨ListRow⟩ artComponent=contactsListEntries backed in 5/5 [galaxy-light-none,galaxy-dark-none,standard-light-paper,standard-light-none,standard-dark-none] || Pressable@378{favouriteButton} < View@377{trailing} < Pressable@219{row} < ScopedPalette@211 < {row}@415 < art-entry:⟨ListRow⟩ entry=contactsListEntries seeThrough in 11/5 [galaxy-light-quiet,galaxy-light-aurora,galaxy-light-starfield,galaxy-dark-quiet,galaxy-dark-aurora,galaxy-dark-starfield,standard-light-dawn,standard-light-dusk,standard-dark-dawn,standard-dark-paper,standard-dark-dusk]; none in 0/5 [] < ⟨ListRow⟩ < <ListRow>@src/screens/HomeScreen.tsx:400 < ReanimatedSwipeable@377 < ⟨SwipeableListRow⟩ < <SwipeableListRow>@src/screens/HomeScreen.tsx:1937 < FlatList@1933.renderItem < Animated.View@1932{listRegion} < View@1930{listRegion} < View@1857{listRegion} < View@1789{root} < ⟨HomeScreen⟩ < HomeScreen@src/navigation/tabs/DashboardStack.tsx:37 < route:Home@src/navigation/tabs/DashboardStack.tsx || Pressable@378{favouriteButton} < View@377{trailing} < Pressable@219{row} < ScopedPalette@211 < {row}@415 < backed:opaque ⟨ListRow⟩ artComponent=contactsListEntries backed in 5/5 [galaxy-light-none,galaxy-dark-none,standard-light-paper,standard-light-none,standard-dark-none]",see-through-entry
Home,src/components/ListRow.tsx:402,ListRow,StatusGlyph,status,icon,3.0,ESTIMATED(n/a),ESTIMATED(n/a),ESTIMATED(n/a),presentation (veil galaxy 0.02 / standard 0.05),"ESTIMATED(AST-traced, not hand-read)","see-through-entry ON THE ART in 11/16 [galaxy-light-quiet,galaxy-light-aurora,galaxy-light-starfield,galaxy-dark-quiet,galaxy-dark-aurora,galaxy-dark-starfield,standard-light-dawn,standard-light-dusk,standard-dark-dawn,standard-dark-paper,standard-dark-dusk] || View@397{statusGlyph} < View@377{trailing} < Pressable@219{row} < ScopedPalette@211 < {row}@413 < GlassForegroundScope@413 < art-entry:⟨ListRow⟩ entry=contactsListEntries seeThrough in 11/5 [galaxy-light-quiet,galaxy-light-aurora,galaxy-light-starfield,galaxy-dark-quiet,galaxy-dark-aurora,galaxy-dark-starfield,standard-light-dawn,standard-light-dusk,standard-dark-dawn,standard-dark-paper,standard-dark-dusk]; none in 0/5 [] < ⟨ListRow⟩ < <ListRow>@src/screens/HomeScreen.tsx:400 < ReanimatedSwipeable@377 < ⟨SwipeableListRow⟩ < <SwipeableListRow>@src/screens/HomeScreen.tsx:1937 < FlatList@1933.renderItem < Animated.View@1932{listRegion} < View@1930{listRegion} < View@1857{listRegion} < View@1789{root} < ⟨HomeScreen⟩ < HomeScreen@src/navigation/tabs/DashboardStack.tsx:37 < route:Home@src/navigation/tabs/DashboardStack.tsx || View@397{statusGlyph} < View@377{trailing} < Pressable@219{row} < ScopedPalette@211 < {row}@413 < GlassForegroundScope@413 < backed:opaque ⟨ListRow⟩ artComponent=contactsListEntries backed in 5/5 [galaxy-light-none,galaxy-dark-none,standard-light-paper,standard-light-none,standard-dark-none] || View@397{statusGlyph} < View@377{trailing} < Pressable@219{row} < ScopedPalette@211 < {row}@415 < art-entry:⟨ListRow⟩ entry=contactsListEntries seeThrough in 11/5 [galaxy-light-quiet,galaxy-light-aurora,galaxy-light-starfield,galaxy-dark-quiet,galaxy-dark-aurora,galaxy-dark-starfield,standard-light-dawn,standard-light-dusk,standard-dark-dawn,standard-dark-paper,standard-dark-dusk]; none in 0/5 [] < ⟨ListRow⟩ < <ListRow>@src/screens/HomeScreen.tsx:400 < ReanimatedSwipeable@377 < ⟨SwipeableListRow⟩ < <SwipeableListRow>@src/screens/HomeScreen.tsx:1937 < FlatList@1933.renderItem < Animated.View@1932{listRegion} < View@1930{listRegion} < View@1857{listRegion} < View@1789{root} < ⟨HomeScreen⟩ < HomeScreen@src/navigation/tabs/DashboardStack.tsx:37 < route:Home@src/navigation/tabs/DashboardStack.tsx || View@397{statusGlyph} < View@377{trailing} < Pressable@219{row} < ScopedPalette@211 < {row}@415 < backed:opaque ⟨ListRow⟩ artComponent=contactsListEntries backed in 5/5 [galaxy-light-none,galaxy-dark-none,standard-light-paper,standard-light-none,standard-dark-none]",see-through-entry
Home,src/components/OverflowMenu.tsx:72,OverflowMenu,Text,textSecondary,"Text 24/""700""",3.0,ESTIMATED(n/a),ESTIMATED(n/a),ESTIMATED(n/a),presentation (veil galaxy 0.02 / standard 0.05),"ESTIMATED(AST-traced, not hand-read)","combination-dependent ON THE ART in 10/16 [galaxy-light-quiet,galaxy-light-aurora,galaxy-light-starfield,galaxy-light-none,standard-light-dawn,standard-light-paper,standard-light-dusk,standard-dark-dawn,standard-dark-paper,standard-dark-dusk] || Pressable@63{trigger} < ⟨OverflowMenu⟩ < <OverflowMenu>@src/components/ShellAppBar.tsx:200 < GlassForegroundScope@199 < View@187 < View@124{root} < backed:glass inside ⟨ShellAppBar⟩ || Pressable@63{trigger} < ⟨OverflowMenu⟩ < <OverflowMenu>@src/components/ShellAppBar.tsx:200 < GlassForegroundScope@199 < View@187 < View@124{root} < backed:glass inside ⟨ShellAppBar⟩ <ShellAppBar>@src/screens/HomeScreen.tsx:1795 artComponent=contactsHeader backed in 6/16 [galaxy-dark-quiet,galaxy-dark-aurora,galaxy-dark-starfield,galaxy-dark-none,standard-light-none,standard-dark-none] || Pressable@63{trigger} < ⟨OverflowMenu⟩ < <OverflowMenu>@src/components/ShellAppBar.tsx:200 < GlassForegroundScope@199 < View@187 < View@124{root} < ⟨ShellAppBar⟩ < art-none:<ShellAppBar>@src/screens/HomeScreen.tsx:1795 artComponent=contactsHeader none in 10/16 [galaxy-light-quiet,galaxy-light-aurora,galaxy-light-starfield,galaxy-light-none,standard-light-dawn,standard-light-paper,standard-light-dusk,standard-dark-dawn,standard-dark-paper,standard-dark-dusk] < View@1790 < View@1789{root} < ⟨HomeScreen⟩ < HomeScreen@src/navigation/tabs/DashboardStack.tsx:37 < route:Home@src/navigation/tabs/DashboardStack.tsx || Pressable@63{trigger} < ⟨OverflowMenu⟩ < <OverflowMenu>@src/components/ShellAppBar.tsx:205 < GlassForegroundScope@204 < View@124{root} < backed:glass inside ⟨ShellAppBar⟩ || Pressable@63{trigger} < ⟨OverflowMenu⟩ < <OverflowMenu>@src/components/ShellAppBar.tsx:205 < GlassForegroundScope@204 < View@124{root} < backed:glass inside ⟨ShellAppBar⟩ <ShellAppBar>@src/screens/HomeScreen.tsx:1795 artComponent=contactsHeader backed in 6/16 [galaxy-dark-quiet,galaxy-dark-aurora,galaxy-dark-starfield,galaxy-dark-none,standard-light-none,standard-dark-none] || Pressable@63{trigger} < ⟨OverflowMenu⟩ < <OverflowMenu>@src/components/ShellAppBar.tsx:205 < GlassForegroundScope@204 < View@124{root} < ⟨ShellAppBar⟩ < art-none:<ShellAppBar>@src/screens/HomeScreen.tsx:1795 artComponent=contactsHeader none in 10/16 [galaxy-light-quiet,galaxy-light-aurora,galaxy-light-starfield,galaxy-light-none,standard-light-dawn,standard-light-paper,standard-light-dusk,standard-dark-dawn,standard-dark-paper,standard-dark-dusk] < View@1790 < View@1789{root} < ⟨HomeScreen⟩ < HomeScreen@src/navigation/tabs/DashboardStack.tsx:37 < route:Home@src/navigation/tabs/DashboardStack.tsx || Pressable@63{trigger} < ⟨OverflowMenu⟩ < <OverflowMenu>@src/components/ShellAppBar.tsx:208 < View@124{root} < backed:glass inside ⟨ShellAppBar⟩ || Pressable@63{trigger} < ⟨OverflowMenu⟩ < <OverflowMenu>@src/components/ShellAppBar.tsx:208 < View@124{root} < backed:glass inside ⟨ShellAppBar⟩ <ShellAppBar>@src/screens/HomeScreen.tsx:1795 artComponent=contactsHeader backed in 6/16 [galaxy-dark-quiet,galaxy-dark-aurora,galaxy-dark-starfield,galaxy-dark-none,standard-light-none,standard-dark-none] || Pressable@63{trigger} < ⟨OverflowMenu⟩ < <OverflowMenu>@src/components/ShellAppBar.tsx:208 < View@124{root} < ⟨ShellAppBar⟩ < art-none:<ShellAppBar>@src/screens/HomeScreen.tsx:1795 artComponent=contactsHeader none in 10/16 [galaxy-light-quiet,galaxy-light-aurora,galaxy-light-starfield,galaxy-light-none,standard-light-dawn,standard-light-paper,standard-light-dusk,standard-dark-dawn,standard-dark-paper,standard-dark-dusk] < View@1790 < View@1789{root} < ⟨HomeScreen⟩ < HomeScreen@src/navigation/tabs/DashboardStack.tsx:37 < route:Home@src/navigation/tabs/DashboardStack.tsx || Pressable@63{trigger} < ⟨OverflowMenu⟩ < <OverflowMenu>@src/components/group/ParticipantCard.tsx:75 < backed:opaque Pressable@51{bg surface} || Pressable@63{trigger} < ⟨OverflowMenu⟩ < <OverflowMenu>@src/components/history/InteractionDetail.tsx:160 < View@152{header} < backed:opaque Sheet@151",combination-dependent
Home,src/components/ShellAppBar.tsx:159,ShellAppBar,Text,textPrimary,"Text 20/""700""",3.0,ESTIMATED(n/a),ESTIMATED(n/a),ESTIMATED(n/a),presentation (veil galaxy 0.02 / standard 0.05),"ESTIMATED(AST-traced, not hand-read)","combination-dependent ON THE ART in 10/16 [galaxy-light-quiet,galaxy-light-aurora,galaxy-light-starfield,galaxy-light-none,standard-light-dawn,standard-light-paper,standard-light-dusk,standard-dark-dawn,standard-dark-paper,standard-dark-dusk] || View@124{root} < backed:glass inside ⟨ShellAppBar⟩ || View@124{root} < backed:glass inside ⟨ShellAppBar⟩ <ShellAppBar>@src/screens/DigestScreen.tsx:239 artComponent=digestHeader backed in 6/16 [galaxy-dark-quiet,galaxy-dark-aurora,galaxy-dark-starfield,galaxy-dark-none,standard-light-none,standard-dark-none] || View@124{root} < ⟨ShellAppBar⟩ < art-none:<ShellAppBar>@src/screens/DigestScreen.tsx:239 artComponent=digestHeader none in 10/16 [galaxy-light-quiet,galaxy-light-aurora,galaxy-light-starfield,galaxy-light-none,standard-light-dawn,standard-light-paper,standard-light-dusk,standard-dark-dawn,standard-dark-paper,standard-dark-dusk] < View@236{root} < ⟨DigestContent⟩ < <DigestContent>@src/screens/DigestScreen.tsx:210 < ⟨DigestScreen⟩ < DigestScreen@src/navigation/tabs/DigestStack.tsx:28 < route:Digest@src/navigation/tabs/DigestStack.tsx || View@124{root} < backed:glass inside ⟨ShellAppBar⟩ <ShellAppBar>@src/screens/HomeScreen.tsx:1795 artComponent=contactsHeader backed in 6/16 [galaxy-dark-quiet,galaxy-dark-aurora,galaxy-dark-starfield,galaxy-dark-none,standard-light-none,standard-dark-none] || View@124{root} < ⟨ShellAppBar⟩ < art-none:<ShellAppBar>@src/screens/HomeScreen.tsx:1795 artComponent=contactsHeader none in 10/16 [galaxy-light-quiet,galaxy-light-aurora,galaxy-light-starfield,galaxy-light-none,standard-light-dawn,standard-light-paper,standard-light-dusk,standard-dark-dawn,standard-dark-paper,standard-dark-dusk] < View@1790 < View@1789{root} < ⟨HomeScreen⟩ < HomeScreen@src/navigation/tabs/DashboardStack.tsx:37 < route:Home@src/navigation/tabs/DashboardStack.tsx",combination-dependent
Home,src/screens/HomeScreen.tsx:1668,HomeScreen,Text,textSecondary,"Text 13/""600""",4.5,ESTIMATED(n/a),ESTIMATED(n/a),ESTIMATED(n/a),presentation (veil galaxy 0.02 / standard 0.05),"ESTIMATED(AST-traced, not hand-read)","combination-dependent ON THE ART in 7/16 [galaxy-light-quiet,galaxy-light-aurora,galaxy-light-starfield,galaxy-light-none,standard-light-dawn,standard-light-paper,standard-light-dusk] || ScopedPalette@1666 < art-none:ChromeScrim@1661 artComponent=contactsCountLabel none in 7/16 [galaxy-light-quiet,galaxy-light-aurora,galaxy-light-starfield,galaxy-light-none,standard-light-dawn,standard-light-paper,standard-light-dusk] < View@1659{header} < {listHeader}@1970 < FlatList@1933.ListHeaderComponent < Animated.View@1932{listRegion} < View@1930{listRegion} < View@1857{listRegion} < View@1789{root} < ⟨HomeScreen⟩ < HomeScreen@src/navigation/tabs/DashboardStack.tsx:37 < route:Home@src/navigation/tabs/DashboardStack.tsx || ScopedPalette@1666 < art-none:ChromeScrim@1661 artComponent=contactsCountLabel none in 7/16 [galaxy-light-quiet,galaxy-light-aurora,galaxy-light-starfield,galaxy-light-none,standard-light-dawn,standard-light-paper,standard-light-dusk] < View@1659{header} < {listHeader}@2015 < CardGrid@1993.listHeader < Animated.View@1989{listRegion} < View@1930{listRegion} < View@1857{listRegion} < View@1789{root} < ⟨HomeScreen⟩ < HomeScreen@src/navigation/tabs/DashboardStack.tsx:37 < route:Home@src/navigation/tabs/DashboardStack.tsx || ScopedPalette@1666 < backed:glass ChromeScrim@1661 artComponent=contactsCountLabel backed in 9/16 [galaxy-dark-quiet,galaxy-dark-aurora,galaxy-dark-starfield,galaxy-dark-none,standard-light-none,standard-dark-dawn,standard-dark-paper,standard-dark-dusk,standard-dark-none]",combination-dependent
Home,src/screens/HomeScreen.tsx:1874,HomeScreen,Icon,textSecondary,icon 20,3.0,ESTIMATED(n/a),ESTIMATED(n/a),ESTIMATED(n/a),presentation (veil galaxy 0.02 / standard 0.05),VERIFIED(hand-read 38.5-01),"HAND 38.5-01 [sample(c) seed 385001]: search Icon tone=""textSecondary"" < Pressable{searchToggle} (no fill) < View{searchRow} < View{listRegion} < View{root}; string: search glyph; analyzer error: none (carried from v2, line moved 1831->1874) || AST: Pressable@1865{searchToggle} < View@1864{searchRow} < View@1857{listRegion} < View@1789{root} < ⟨HomeScreen⟩ < HomeScreen@src/navigation/tabs/DashboardStack.tsx:37 < route:Home@src/navigation/tabs/DashboardStack.tsx",bare
Home,src/screens/HomeScreen.tsx:1906,HomeScreen,Text,textSecondary,"Text 14/""600""",4.5,ESTIMATED(n/a),ESTIMATED(n/a),ESTIMATED(n/a),presentation (veil galaxy 0.02 / standard 0.05),"ESTIMATED(AST-traced, not hand-read)",Pressable@1899{searchClear} < Animated.View@1882{searchInputWrap} < View@1864{searchRow} < View@1857{listRegion} < View@1789{root} < ⟨HomeScreen⟩ < HomeScreen@src/navigation/tabs/DashboardStack.tsx:37 < route:Home@src/navigation/tabs/DashboardStack.tsx,bare
ImportComplete,src/screens/ImportCompleteScreen.tsx:199,ImportCompleteScreen,Text,textSecondary,Text 15,4.5,ESTIMATED(n/a),ESTIMATED(n/a),ESTIMATED(n/a),dense (veil galaxy 0.22 / standard 0.3),"ESTIMATED(AST-traced, not hand-read)",View@198{root} < ⟨ImportCompleteScreen⟩ < ImportCompleteScreen@src/navigation/tabs/SettingsStack.tsx:272 < route:ImportComplete@src/navigation/tabs/SettingsStack.tsx,bare
ImportComplete,src/screens/ImportCompleteScreen.tsx:209,ImportCompleteScreen,Text,textPrimary,"Text 24/""700""",3.0,ESTIMATED(n/a),ESTIMATED(n/a),ESTIMATED(n/a),dense (veil galaxy 0.22 / standard 0.3),"ESTIMATED(AST-traced, not hand-read)",View@208{root} < ⟨ImportCompleteScreen⟩ < ImportCompleteScreen@src/navigation/tabs/SettingsStack.tsx:272 < route:ImportComplete@src/navigation/tabs/SettingsStack.tsx,bare
ImportComplete,src/screens/ImportCompleteScreen.tsx:212,ImportCompleteScreen,Text,textSecondary,Text 15,4.5,ESTIMATED(n/a),ESTIMATED(n/a),ESTIMATED(n/a),dense (veil galaxy 0.22 / standard 0.3),"ESTIMATED(AST-traced, not hand-read)",View@208{root} < ⟨ImportCompleteScreen⟩ < ImportCompleteScreen@src/navigation/tabs/SettingsStack.tsx:272 < route:ImportComplete@src/navigation/tabs/SettingsStack.tsx,bare
ImportComplete,src/screens/ImportCompleteScreen.tsx:248,ImportCompleteScreen,Text,textPrimary,"Text 24/""700""",3.0,ESTIMATED(n/a),ESTIMATED(n/a),ESTIMATED(n/a),dense (veil galaxy 0.22 / standard 0.3),"ESTIMATED(AST-traced, not hand-read)",ScrollView@244{scroll} < View@243{root} < ⟨ImportCompleteScreen⟩ < ImportCompleteScreen@src/navigation/tabs/SettingsStack.tsx:272 < route:ImportComplete@src/navigation/tabs/SettingsStack.tsx,bare
ImportComplete,src/screens/ImportCompleteScreen.tsx:337,ImportCompleteScreen,Text,danger,Text 15,4.5,ESTIMATED(n/a),ESTIMATED(n/a),ESTIMATED(n/a),dense (veil galaxy 0.22 / standard 0.3),VERIFIED(hand-read 38.5-01),HAND 38.5-01 [danger (a)]: ScrollView{scroll} < View{root} (padding only) < route ImportComplete; drifted from :322; string: dynamic {actionNotice}: the failing action's failureNotice string; analyzer error: none (carried from v2) || AST: ScrollView@244{scroll} < View@243{root} < ⟨ImportCompleteScreen⟩ < ImportCompleteScreen@src/navigation/tabs/SettingsStack.tsx:272 < route:ImportComplete@src/navigation/tabs/SettingsStack.tsx,bare
ImportComplete,src/screens/ImportCompleteScreen.tsx:348,ImportCompleteScreen,Text,textSecondary,Text 15,4.5,ESTIMATED(n/a),ESTIMATED(n/a),ESTIMATED(n/a),dense (veil galaxy 0.22 / standard 0.3),VERIFIED(hand-read 38.5-01),HAND 38.5-01 [sample(c) seed 385001]: View{retryBlock} < ScrollView < View{root}; string: dynamic retryState.message; analyzer error: none (carried from v2) || AST: View@347{retryBlock} < ScrollView@244{scroll} < View@243{root} < ⟨ImportCompleteScreen⟩ < ImportCompleteScreen@src/navigation/tabs/SettingsStack.tsx:272 < route:ImportComplete@src/navigation/tabs/SettingsStack.tsx,bare
ImportComplete,src/screens/ImportCompleteScreen.tsx:359,ImportCompleteScreen,Text,accentText,Text ?,4.5,ESTIMATED(n/a),ESTIMATED(n/a),ESTIMATED(n/a),dense (veil galaxy 0.22 / standard 0.3),VERIFIED(hand-read 38.5-01),HAND 38.5-01: token accent->accentText since the brief (38.4-16 d822085 / 38.4-review 6407fb1 misrole swap); retry Pressable{secondaryButton} border only < View{retryBlock} < ScrollView < View{root}; string: retry label; analyzer error: none (carried from v2) || AST: Pressable@351{secondaryButton} < View@347{retryBlock} < ScrollView@244{scroll} < View@243{root} < ⟨ImportCompleteScreen⟩ < ImportCompleteScreen@src/navigation/tabs/SettingsStack.tsx:272 < route:ImportComplete@src/navigation/tabs/SettingsStack.tsx,bare
ImportComplete,src/screens/ImportCompleteScreen.tsx:372,ImportCompleteScreen,Text,textPrimary,Text ?,4.5,ESTIMATED(n/a),ESTIMATED(n/a),ESTIMATED(n/a),dense (veil galaxy 0.22 / standard 0.3),"ESTIMATED(AST-traced, not hand-read)",Pressable@364{secondaryButton} < View@347{retryBlock} < ScrollView@244{scroll} < View@243{root} < ⟨ImportCompleteScreen⟩ < ImportCompleteScreen@src/navigation/tabs/SettingsStack.tsx:272 < route:ImportComplete@src/navigation/tabs/SettingsStack.tsx,bare
ImportProgress,src/screens/ImportProgressScreen.tsx:138,ImportProgressScreen,Text,textPrimary,"Text 22/""700""",3.0,ESTIMATED(n/a),ESTIMATED(n/a),ESTIMATED(n/a),dense (veil galaxy 0.22 / standard 0.3),"ESTIMATED(AST-traced, not hand-read)",View@137{root} < ⟨ImportProgressScreen⟩ < ImportProgressScreen@src/navigation/tabs/SettingsStack.tsx:270 < route:ImportProgress@src/navigation/tabs/SettingsStack.tsx,bare
ImportProgress,src/screens/ImportProgressScreen.tsx:144,ImportProgressScreen,Text,textSecondary,Text 14,4.5,ESTIMATED(n/a),ESTIMATED(n/a),ESTIMATED(n/a),dense (veil galaxy 0.22 / standard 0.3),"ESTIMATED(AST-traced, not hand-read)",View@137{root} < ⟨ImportProgressScreen⟩ < ImportProgressScreen@src/navigation/tabs/SettingsStack.tsx:270 < route:ImportProgress@src/navigation/tabs/SettingsStack.tsx,bare
ImportProgress,src/screens/ImportProgressScreen.tsx:182,ImportProgressScreen,Text,textPrimary,"Text 22/""700""",3.0,ESTIMATED(n/a),ESTIMATED(n/a),ESTIMATED(n/a),dense (veil galaxy 0.22 / standard 0.3),VERIFIED(hand-read 38.5-01),HAND 38.5-01 [sample(c) seed 385001]: title < View{root} (return root); string: import progress title; analyzer error: none (carried from v2) || AST: View@181{root} < ⟨ImportProgressScreen⟩ < ImportProgressScreen@src/navigation/tabs/SettingsStack.tsx:270 < route:ImportProgress@src/navigation/tabs/SettingsStack.tsx,bare
ImportProgress,src/screens/ImportProgressScreen.tsx:196,ImportProgressScreen,Text,textSecondary,Text 14,4.5,ESTIMATED(n/a),ESTIMATED(n/a),ESTIMATED(n/a),dense (veil galaxy 0.22 / standard 0.3),"ESTIMATED(AST-traced, not hand-read)",View@181{root} < ⟨ImportProgressScreen⟩ < ImportProgressScreen@src/navigation/tabs/SettingsStack.tsx:270 < route:ImportProgress@src/navigation/tabs/SettingsStack.tsx,bare
ImportProgress,src/screens/ImportProgressScreen.tsx:200,ImportProgressScreen,Text,textPrimary,Text 14,4.5,ESTIMATED(n/a),ESTIMATED(n/a),ESTIMATED(n/a),dense (veil galaxy 0.22 / standard 0.3),VERIFIED(hand-read 38.5-01),HAND 38.5-01: View{root} (padding only) is the return root < route ImportProgress; row NEW vs brief (back-notice added after 738ae12); string: IMPORT_PROGRESS_BACK_NOTICE; analyzer error: none (carried from v2) || AST: View@181{root} < ⟨ImportProgressScreen⟩ < ImportProgressScreen@src/navigation/tabs/SettingsStack.tsx:270 < route:ImportProgress@src/navigation/tabs/SettingsStack.tsx,bare
ImportReview,src/components/ContactMethodsEditor.tsx:64,ContactMethodsEditor,Text,textPrimary,"Text 16/""600""",4.5,ESTIMATED(n/a),ESTIMATED(n/a),ESTIMATED(n/a),dense (veil galaxy 0.22 / standard 0.3),VERIFIED(hand-read 38.5-01),"HAND 38.5-01 [multi-render-site (c)]: View{group} (no fill) < View{container}; bare under ImportReview:549 (View{field} < ScrollView) and UpdateContact:595 (EditorFrame), backed under Create:613 / Edit:1498 (AccordionSection surface); string: group heading; analyzer error: none (carried from v2) || AST: View@63{group} < {group}@203 < View@202{container} < ⟨ContactMethodsEditor⟩ < <ContactMethodsEditor>@src/screens/CreateContactScreen.tsx:613 < backed:opaque AccordionSection@606 via AccordionSection.children || View@63{group} < {group}@203 < View@202{container} < ⟨ContactMethodsEditor⟩ < <ContactMethodsEditor>@src/screens/EditContactScreen.tsx:1498 < backed:opaque AccordionSection@1491 via AccordionSection.children || View@63{group} < {group}@203 < View@202{container} < ⟨ContactMethodsEditor⟩ < <ContactMethodsEditor>@src/screens/ImportReviewScreen.tsx:549 < View@548{field} < ScrollView@381 < ⟨ImportReviewScreen⟩ < ImportReviewScreen@src/navigation/tabs/SettingsStack.tsx:268 < route:ImportReview@src/navigation/tabs/SettingsStack.tsx || View@63{group} < {group}@203 < View@202{container} < ⟨ContactMethodsEditor⟩ < <ContactMethodsEditor>@src/screens/UpdateContactScreen.tsx:595 < EditorFrame@594 < ⟨ContactMethodFocusedEditor⟩ < <ContactMethodFocusedEditor>@src/screens/UpdateContactScreen.tsx:915 < {renderActiveEditor}@960 < ScrollView@958 < View@956{root} < ⟨UpdateContactScreen⟩ < UpdateContactScreen@src/navigation/tabs/DashboardStack.tsx:44 < route:UpdateContact@src/navigation/tabs/DashboardStack.tsx || View@63{group} < {group}@204 < View@202{container} < ⟨ContactMethodsEditor⟩ < <ContactMethodsEditor>@src/screens/CreateContactScreen.tsx:613 < backed:opaque AccordionSection@606 via AccordionSection.children || View@63{group} < {group}@204 < View@202{container} < ⟨ContactMethodsEditor⟩ < <ContactMethodsEditor>@src/screens/EditContactScreen.tsx:1498 < backed:opaque AccordionSection@1491 via AccordionSection.children || View@63{group} < {group}@204 < View@202{container} < ⟨ContactMethodsEditor⟩ < <ContactMethodsEditor>@src/screens/ImportReviewScreen.tsx:549 < View@548{field} < ScrollView@381 < ⟨ImportReviewScreen⟩ < ImportReviewScreen@src/navigation/tabs/SettingsStack.tsx:268 < route:ImportReview@src/navigation/tabs/SettingsStack.tsx || View@63{group} < {group}@204 < View@202{container} < ⟨ContactMethodsEditor⟩ < <ContactMethodsEditor>@src/screens/UpdateContactScreen.tsx:595 < EditorFrame@594 < ⟨ContactMethodFocusedEditor⟩ < <ContactMethodFocusedEditor>@src/screens/UpdateContactScreen.tsx:915 < {renderActiveEditor}@960 < ScrollView@958 < View@956{root} < ⟨UpdateContactScreen⟩ < UpdateContactScreen@src/navigation/tabs/DashboardStack.tsx:44 < route:UpdateContact@src/navigation/tabs/DashboardStack.tsx",mixed
ImportReview,src/components/ContactMethodsEditor.tsx:68,ContactMethodsEditor,Text,textSecondary,Text 13,4.5,ESTIMATED(n/a),ESTIMATED(n/a),ESTIMATED(n/a),dense (veil galaxy 0.22 / standard 0.3),VERIFIED(hand-read 38.5-01),"HAND 38.5-01 [multi-render-site (c)]: View{group} (no fill) < View{container}; bare under ImportReview:549 (View{field} < ScrollView) and UpdateContact:595 (EditorFrame), backed under Create:613 / Edit:1498 (AccordionSection surface); string: empty copy; analyzer error: none (carried from v2) || AST: View@63{group} < {group}@203 < View@202{container} < ⟨ContactMethodsEditor⟩ < <ContactMethodsEditor>@src/screens/CreateContactScreen.tsx:613 < backed:opaque AccordionSection@606 via AccordionSection.children || View@63{group} < {group}@203 < View@202{container} < ⟨ContactMethodsEditor⟩ < <ContactMethodsEditor>@src/screens/EditContactScreen.tsx:1498 < backed:opaque AccordionSection@1491 via AccordionSection.children || View@63{group} < {group}@203 < View@202{container} < ⟨ContactMethodsEditor⟩ < <ContactMethodsEditor>@src/screens/ImportReviewScreen.tsx:549 < View@548{field} < ScrollView@381 < ⟨ImportReviewScreen⟩ < ImportReviewScreen@src/navigation/tabs/SettingsStack.tsx:268 < route:ImportReview@src/navigation/tabs/SettingsStack.tsx || View@63{group} < {group}@203 < View@202{container} < ⟨ContactMethodsEditor⟩ < <ContactMethodsEditor>@src/screens/UpdateContactScreen.tsx:595 < EditorFrame@594 < ⟨ContactMethodFocusedEditor⟩ < <ContactMethodFocusedEditor>@src/screens/UpdateContactScreen.tsx:915 < {renderActiveEditor}@960 < ScrollView@958 < View@956{root} < ⟨UpdateContactScreen⟩ < UpdateContactScreen@src/navigation/tabs/DashboardStack.tsx:44 < route:UpdateContact@src/navigation/tabs/DashboardStack.tsx || View@63{group} < {group}@204 < View@202{container} < ⟨ContactMethodsEditor⟩ < <ContactMethodsEditor>@src/screens/CreateContactScreen.tsx:613 < backed:opaque AccordionSection@606 via AccordionSection.children || View@63{group} < {group}@204 < View@202{container} < ⟨ContactMethodsEditor⟩ < <ContactMethodsEditor>@src/screens/EditContactScreen.tsx:1498 < backed:opaque AccordionSection@1491 via AccordionSection.children || View@63{group} < {group}@204 < View@202{container} < ⟨ContactMethodsEditor⟩ < <ContactMethodsEditor>@src/screens/ImportReviewScreen.tsx:549 < View@548{field} < ScrollView@381 < ⟨ImportReviewScreen⟩ < ImportReviewScreen@src/navigation/tabs/SettingsStack.tsx:268 < route:ImportReview@src/navigation/tabs/SettingsStack.tsx || View@63{group} < {group}@204 < View@202{container} < ⟨ContactMethodsEditor⟩ < <ContactMethodsEditor>@src/screens/UpdateContactScreen.tsx:595 < EditorFrame@594 < ⟨ContactMethodFocusedEditor⟩ < <ContactMethodFocusedEditor>@src/screens/UpdateContactScreen.tsx:915 < {renderActiveEditor}@960 < ScrollView@958 < View@956{root} < ⟨UpdateContactScreen⟩ < UpdateContactScreen@src/navigation/tabs/DashboardStack.tsx:44 < route:UpdateContact@src/navigation/tabs/DashboardStack.tsx",mixed
ImportReview,src/components/ContactMethodsEditor.tsx:183,ContactMethodsEditor,Text,textSecondary,Text 13,4.5,ESTIMATED(n/a),ESTIMATED(n/a),ESTIMATED(n/a),dense (veil galaxy 0.22 / standard 0.3),VERIFIED(hand-read 38.5-01),"HAND 38.5-01 [multi-render-site (c)]: View{group} (no fill) < View{container}; bare under ImportReview:549 (View{field} < ScrollView) and UpdateContact:595 (EditorFrame), backed under Create:613 / Edit:1498 (AccordionSection surface); string: duplicate helper copy; analyzer error: none (carried from v2) || AST: View@63{group} < {group}@203 < View@202{container} < ⟨ContactMethodsEditor⟩ < <ContactMethodsEditor>@src/screens/CreateContactScreen.tsx:613 < backed:opaque AccordionSection@606 via AccordionSection.children || View@63{group} < {group}@203 < View@202{container} < ⟨ContactMethodsEditor⟩ < <ContactMethodsEditor>@src/screens/EditContactScreen.tsx:1498 < backed:opaque AccordionSection@1491 via AccordionSection.children || View@63{group} < {group}@203 < View@202{container} < ⟨ContactMethodsEditor⟩ < <ContactMethodsEditor>@src/screens/ImportReviewScreen.tsx:549 < View@548{field} < ScrollView@381 < ⟨ImportReviewScreen⟩ < ImportReviewScreen@src/navigation/tabs/SettingsStack.tsx:268 < route:ImportReview@src/navigation/tabs/SettingsStack.tsx || View@63{group} < {group}@203 < View@202{container} < ⟨ContactMethodsEditor⟩ < <ContactMethodsEditor>@src/screens/UpdateContactScreen.tsx:595 < EditorFrame@594 < ⟨ContactMethodFocusedEditor⟩ < <ContactMethodFocusedEditor>@src/screens/UpdateContactScreen.tsx:915 < {renderActiveEditor}@960 < ScrollView@958 < View@956{root} < ⟨UpdateContactScreen⟩ < UpdateContactScreen@src/navigation/tabs/DashboardStack.tsx:44 < route:UpdateContact@src/navigation/tabs/DashboardStack.tsx || View@63{group} < {group}@204 < View@202{container} < ⟨ContactMethodsEditor⟩ < <ContactMethodsEditor>@src/screens/CreateContactScreen.tsx:613 < backed:opaque AccordionSection@606 via AccordionSection.children || View@63{group} < {group}@204 < View@202{container} < ⟨ContactMethodsEditor⟩ < <ContactMethodsEditor>@src/screens/EditContactScreen.tsx:1498 < backed:opaque AccordionSection@1491 via AccordionSection.children || View@63{group} < {group}@204 < View@202{container} < ⟨ContactMethodsEditor⟩ < <ContactMethodsEditor>@src/screens/ImportReviewScreen.tsx:549 < View@548{field} < ScrollView@381 < ⟨ImportReviewScreen⟩ < ImportReviewScreen@src/navigation/tabs/SettingsStack.tsx:268 < route:ImportReview@src/navigation/tabs/SettingsStack.tsx || View@63{group} < {group}@204 < View@202{container} < ⟨ContactMethodsEditor⟩ < <ContactMethodsEditor>@src/screens/UpdateContactScreen.tsx:595 < EditorFrame@594 < ⟨ContactMethodFocusedEditor⟩ < <ContactMethodFocusedEditor>@src/screens/UpdateContactScreen.tsx:915 < {renderActiveEditor}@960 < ScrollView@958 < View@956{root} < ⟨UpdateContactScreen⟩ < UpdateContactScreen@src/navigation/tabs/DashboardStack.tsx:44 < route:UpdateContact@src/navigation/tabs/DashboardStack.tsx",mixed
ImportReview,src/components/ContactMethodsEditor.tsx:194,ContactMethodsEditor,Text,accentText,"Text ?/""600""",4.5,ESTIMATED(n/a),ESTIMATED(n/a),ESTIMATED(n/a),dense (veil galaxy 0.22 / standard 0.3),VERIFIED(hand-read 38.5-01),"HAND 38.5-01: token accent->accentText since the brief (38.4-16 d822085 / 38.4-review 6407fb1 misrole swap); ""+ Add"" Pressable{add} (no fill) < View{group}; same render sites as :64 (bare on ImportReview, UpdateContact); string: copy.add (""+ Add phone"" / ""+ Add email""); analyzer error: none (carried from v2) || AST: Pressable@187{add} < View@63{group} < {group}@203 < View@202{container} < ⟨ContactMethodsEditor⟩ < <ContactMethodsEditor>@src/screens/CreateContactScreen.tsx:613 < backed:opaque AccordionSection@606 via AccordionSection.children || Pressable@187{add} < View@63{group} < {group}@203 < View@202{container} < ⟨ContactMethodsEditor⟩ < <ContactMethodsEditor>@src/screens/EditContactScreen.tsx:1498 < backed:opaque AccordionSection@1491 via AccordionSection.children || Pressable@187{add} < View@63{group} < {group}@203 < View@202{container} < ⟨ContactMethodsEditor⟩ < <ContactMethodsEditor>@src/screens/ImportReviewScreen.tsx:549 < View@548{field} < ScrollView@381 < ⟨ImportReviewScreen⟩ < ImportReviewScreen@src/navigation/tabs/SettingsStack.tsx:268 < route:ImportReview@src/navigation/tabs/SettingsStack.tsx || Pressable@187{add} < View@63{group} < {group}@203 < View@202{container} < ⟨ContactMethodsEditor⟩ < <ContactMethodsEditor>@src/screens/UpdateContactScreen.tsx:595 < EditorFrame@594 < ⟨ContactMethodFocusedEditor⟩ < <ContactMethodFocusedEditor>@src/screens/UpdateContactScreen.tsx:915 < {renderActiveEditor}@960 < ScrollView@958 < View@956{root} < ⟨UpdateContactScreen⟩ < UpdateContactScreen@src/navigation/tabs/DashboardStack.tsx:44 < route:UpdateContact@src/navigation/tabs/DashboardStack.tsx || Pressable@187{add} < View@63{group} < {group}@204 < View@202{container} < ⟨ContactMethodsEditor⟩ < <ContactMethodsEditor>@src/screens/CreateContactScreen.tsx:613 < backed:opaque AccordionSection@606 via AccordionSection.children || Pressable@187{add} < View@63{group} < {group}@204 < View@202{container} < ⟨ContactMethodsEditor⟩ < <ContactMethodsEditor>@src/screens/EditContactScreen.tsx:1498 < backed:opaque AccordionSection@1491 via AccordionSection.children || Pressable@187{add} < View@63{group} < {group}@204 < View@202{container} < ⟨ContactMethodsEditor⟩ < <ContactMethodsEditor>@src/screens/ImportReviewScreen.tsx:549 < View@548{field} < ScrollView@381 < ⟨ImportReviewScreen⟩ < ImportReviewScreen@src/navigation/tabs/SettingsStack.tsx:268 < route:ImportReview@src/navigation/tabs/SettingsStack.tsx || Pressable@187{add} < View@63{group} < {group}@204 < View@202{container} < ⟨ContactMethodsEditor⟩ < <ContactMethodsEditor>@src/screens/UpdateContactScreen.tsx:595 < EditorFrame@594 < ⟨ContactMethodFocusedEditor⟩ < <ContactMethodFocusedEditor>@src/screens/UpdateContactScreen.tsx:915 < {renderActiveEditor}@960 < ScrollView@958 < View@956{root} < ⟨UpdateContactScreen⟩ < UpdateContactScreen@src/navigation/tabs/DashboardStack.tsx:44 < route:UpdateContact@src/navigation/tabs/DashboardStack.tsx",mixed
ImportReview,src/components/FrequencyPicker.tsx:224,FrequencyPicker,Text,danger,"Text 13/""600""",4.5,ESTIMATED(n/a),ESTIMATED(n/a),ESTIMATED(n/a),dense (veil galaxy 0.22 / standard 0.3),VERIFIED(hand-read 38.5-01),"HAND 38.5-01 [danger (a)]: View{customArea} < View{group}; bare under BulkImportSetup:541 (View{field} < ScrollView; route row NEW vs brief), ImportReview:538 (View{field} < ScrollView) and UpdateContact:667 (EditorFrame, no fill); backed under ContactProfile:503 (surface lifecycle card) and Create:590 / Edit:1462 (AccordionSection surface fill); drifted from :212; string: ""Enter a whole number greater than 0."" (INVALID_INTERVAL_MESSAGE); analyzer error: none (carried from v2) || AST: View@170{customArea} < View@112{group} < ⟨FrequencyPicker⟩ < <FrequencyPicker>@src/screens/BulkImportSetupScreen.tsx:541 < View@485{field} < ScrollView@478 < ⟨BulkImportSetupScreen⟩ < BulkImportSetupScreen@src/navigation/tabs/SettingsStack.tsx:269 < route:BulkImportSetup@src/navigation/tabs/SettingsStack.tsx || View@170{customArea} < View@112{group} < ⟨FrequencyPicker⟩ < <FrequencyPicker>@src/screens/ContactProfileScreen.tsx:503 < backed:opaque View@488{bg surface} || View@170{customArea} < View@112{group} < ⟨FrequencyPicker⟩ < <FrequencyPicker>@src/screens/CreateContactScreen.tsx:590 < View@586{field} < backed:opaque AccordionSection@511 via AccordionSection.children || View@170{customArea} < View@112{group} < ⟨FrequencyPicker⟩ < <FrequencyPicker>@src/screens/EditContactScreen.tsx:1462 < View@1458{field} < backed:opaque AccordionSection@1392 via AccordionSection.children || View@170{customArea} < View@112{group} < ⟨FrequencyPicker⟩ < <FrequencyPicker>@src/screens/ImportReviewScreen.tsx:538 < View@534{field} < ScrollView@381 < ⟨ImportReviewScreen⟩ < ImportReviewScreen@src/navigation/tabs/SettingsStack.tsx:268 < route:ImportReview@src/navigation/tabs/SettingsStack.tsx || View@170{customArea} < View@112{group} < ⟨FrequencyPicker⟩ < <FrequencyPicker>@src/screens/UpdateContactScreen.tsx:667 < EditorFrame@666 < ⟨ContactFrequencyFocusedEditor⟩ < <ContactFrequencyFocusedEditor>@src/screens/UpdateContactScreen.tsx:923 < {renderActiveEditor}@960 < ScrollView@958 < View@956{root} < ⟨UpdateContactScreen⟩ < UpdateContactScreen@src/navigation/tabs/DashboardStack.tsx:44 < route:UpdateContact@src/navigation/tabs/DashboardStack.tsx",mixed
ImportReview,src/screens/ImportReviewScreen.tsx:387,ImportReviewScreen,Text,textSecondary,Text ?,4.5,ESTIMATED(n/a),ESTIMATED(n/a),ESTIMATED(n/a),dense (veil galaxy 0.22 / standard 0.3),"ESTIMATED(AST-traced, not hand-read)",Pressable@383{back} < View@382{header} < ScrollView@381 < ⟨ImportReviewScreen⟩ < ImportReviewScreen@src/navigation/tabs/SettingsStack.tsx:268 < route:ImportReview@src/navigation/tabs/SettingsStack.tsx,bare
ImportReview,src/screens/ImportReviewScreen.tsx:389,ImportReviewScreen,Text,textPrimary,"Text 22/""700""",3.0,ESTIMATED(n/a),ESTIMATED(n/a),ESTIMATED(n/a),dense (veil galaxy 0.22 / standard 0.3),"ESTIMATED(AST-traced, not hand-read)",View@382{header} < ScrollView@381 < ⟨ImportReviewScreen⟩ < ImportReviewScreen@src/navigation/tabs/SettingsStack.tsx:268 < route:ImportReview@src/navigation/tabs/SettingsStack.tsx,bare
ImportReview,src/screens/ImportReviewScreen.tsx:407,ImportReviewScreen,Text,textSecondary,"Text 13/""600""",4.5,ESTIMATED(n/a),ESTIMATED(n/a),ESTIMATED(n/a),dense (veil galaxy 0.22 / standard 0.3),"ESTIMATED(AST-traced, not hand-read)",View@406{field} < ScrollView@381 < ⟨ImportReviewScreen⟩ < ImportReviewScreen@src/navigation/tabs/SettingsStack.tsx:268 < route:ImportReview@src/navigation/tabs/SettingsStack.tsx,bare
ImportReview,src/screens/ImportReviewScreen.tsx:429,ImportReviewScreen,Text,textSecondary,"Text 13/""600""",4.5,ESTIMATED(n/a),ESTIMATED(n/a),ESTIMATED(n/a),dense (veil galaxy 0.22 / standard 0.3),VERIFIED(hand-read 38.5-01),"HAND 38.5-01 [sample(c) seed 385001]: View{field} < ScrollView return root; string: ""Orbit participation""; analyzer error: none (carried from v2) || AST: View@428{field} < ScrollView@381 < ⟨ImportReviewScreen⟩ < ImportReviewScreen@src/navigation/tabs/SettingsStack.tsx:268 < route:ImportReview@src/navigation/tabs/SettingsStack.tsx",bare
ImportReview,src/screens/ImportReviewScreen.tsx:476,ImportReviewScreen,Text,textSecondary,"Text 13/""600""",4.5,ESTIMATED(n/a),ESTIMATED(n/a),ESTIMATED(n/a),dense (veil galaxy 0.22 / standard 0.3),"ESTIMATED(AST-traced, not hand-read)",View@475{field} < ScrollView@381 < ⟨ImportReviewScreen⟩ < ImportReviewScreen@src/navigation/tabs/SettingsStack.tsx:268 < route:ImportReview@src/navigation/tabs/SettingsStack.tsx,bare
ImportReview,src/screens/ImportReviewScreen.tsx:535,ImportReviewScreen,Text,textSecondary,"Text 13/""600""",4.5,ESTIMATED(n/a),ESTIMATED(n/a),ESTIMATED(n/a),dense (veil galaxy 0.22 / standard 0.3),VERIFIED(hand-read 38.5-01),"HAND 38.5-01 [sample(c) seed 385001]: View{field} < ScrollView return root; string: ""Frequency""; analyzer error: none (carried from v2) || AST: View@534{field} < ScrollView@381 < ⟨ImportReviewScreen⟩ < ImportReviewScreen@src/navigation/tabs/SettingsStack.tsx:268 < route:ImportReview@src/navigation/tabs/SettingsStack.tsx",bare
ImportReview,src/screens/ImportReviewScreen.tsx:570,ImportReviewScreen,Text,textSecondary,"Text 13/""600""",4.5,ESTIMATED(n/a),ESTIMATED(n/a),ESTIMATED(n/a),dense (veil galaxy 0.22 / standard 0.3),"ESTIMATED(AST-traced, not hand-read)",View@569{field} < ScrollView@381 < ⟨ImportReviewScreen⟩ < ImportReviewScreen@src/navigation/tabs/SettingsStack.tsx:268 < route:ImportReview@src/navigation/tabs/SettingsStack.tsx,bare
ImportReview,src/screens/ImportReviewScreen.tsx:593,ImportReviewScreen,Text,danger,"Text 13/""600""",4.5,ESTIMATED(n/a),ESTIMATED(n/a),ESTIMATED(n/a),dense (veil galaxy 0.22 / standard 0.3),VERIFIED(hand-read 38.5-01),"HAND 38.5-01 [danger (a)]: View{field} < ScrollView{content} (return root) < route ImportReview; brief row :570 had colors.accent here (accent-fill misrole), now colors.danger: a NEW danger site vs the brief; string: ""Enter a real date (YYYY-MM-DD or MM-DD).""; analyzer error: none (carried from v2) || AST: View@569{field} < ScrollView@381 < ⟨ImportReviewScreen⟩ < ImportReviewScreen@src/navigation/tabs/SettingsStack.tsx:268 < route:ImportReview@src/navigation/tabs/SettingsStack.tsx",bare
LegacyContactPicker,src/screens/LegacyContactPickerScreen.tsx:188,LegacyContactPickerScreen,Text,textSecondary,Text ?,4.5,ESTIMATED(n/a),ESTIMATED(n/a),ESTIMATED(n/a),dense (veil galaxy 0.22 / standard 0.3),"ESTIMATED(AST-traced, not hand-read)",Pressable@182{back} < View@181{header} < View@180{root} < ⟨LegacyContactPickerScreen⟩ < LegacyContactPickerScreen@src/navigation/tabs/SettingsStack.tsx:266 < route:LegacyContactPicker@src/navigation/tabs/SettingsStack.tsx,bare
LegacyContactPicker,src/screens/LegacyContactPickerScreen.tsx:190,LegacyContactPickerScreen,Text,textPrimary,"Text 22/""700""",3.0,ESTIMATED(n/a),ESTIMATED(n/a),ESTIMATED(n/a),dense (veil galaxy 0.22 / standard 0.3),"ESTIMATED(AST-traced, not hand-read)",View@181{header} < View@180{root} < ⟨LegacyContactPickerScreen⟩ < LegacyContactPickerScreen@src/navigation/tabs/SettingsStack.tsx:266 < route:LegacyContactPicker@src/navigation/tabs/SettingsStack.tsx,bare
LegacyContactPicker,src/screens/LegacyContactPickerScreen.tsx:250,LegacyContactPickerScreen,Text,textSecondary,Text 14,4.5,ESTIMATED(n/a),ESTIMATED(n/a),ESTIMATED(n/a),dense (veil galaxy 0.22 / standard 0.3),VERIFIED(hand-read 38.5-01),"HAND 38.5-01 [sample(c) seed 385001]: fragment branch < View{root}; string: ""{n} selected contact(s) ... no longer available.""; analyzer error: none (carried from v2) || AST: View@180{root} < ⟨LegacyContactPickerScreen⟩ < LegacyContactPickerScreen@src/navigation/tabs/SettingsStack.tsx:266 < route:LegacyContactPicker@src/navigation/tabs/SettingsStack.tsx",bare
LegacyContactPicker,src/screens/LegacyContactPickerScreen.tsx:359,PickerMessage,Text,textSecondary,Text ?,4.5,ESTIMATED(n/a),ESTIMATED(n/a),ESTIMATED(n/a),dense (veil galaxy 0.22 / standard 0.3),VERIFIED(hand-read 38.5-01),HAND 38.5-01 [multi-render-site (c)]: PickerMessage View{message} (no fill); render sites :199/:228 (View{root}) and :260 (FlatList ListEmptyComponent); string: picker status messages; analyzer error: none (carried from v2) || AST: View@358{message} < ⟨PickerMessage⟩ < <PickerMessage>@src/screens/LegacyContactPickerScreen.tsx:199 < View@180{root} < ⟨LegacyContactPickerScreen⟩ < LegacyContactPickerScreen@src/navigation/tabs/SettingsStack.tsx:266 < route:LegacyContactPicker@src/navigation/tabs/SettingsStack.tsx || View@358{message} < ⟨PickerMessage⟩ < <PickerMessage>@src/screens/LegacyContactPickerScreen.tsx:228 < View@180{root} < ⟨LegacyContactPickerScreen⟩ < LegacyContactPickerScreen@src/navigation/tabs/SettingsStack.tsx:266 < route:LegacyContactPicker@src/navigation/tabs/SettingsStack.tsx || View@358{message} < ⟨PickerMessage⟩ < <PickerMessage>@src/screens/LegacyContactPickerScreen.tsx:260 < FlatList@255.ListEmptyComponent < View@180{root} < ⟨LegacyContactPickerScreen⟩ < LegacyContactPickerScreen@src/navigation/tabs/SettingsStack.tsx:266 < route:LegacyContactPicker@src/navigation/tabs/SettingsStack.tsx,bare
LegacyContactPicker,src/screens/LegacyContactPickerScreen.tsx:380,PermissionMessage,Text,textSecondary,Text 16,4.5,ESTIMATED(n/a),ESTIMATED(n/a),ESTIMATED(n/a),dense (veil galaxy 0.22 / standard 0.3),VERIFIED(hand-read 38.5-01),HAND 38.5-01 [multi-render-site (c)]: PermissionMessage View{permissionMessage} (no fill); render sites :201/:207/:222 < View{root}; string: permission copy; analyzer error: none (carried from v2) || AST: View@379{permissionMessage} < ⟨PermissionMessage⟩ < <PermissionMessage>@src/screens/LegacyContactPickerScreen.tsx:201 < View@180{root} < ⟨LegacyContactPickerScreen⟩ < LegacyContactPickerScreen@src/navigation/tabs/SettingsStack.tsx:266 < route:LegacyContactPicker@src/navigation/tabs/SettingsStack.tsx || View@379{permissionMessage} < ⟨PermissionMessage⟩ < <PermissionMessage>@src/screens/LegacyContactPickerScreen.tsx:207 < View@180{root} < ⟨LegacyContactPickerScreen⟩ < LegacyContactPickerScreen@src/navigation/tabs/SettingsStack.tsx:266 < route:LegacyContactPicker@src/navigation/tabs/SettingsStack.tsx || View@379{permissionMessage} < ⟨PermissionMessage⟩ < <PermissionMessage>@src/screens/LegacyContactPickerScreen.tsx:222 < View@180{root} < ⟨LegacyContactPickerScreen⟩ < LegacyContactPickerScreen@src/navigation/tabs/SettingsStack.tsx:266 < route:LegacyContactPicker@src/navigation/tabs/SettingsStack.tsx,bare
LegacyContactPicker,src/screens/LegacyContactPickerScreen.tsx:395,PermissionMessage,Text,textSecondary,Text ?,4.5,ESTIMATED(n/a),ESTIMATED(n/a),ESTIMATED(n/a),dense (veil galaxy 0.22 / standard 0.3),VERIFIED(hand-read 38.5-01),HAND 38.5-01 [multi-render-site (c)]: PermissionMessage View{secondaryAction} (no fill); same render sites as :380; string: secondary action copy; analyzer error: none (carried from v2) || AST: View@394{secondaryAction} < View@379{permissionMessage} < ⟨PermissionMessage⟩ < <PermissionMessage>@src/screens/LegacyContactPickerScreen.tsx:201 < View@180{root} < ⟨LegacyContactPickerScreen⟩ < LegacyContactPickerScreen@src/navigation/tabs/SettingsStack.tsx:266 < route:LegacyContactPicker@src/navigation/tabs/SettingsStack.tsx || View@394{secondaryAction} < View@379{permissionMessage} < ⟨PermissionMessage⟩ < <PermissionMessage>@src/screens/LegacyContactPickerScreen.tsx:207 < View@180{root} < ⟨LegacyContactPickerScreen⟩ < LegacyContactPickerScreen@src/navigation/tabs/SettingsStack.tsx:266 < route:LegacyContactPicker@src/navigation/tabs/SettingsStack.tsx || View@394{secondaryAction} < View@379{permissionMessage} < ⟨PermissionMessage⟩ < <PermissionMessage>@src/screens/LegacyContactPickerScreen.tsx:222 < View@180{root} < ⟨LegacyContactPickerScreen⟩ < LegacyContactPickerScreen@src/navigation/tabs/SettingsStack.tsx:266 < route:LegacyContactPicker@src/navigation/tabs/SettingsStack.tsx,bare
LogContact,src/components/TouchpointRefineForm.tsx:259,TouchpointRefineForm,Text,textSecondary,"Text 13/""600""",4.5,ESTIMATED(n/a),ESTIMATED(n/a),ESTIMATED(n/a),dense (veil galaxy 0.22 / standard 0.3),VERIFIED(hand-read 38.5-01),"HAND 38.5-01 [multi-render-site (c)]: field View (no fill) < renderField() in View{form}; bare under EditInteraction:181 and LogContact:290, backed under EditGroupEvent:269 / GroupLog:138 (screen bg background) and ParticipantOverrideEditor (Sheet / ScrollView bg background); string: ""Date & time""; analyzer error: none (carried from v2) || AST: View@258{field} < {renderField}@542 < Fragment@542 < View@540{form} < ⟨TouchpointRefineForm⟩ < <TouchpointRefineForm>@src/screens/EditGroupEventScreen.tsx:269 < ScrollView@259 < backed:opaque View@258{bg background} || View@258{field} < {renderField}@542 < Fragment@542 < View@540{form} < ⟨TouchpointRefineForm⟩ < <TouchpointRefineForm>@src/screens/EditInteractionScreen.tsx:181 < ScrollView@159{#edit-interaction-screen} < ⟨EditInteractionScreen⟩ < EditInteractionScreen@src/navigation/tabs/DashboardStack.tsx:55 < route:EditInteraction@src/navigation/tabs/DashboardStack.tsx || View@258{field} < {renderField}@542 < Fragment@542 < View@540{form} < ⟨TouchpointRefineForm⟩ < <TouchpointRefineForm>@src/screens/EditInteractionScreen.tsx:181 < ScrollView@159{#edit-interaction-screen} < ⟨EditInteractionScreen⟩ < EditInteractionScreen@src/navigation/tabs/DigestStack.tsx:38 < route:EditInteraction@src/navigation/tabs/DigestStack.tsx || View@258{field} < {renderField}@542 < Fragment@542 < View@540{form} < ⟨TouchpointRefineForm⟩ < <TouchpointRefineForm>@src/screens/EditInteractionScreen.tsx:181 < ScrollView@159{#edit-interaction-screen} < ⟨EditInteractionScreen⟩ < EditInteractionScreen@src/navigation/tabs/EventsStack.tsx:38 < route:EditInteraction@src/navigation/tabs/EventsStack.tsx || View@258{field} < {renderField}@542 < Fragment@542 < View@540{form} < ⟨TouchpointRefineForm⟩ < <TouchpointRefineForm>@src/screens/EditInteractionScreen.tsx:181 < ScrollView@159{#edit-interaction-screen} < ⟨EditInteractionScreen⟩ < EditInteractionScreen@src/navigation/tabs/OrreryStack.tsx:69 < route:EditInteraction@src/navigation/tabs/OrreryStack.tsx || View@258{field} < {renderField}@542 < Fragment@542 < View@540{form} < ⟨TouchpointRefineForm⟩ < <TouchpointRefineForm>@src/screens/EditInteractionScreen.tsx:181 < ScrollView@159{#edit-interaction-screen} < ⟨EditInteractionScreen⟩ < EditInteractionScreen@src/navigation/tabs/SettingsStack.tsx:256 < route:EditInteraction@src/navigation/tabs/SettingsStack.tsx || View@258{field} < {renderField}@542 < Fragment@542 < View@540{form} < ⟨TouchpointRefineForm⟩ < <TouchpointRefineForm>@src/screens/GroupLogScreen.tsx:138 < ScrollView@109 < backed:opaque View@108{bg background} || View@258{field} < {renderField}@542 < Fragment@542 < View@540{form} < ⟨TouchpointRefineForm⟩ < <TouchpointRefineForm>@src/screens/LogInteractionScreen.tsx:290 < ScrollView@286{#log-interaction-screen} < View@284{root} < ⟨LogInteractionScreen⟩ < LogInteractionScreen@src/navigation/tabs/DashboardStack.tsx:42 < route:LogContact@src/navigation/tabs/DashboardStack.tsx || View@258{field} < {renderField}@542 < Fragment@542 < View@540{form} < ⟨TouchpointRefineForm⟩ < <TouchpointRefineForm>@src/screens/LogInteractionScreen.tsx:290 < ScrollView@286{#log-interaction-screen} < View@284{root} < ⟨LogInteractionScreen⟩ < LogInteractionScreen@src/navigation/tabs/DigestStack.tsx:36 < route:LogContact@src/navigation/tabs/DigestStack.tsx || View@258{field} < {renderField}@542 < Fragment@542 < View@540{form} < ⟨TouchpointRefineForm⟩ < <TouchpointRefineForm>@src/screens/LogInteractionScreen.tsx:290 < ScrollView@286{#log-interaction-screen} < View@284{root} < ⟨LogInteractionScreen⟩ < LogInteractionScreen@src/navigation/tabs/EventsStack.tsx:36 < route:LogContact@src/navigation/tabs/EventsStack.tsx || View@258{field} < {renderField}@542 < Fragment@542 < View@540{form} < ⟨TouchpointRefineForm⟩ < <TouchpointRefineForm>@src/screens/LogInteractionScreen.tsx:290 < ScrollView@286{#log-interaction-screen} < View@284{root} < ⟨LogInteractionScreen⟩ < LogInteractionScreen@src/navigation/tabs/OrreryStack.tsx:60 < route:LogContact@src/navigation/tabs/OrreryStack.tsx || View@258{field} < {renderField}@542 < Fragment@542 < View@540{form} < ⟨TouchpointRefineForm⟩ < <TouchpointRefineForm>@src/screens/LogInteractionScreen.tsx:290 < ScrollView@286{#log-interaction-screen} < View@284{root} < ⟨LogInteractionScreen⟩ < LogInteractionScreen@src/navigation/tabs/SettingsStack.tsx:242 < route:LogContact@src/navigation/tabs/SettingsStack.tsx || (+16 more chains)",mixed
LogContact,src/components/TouchpointRefineForm.tsx:278,TouchpointRefineForm,Text,danger,"Text 13/""600""",4.5,ESTIMATED(n/a),ESTIMATED(n/a),ESTIMATED(n/a),dense (veil galaxy 0.22 / standard 0.3),VERIFIED(hand-read 38.5-01),HAND 38.5-01 [danger (a)]: date-time field View{field} < renderField() in View{form}; bare under EditInteraction:181 (ScrollView root) and LogContact:290 (ScrollView < View{root}); backed under EditGroupEvent:269 and GroupLog:138 (screen View bg background) and ParticipantOverrideEditor (Sheet / ScrollView bg background); drifted from :277; string: dynamic {error}: the date-time parse error; analyzer error: none (carried from v2) || AST: View@258{field} < {renderField}@542 < Fragment@542 < View@540{form} < ⟨TouchpointRefineForm⟩ < <TouchpointRefineForm>@src/screens/EditGroupEventScreen.tsx:269 < ScrollView@259 < backed:opaque View@258{bg background} || View@258{field} < {renderField}@542 < Fragment@542 < View@540{form} < ⟨TouchpointRefineForm⟩ < <TouchpointRefineForm>@src/screens/EditInteractionScreen.tsx:181 < ScrollView@159{#edit-interaction-screen} < ⟨EditInteractionScreen⟩ < EditInteractionScreen@src/navigation/tabs/DashboardStack.tsx:55 < route:EditInteraction@src/navigation/tabs/DashboardStack.tsx || View@258{field} < {renderField}@542 < Fragment@542 < View@540{form} < ⟨TouchpointRefineForm⟩ < <TouchpointRefineForm>@src/screens/EditInteractionScreen.tsx:181 < ScrollView@159{#edit-interaction-screen} < ⟨EditInteractionScreen⟩ < EditInteractionScreen@src/navigation/tabs/DigestStack.tsx:38 < route:EditInteraction@src/navigation/tabs/DigestStack.tsx || View@258{field} < {renderField}@542 < Fragment@542 < View@540{form} < ⟨TouchpointRefineForm⟩ < <TouchpointRefineForm>@src/screens/EditInteractionScreen.tsx:181 < ScrollView@159{#edit-interaction-screen} < ⟨EditInteractionScreen⟩ < EditInteractionScreen@src/navigation/tabs/EventsStack.tsx:38 < route:EditInteraction@src/navigation/tabs/EventsStack.tsx || View@258{field} < {renderField}@542 < Fragment@542 < View@540{form} < ⟨TouchpointRefineForm⟩ < <TouchpointRefineForm>@src/screens/EditInteractionScreen.tsx:181 < ScrollView@159{#edit-interaction-screen} < ⟨EditInteractionScreen⟩ < EditInteractionScreen@src/navigation/tabs/OrreryStack.tsx:69 < route:EditInteraction@src/navigation/tabs/OrreryStack.tsx || View@258{field} < {renderField}@542 < Fragment@542 < View@540{form} < ⟨TouchpointRefineForm⟩ < <TouchpointRefineForm>@src/screens/EditInteractionScreen.tsx:181 < ScrollView@159{#edit-interaction-screen} < ⟨EditInteractionScreen⟩ < EditInteractionScreen@src/navigation/tabs/SettingsStack.tsx:256 < route:EditInteraction@src/navigation/tabs/SettingsStack.tsx || View@258{field} < {renderField}@542 < Fragment@542 < View@540{form} < ⟨TouchpointRefineForm⟩ < <TouchpointRefineForm>@src/screens/GroupLogScreen.tsx:138 < ScrollView@109 < backed:opaque View@108{bg background} || View@258{field} < {renderField}@542 < Fragment@542 < View@540{form} < ⟨TouchpointRefineForm⟩ < <TouchpointRefineForm>@src/screens/LogInteractionScreen.tsx:290 < ScrollView@286{#log-interaction-screen} < View@284{root} < ⟨LogInteractionScreen⟩ < LogInteractionScreen@src/navigation/tabs/DashboardStack.tsx:42 < route:LogContact@src/navigation/tabs/DashboardStack.tsx || View@258{field} < {renderField}@542 < Fragment@542 < View@540{form} < ⟨TouchpointRefineForm⟩ < <TouchpointRefineForm>@src/screens/LogInteractionScreen.tsx:290 < ScrollView@286{#log-interaction-screen} < View@284{root} < ⟨LogInteractionScreen⟩ < LogInteractionScreen@src/navigation/tabs/DigestStack.tsx:36 < route:LogContact@src/navigation/tabs/DigestStack.tsx || View@258{field} < {renderField}@542 < Fragment@542 < View@540{form} < ⟨TouchpointRefineForm⟩ < <TouchpointRefineForm>@src/screens/LogInteractionScreen.tsx:290 < ScrollView@286{#log-interaction-screen} < View@284{root} < ⟨LogInteractionScreen⟩ < LogInteractionScreen@src/navigation/tabs/EventsStack.tsx:36 < route:LogContact@src/navigation/tabs/EventsStack.tsx || View@258{field} < {renderField}@542 < Fragment@542 < View@540{form} < ⟨TouchpointRefineForm⟩ < <TouchpointRefineForm>@src/screens/LogInteractionScreen.tsx:290 < ScrollView@286{#log-interaction-screen} < View@284{root} < ⟨LogInteractionScreen⟩ < LogInteractionScreen@src/navigation/tabs/OrreryStack.tsx:60 < route:LogContact@src/navigation/tabs/OrreryStack.tsx || View@258{field} < {renderField}@542 < Fragment@542 < View@540{form} < ⟨TouchpointRefineForm⟩ < <TouchpointRefineForm>@src/screens/LogInteractionScreen.tsx:290 < ScrollView@286{#log-interaction-screen} < View@284{root} < ⟨LogInteractionScreen⟩ < LogInteractionScreen@src/navigation/tabs/SettingsStack.tsx:242 < route:LogContact@src/navigation/tabs/SettingsStack.tsx || (+16 more chains),mixed
LogContact,src/components/TouchpointRefineForm.tsx:291,TouchpointRefineForm,Text,textSecondary,"Text 13/""600""",4.5,ESTIMATED(n/a),ESTIMATED(n/a),ESTIMATED(n/a),dense (veil galaxy 0.22 / standard 0.3),VERIFIED(hand-read 38.5-01),"HAND 38.5-01 [multi-render-site (c)]: field View (no fill) < renderField() in View{form}; bare under EditInteraction:181 and LogContact:290, backed under EditGroupEvent:269 / GroupLog:138 (screen bg background) and ParticipantOverrideEditor (Sheet / ScrollView bg background); string: ""Channel""; analyzer error: none (carried from v2) || AST: View@290{field} < {renderField}@542 < Fragment@542 < View@540{form} < ⟨TouchpointRefineForm⟩ < <TouchpointRefineForm>@src/screens/EditGroupEventScreen.tsx:269 < ScrollView@259 < backed:opaque View@258{bg background} || View@290{field} < {renderField}@542 < Fragment@542 < View@540{form} < ⟨TouchpointRefineForm⟩ < <TouchpointRefineForm>@src/screens/EditInteractionScreen.tsx:181 < ScrollView@159{#edit-interaction-screen} < ⟨EditInteractionScreen⟩ < EditInteractionScreen@src/navigation/tabs/DashboardStack.tsx:55 < route:EditInteraction@src/navigation/tabs/DashboardStack.tsx || View@290{field} < {renderField}@542 < Fragment@542 < View@540{form} < ⟨TouchpointRefineForm⟩ < <TouchpointRefineForm>@src/screens/EditInteractionScreen.tsx:181 < ScrollView@159{#edit-interaction-screen} < ⟨EditInteractionScreen⟩ < EditInteractionScreen@src/navigation/tabs/DigestStack.tsx:38 < route:EditInteraction@src/navigation/tabs/DigestStack.tsx || View@290{field} < {renderField}@542 < Fragment@542 < View@540{form} < ⟨TouchpointRefineForm⟩ < <TouchpointRefineForm>@src/screens/EditInteractionScreen.tsx:181 < ScrollView@159{#edit-interaction-screen} < ⟨EditInteractionScreen⟩ < EditInteractionScreen@src/navigation/tabs/EventsStack.tsx:38 < route:EditInteraction@src/navigation/tabs/EventsStack.tsx || View@290{field} < {renderField}@542 < Fragment@542 < View@540{form} < ⟨TouchpointRefineForm⟩ < <TouchpointRefineForm>@src/screens/EditInteractionScreen.tsx:181 < ScrollView@159{#edit-interaction-screen} < ⟨EditInteractionScreen⟩ < EditInteractionScreen@src/navigation/tabs/OrreryStack.tsx:69 < route:EditInteraction@src/navigation/tabs/OrreryStack.tsx || View@290{field} < {renderField}@542 < Fragment@542 < View@540{form} < ⟨TouchpointRefineForm⟩ < <TouchpointRefineForm>@src/screens/EditInteractionScreen.tsx:181 < ScrollView@159{#edit-interaction-screen} < ⟨EditInteractionScreen⟩ < EditInteractionScreen@src/navigation/tabs/SettingsStack.tsx:256 < route:EditInteraction@src/navigation/tabs/SettingsStack.tsx || View@290{field} < {renderField}@542 < Fragment@542 < View@540{form} < ⟨TouchpointRefineForm⟩ < <TouchpointRefineForm>@src/screens/GroupLogScreen.tsx:138 < ScrollView@109 < backed:opaque View@108{bg background} || View@290{field} < {renderField}@542 < Fragment@542 < View@540{form} < ⟨TouchpointRefineForm⟩ < <TouchpointRefineForm>@src/screens/LogInteractionScreen.tsx:290 < ScrollView@286{#log-interaction-screen} < View@284{root} < ⟨LogInteractionScreen⟩ < LogInteractionScreen@src/navigation/tabs/DashboardStack.tsx:42 < route:LogContact@src/navigation/tabs/DashboardStack.tsx || View@290{field} < {renderField}@542 < Fragment@542 < View@540{form} < ⟨TouchpointRefineForm⟩ < <TouchpointRefineForm>@src/screens/LogInteractionScreen.tsx:290 < ScrollView@286{#log-interaction-screen} < View@284{root} < ⟨LogInteractionScreen⟩ < LogInteractionScreen@src/navigation/tabs/DigestStack.tsx:36 < route:LogContact@src/navigation/tabs/DigestStack.tsx || View@290{field} < {renderField}@542 < Fragment@542 < View@540{form} < ⟨TouchpointRefineForm⟩ < <TouchpointRefineForm>@src/screens/LogInteractionScreen.tsx:290 < ScrollView@286{#log-interaction-screen} < View@284{root} < ⟨LogInteractionScreen⟩ < LogInteractionScreen@src/navigation/tabs/EventsStack.tsx:36 < route:LogContact@src/navigation/tabs/EventsStack.tsx || View@290{field} < {renderField}@542 < Fragment@542 < View@540{form} < ⟨TouchpointRefineForm⟩ < <TouchpointRefineForm>@src/screens/LogInteractionScreen.tsx:290 < ScrollView@286{#log-interaction-screen} < View@284{root} < ⟨LogInteractionScreen⟩ < LogInteractionScreen@src/navigation/tabs/OrreryStack.tsx:60 < route:LogContact@src/navigation/tabs/OrreryStack.tsx || View@290{field} < {renderField}@542 < Fragment@542 < View@540{form} < ⟨TouchpointRefineForm⟩ < <TouchpointRefineForm>@src/screens/LogInteractionScreen.tsx:290 < ScrollView@286{#log-interaction-screen} < View@284{root} < ⟨LogInteractionScreen⟩ < LogInteractionScreen@src/navigation/tabs/SettingsStack.tsx:242 < route:LogContact@src/navigation/tabs/SettingsStack.tsx || (+16 more chains)",mixed
LogContact,src/components/TouchpointRefineForm.tsx:318,TouchpointRefineForm,Text,textSecondary,"Text 13/""600""",4.5,ESTIMATED(n/a),ESTIMATED(n/a),ESTIMATED(n/a),dense (veil galaxy 0.22 / standard 0.3),VERIFIED(hand-read 38.5-01),"HAND 38.5-01 [multi-render-site (c)]: field View (no fill) < renderField() in View{form}; bare under EditInteraction:181 and LogContact:290, backed under EditGroupEvent:269 / GroupLog:138 (screen bg background) and ParticipantOverrideEditor (Sheet / ScrollView bg background); string: ""Direction""; analyzer error: none (carried from v2) || AST: View@317{field} < {renderField}@542 < Fragment@542 < View@540{form} < ⟨TouchpointRefineForm⟩ < <TouchpointRefineForm>@src/screens/EditGroupEventScreen.tsx:269 < ScrollView@259 < backed:opaque View@258{bg background} || View@317{field} < {renderField}@542 < Fragment@542 < View@540{form} < ⟨TouchpointRefineForm⟩ < <TouchpointRefineForm>@src/screens/EditInteractionScreen.tsx:181 < ScrollView@159{#edit-interaction-screen} < ⟨EditInteractionScreen⟩ < EditInteractionScreen@src/navigation/tabs/DashboardStack.tsx:55 < route:EditInteraction@src/navigation/tabs/DashboardStack.tsx || View@317{field} < {renderField}@542 < Fragment@542 < View@540{form} < ⟨TouchpointRefineForm⟩ < <TouchpointRefineForm>@src/screens/EditInteractionScreen.tsx:181 < ScrollView@159{#edit-interaction-screen} < ⟨EditInteractionScreen⟩ < EditInteractionScreen@src/navigation/tabs/DigestStack.tsx:38 < route:EditInteraction@src/navigation/tabs/DigestStack.tsx || View@317{field} < {renderField}@542 < Fragment@542 < View@540{form} < ⟨TouchpointRefineForm⟩ < <TouchpointRefineForm>@src/screens/EditInteractionScreen.tsx:181 < ScrollView@159{#edit-interaction-screen} < ⟨EditInteractionScreen⟩ < EditInteractionScreen@src/navigation/tabs/EventsStack.tsx:38 < route:EditInteraction@src/navigation/tabs/EventsStack.tsx || View@317{field} < {renderField}@542 < Fragment@542 < View@540{form} < ⟨TouchpointRefineForm⟩ < <TouchpointRefineForm>@src/screens/EditInteractionScreen.tsx:181 < ScrollView@159{#edit-interaction-screen} < ⟨EditInteractionScreen⟩ < EditInteractionScreen@src/navigation/tabs/OrreryStack.tsx:69 < route:EditInteraction@src/navigation/tabs/OrreryStack.tsx || View@317{field} < {renderField}@542 < Fragment@542 < View@540{form} < ⟨TouchpointRefineForm⟩ < <TouchpointRefineForm>@src/screens/EditInteractionScreen.tsx:181 < ScrollView@159{#edit-interaction-screen} < ⟨EditInteractionScreen⟩ < EditInteractionScreen@src/navigation/tabs/SettingsStack.tsx:256 < route:EditInteraction@src/navigation/tabs/SettingsStack.tsx || View@317{field} < {renderField}@542 < Fragment@542 < View@540{form} < ⟨TouchpointRefineForm⟩ < <TouchpointRefineForm>@src/screens/GroupLogScreen.tsx:138 < ScrollView@109 < backed:opaque View@108{bg background} || View@317{field} < {renderField}@542 < Fragment@542 < View@540{form} < ⟨TouchpointRefineForm⟩ < <TouchpointRefineForm>@src/screens/LogInteractionScreen.tsx:290 < ScrollView@286{#log-interaction-screen} < View@284{root} < ⟨LogInteractionScreen⟩ < LogInteractionScreen@src/navigation/tabs/DashboardStack.tsx:42 < route:LogContact@src/navigation/tabs/DashboardStack.tsx || View@317{field} < {renderField}@542 < Fragment@542 < View@540{form} < ⟨TouchpointRefineForm⟩ < <TouchpointRefineForm>@src/screens/LogInteractionScreen.tsx:290 < ScrollView@286{#log-interaction-screen} < View@284{root} < ⟨LogInteractionScreen⟩ < LogInteractionScreen@src/navigation/tabs/DigestStack.tsx:36 < route:LogContact@src/navigation/tabs/DigestStack.tsx || View@317{field} < {renderField}@542 < Fragment@542 < View@540{form} < ⟨TouchpointRefineForm⟩ < <TouchpointRefineForm>@src/screens/LogInteractionScreen.tsx:290 < ScrollView@286{#log-interaction-screen} < View@284{root} < ⟨LogInteractionScreen⟩ < LogInteractionScreen@src/navigation/tabs/EventsStack.tsx:36 < route:LogContact@src/navigation/tabs/EventsStack.tsx || View@317{field} < {renderField}@542 < Fragment@542 < View@540{form} < ⟨TouchpointRefineForm⟩ < <TouchpointRefineForm>@src/screens/LogInteractionScreen.tsx:290 < ScrollView@286{#log-interaction-screen} < View@284{root} < ⟨LogInteractionScreen⟩ < LogInteractionScreen@src/navigation/tabs/OrreryStack.tsx:60 < route:LogContact@src/navigation/tabs/OrreryStack.tsx || View@317{field} < {renderField}@542 < Fragment@542 < View@540{form} < ⟨TouchpointRefineForm⟩ < <TouchpointRefineForm>@src/screens/LogInteractionScreen.tsx:290 < ScrollView@286{#log-interaction-screen} < View@284{root} < ⟨LogInteractionScreen⟩ < LogInteractionScreen@src/navigation/tabs/SettingsStack.tsx:242 < route:LogContact@src/navigation/tabs/SettingsStack.tsx || (+16 more chains)",mixed
LogContact,src/components/TouchpointRefineForm.tsx:348,TouchpointRefineForm,Text,textPrimary,"Text 13/""600""",4.5,ESTIMATED(n/a),ESTIMATED(n/a),ESTIMATED(n/a),dense (veil galaxy 0.22 / standard 0.3),VERIFIED(hand-read 38.5-01),"HAND 38.5-01 [multi-render-site (c)]: field View (no fill) < renderField() in View{form}; bare under EditInteraction:181 and LogContact:290, backed under EditGroupEvent:269 / GroupLog:138 (screen bg background) and ParticipantOverrideEditor (Sheet / ScrollView bg background); string: ""Connected""; analyzer error: none (carried from v2) || AST: View@347{field} < {renderField}@542 < Fragment@542 < View@540{form} < ⟨TouchpointRefineForm⟩ < <TouchpointRefineForm>@src/screens/EditGroupEventScreen.tsx:269 < ScrollView@259 < backed:opaque View@258{bg background} || View@347{field} < {renderField}@542 < Fragment@542 < View@540{form} < ⟨TouchpointRefineForm⟩ < <TouchpointRefineForm>@src/screens/EditInteractionScreen.tsx:181 < ScrollView@159{#edit-interaction-screen} < ⟨EditInteractionScreen⟩ < EditInteractionScreen@src/navigation/tabs/DashboardStack.tsx:55 < route:EditInteraction@src/navigation/tabs/DashboardStack.tsx || View@347{field} < {renderField}@542 < Fragment@542 < View@540{form} < ⟨TouchpointRefineForm⟩ < <TouchpointRefineForm>@src/screens/EditInteractionScreen.tsx:181 < ScrollView@159{#edit-interaction-screen} < ⟨EditInteractionScreen⟩ < EditInteractionScreen@src/navigation/tabs/DigestStack.tsx:38 < route:EditInteraction@src/navigation/tabs/DigestStack.tsx || View@347{field} < {renderField}@542 < Fragment@542 < View@540{form} < ⟨TouchpointRefineForm⟩ < <TouchpointRefineForm>@src/screens/EditInteractionScreen.tsx:181 < ScrollView@159{#edit-interaction-screen} < ⟨EditInteractionScreen⟩ < EditInteractionScreen@src/navigation/tabs/EventsStack.tsx:38 < route:EditInteraction@src/navigation/tabs/EventsStack.tsx || View@347{field} < {renderField}@542 < Fragment@542 < View@540{form} < ⟨TouchpointRefineForm⟩ < <TouchpointRefineForm>@src/screens/EditInteractionScreen.tsx:181 < ScrollView@159{#edit-interaction-screen} < ⟨EditInteractionScreen⟩ < EditInteractionScreen@src/navigation/tabs/OrreryStack.tsx:69 < route:EditInteraction@src/navigation/tabs/OrreryStack.tsx || View@347{field} < {renderField}@542 < Fragment@542 < View@540{form} < ⟨TouchpointRefineForm⟩ < <TouchpointRefineForm>@src/screens/EditInteractionScreen.tsx:181 < ScrollView@159{#edit-interaction-screen} < ⟨EditInteractionScreen⟩ < EditInteractionScreen@src/navigation/tabs/SettingsStack.tsx:256 < route:EditInteraction@src/navigation/tabs/SettingsStack.tsx || View@347{field} < {renderField}@542 < Fragment@542 < View@540{form} < ⟨TouchpointRefineForm⟩ < <TouchpointRefineForm>@src/screens/GroupLogScreen.tsx:138 < ScrollView@109 < backed:opaque View@108{bg background} || View@347{field} < {renderField}@542 < Fragment@542 < View@540{form} < ⟨TouchpointRefineForm⟩ < <TouchpointRefineForm>@src/screens/LogInteractionScreen.tsx:290 < ScrollView@286{#log-interaction-screen} < View@284{root} < ⟨LogInteractionScreen⟩ < LogInteractionScreen@src/navigation/tabs/DashboardStack.tsx:42 < route:LogContact@src/navigation/tabs/DashboardStack.tsx || View@347{field} < {renderField}@542 < Fragment@542 < View@540{form} < ⟨TouchpointRefineForm⟩ < <TouchpointRefineForm>@src/screens/LogInteractionScreen.tsx:290 < ScrollView@286{#log-interaction-screen} < View@284{root} < ⟨LogInteractionScreen⟩ < LogInteractionScreen@src/navigation/tabs/DigestStack.tsx:36 < route:LogContact@src/navigation/tabs/DigestStack.tsx || View@347{field} < {renderField}@542 < Fragment@542 < View@540{form} < ⟨TouchpointRefineForm⟩ < <TouchpointRefineForm>@src/screens/LogInteractionScreen.tsx:290 < ScrollView@286{#log-interaction-screen} < View@284{root} < ⟨LogInteractionScreen⟩ < LogInteractionScreen@src/navigation/tabs/EventsStack.tsx:36 < route:LogContact@src/navigation/tabs/EventsStack.tsx || View@347{field} < {renderField}@542 < Fragment@542 < View@540{form} < ⟨TouchpointRefineForm⟩ < <TouchpointRefineForm>@src/screens/LogInteractionScreen.tsx:290 < ScrollView@286{#log-interaction-screen} < View@284{root} < ⟨LogInteractionScreen⟩ < LogInteractionScreen@src/navigation/tabs/OrreryStack.tsx:60 < route:LogContact@src/navigation/tabs/OrreryStack.tsx || View@347{field} < {renderField}@542 < Fragment@542 < View@540{form} < ⟨TouchpointRefineForm⟩ < <TouchpointRefineForm>@src/screens/LogInteractionScreen.tsx:290 < ScrollView@286{#log-interaction-screen} < View@284{root} < ⟨LogInteractionScreen⟩ < LogInteractionScreen@src/navigation/tabs/SettingsStack.tsx:242 < route:LogContact@src/navigation/tabs/SettingsStack.tsx || (+16 more chains)",mixed
LogContact,src/components/TouchpointRefineForm.tsx:364,TouchpointRefineForm,Text,textSecondary,"Text 13/""600""",4.5,ESTIMATED(n/a),ESTIMATED(n/a),ESTIMATED(n/a),dense (veil galaxy 0.22 / standard 0.3),VERIFIED(hand-read 38.5-01),"HAND 38.5-01 [multi-render-site (c)]: field View (no fill) < renderField() in View{form}; bare under EditInteraction:181 and LogContact:290, backed under EditGroupEvent:269 / GroupLog:138 (screen bg background) and ParticipantOverrideEditor (Sheet / ScrollView bg background); string: ""Tone""; analyzer error: none (carried from v2) || AST: View@363{field} < {renderField}@542 < Fragment@542 < View@540{form} < ⟨TouchpointRefineForm⟩ < <TouchpointRefineForm>@src/screens/EditGroupEventScreen.tsx:269 < ScrollView@259 < backed:opaque View@258{bg background} || View@363{field} < {renderField}@542 < Fragment@542 < View@540{form} < ⟨TouchpointRefineForm⟩ < <TouchpointRefineForm>@src/screens/EditInteractionScreen.tsx:181 < ScrollView@159{#edit-interaction-screen} < ⟨EditInteractionScreen⟩ < EditInteractionScreen@src/navigation/tabs/DashboardStack.tsx:55 < route:EditInteraction@src/navigation/tabs/DashboardStack.tsx || View@363{field} < {renderField}@542 < Fragment@542 < View@540{form} < ⟨TouchpointRefineForm⟩ < <TouchpointRefineForm>@src/screens/EditInteractionScreen.tsx:181 < ScrollView@159{#edit-interaction-screen} < ⟨EditInteractionScreen⟩ < EditInteractionScreen@src/navigation/tabs/DigestStack.tsx:38 < route:EditInteraction@src/navigation/tabs/DigestStack.tsx || View@363{field} < {renderField}@542 < Fragment@542 < View@540{form} < ⟨TouchpointRefineForm⟩ < <TouchpointRefineForm>@src/screens/EditInteractionScreen.tsx:181 < ScrollView@159{#edit-interaction-screen} < ⟨EditInteractionScreen⟩ < EditInteractionScreen@src/navigation/tabs/EventsStack.tsx:38 < route:EditInteraction@src/navigation/tabs/EventsStack.tsx || View@363{field} < {renderField}@542 < Fragment@542 < View@540{form} < ⟨TouchpointRefineForm⟩ < <TouchpointRefineForm>@src/screens/EditInteractionScreen.tsx:181 < ScrollView@159{#edit-interaction-screen} < ⟨EditInteractionScreen⟩ < EditInteractionScreen@src/navigation/tabs/OrreryStack.tsx:69 < route:EditInteraction@src/navigation/tabs/OrreryStack.tsx || View@363{field} < {renderField}@542 < Fragment@542 < View@540{form} < ⟨TouchpointRefineForm⟩ < <TouchpointRefineForm>@src/screens/EditInteractionScreen.tsx:181 < ScrollView@159{#edit-interaction-screen} < ⟨EditInteractionScreen⟩ < EditInteractionScreen@src/navigation/tabs/SettingsStack.tsx:256 < route:EditInteraction@src/navigation/tabs/SettingsStack.tsx || View@363{field} < {renderField}@542 < Fragment@542 < View@540{form} < ⟨TouchpointRefineForm⟩ < <TouchpointRefineForm>@src/screens/GroupLogScreen.tsx:138 < ScrollView@109 < backed:opaque View@108{bg background} || View@363{field} < {renderField}@542 < Fragment@542 < View@540{form} < ⟨TouchpointRefineForm⟩ < <TouchpointRefineForm>@src/screens/LogInteractionScreen.tsx:290 < ScrollView@286{#log-interaction-screen} < View@284{root} < ⟨LogInteractionScreen⟩ < LogInteractionScreen@src/navigation/tabs/DashboardStack.tsx:42 < route:LogContact@src/navigation/tabs/DashboardStack.tsx || View@363{field} < {renderField}@542 < Fragment@542 < View@540{form} < ⟨TouchpointRefineForm⟩ < <TouchpointRefineForm>@src/screens/LogInteractionScreen.tsx:290 < ScrollView@286{#log-interaction-screen} < View@284{root} < ⟨LogInteractionScreen⟩ < LogInteractionScreen@src/navigation/tabs/DigestStack.tsx:36 < route:LogContact@src/navigation/tabs/DigestStack.tsx || View@363{field} < {renderField}@542 < Fragment@542 < View@540{form} < ⟨TouchpointRefineForm⟩ < <TouchpointRefineForm>@src/screens/LogInteractionScreen.tsx:290 < ScrollView@286{#log-interaction-screen} < View@284{root} < ⟨LogInteractionScreen⟩ < LogInteractionScreen@src/navigation/tabs/EventsStack.tsx:36 < route:LogContact@src/navigation/tabs/EventsStack.tsx || View@363{field} < {renderField}@542 < Fragment@542 < View@540{form} < ⟨TouchpointRefineForm⟩ < <TouchpointRefineForm>@src/screens/LogInteractionScreen.tsx:290 < ScrollView@286{#log-interaction-screen} < View@284{root} < ⟨LogInteractionScreen⟩ < LogInteractionScreen@src/navigation/tabs/OrreryStack.tsx:60 < route:LogContact@src/navigation/tabs/OrreryStack.tsx || View@363{field} < {renderField}@542 < Fragment@542 < View@540{form} < ⟨TouchpointRefineForm⟩ < <TouchpointRefineForm>@src/screens/LogInteractionScreen.tsx:290 < ScrollView@286{#log-interaction-screen} < View@284{root} < ⟨LogInteractionScreen⟩ < LogInteractionScreen@src/navigation/tabs/SettingsStack.tsx:242 < route:LogContact@src/navigation/tabs/SettingsStack.tsx || (+16 more chains)",mixed
LogContact,src/components/TouchpointRefineForm.tsx:394,TouchpointRefineForm,Text,textSecondary,"Text 13/""600""",4.5,ESTIMATED(n/a),ESTIMATED(n/a),ESTIMATED(n/a),dense (veil galaxy 0.22 / standard 0.3),VERIFIED(hand-read 38.5-01),"HAND 38.5-01 [multi-render-site (c)]: field View (no fill) < renderField() in View{form}; bare under EditInteraction:181 and LogContact:290, backed under EditGroupEvent:269 / GroupLog:138 (screen bg background) and ParticipantOverrideEditor (Sheet / ScrollView bg background); string: ""Note""; analyzer error: none (carried from v2) || AST: View@393{field} < {renderField}@542 < Fragment@542 < View@540{form} < ⟨TouchpointRefineForm⟩ < <TouchpointRefineForm>@src/screens/EditGroupEventScreen.tsx:269 < ScrollView@259 < backed:opaque View@258{bg background} || View@393{field} < {renderField}@542 < Fragment@542 < View@540{form} < ⟨TouchpointRefineForm⟩ < <TouchpointRefineForm>@src/screens/EditInteractionScreen.tsx:181 < ScrollView@159{#edit-interaction-screen} < ⟨EditInteractionScreen⟩ < EditInteractionScreen@src/navigation/tabs/DashboardStack.tsx:55 < route:EditInteraction@src/navigation/tabs/DashboardStack.tsx || View@393{field} < {renderField}@542 < Fragment@542 < View@540{form} < ⟨TouchpointRefineForm⟩ < <TouchpointRefineForm>@src/screens/EditInteractionScreen.tsx:181 < ScrollView@159{#edit-interaction-screen} < ⟨EditInteractionScreen⟩ < EditInteractionScreen@src/navigation/tabs/DigestStack.tsx:38 < route:EditInteraction@src/navigation/tabs/DigestStack.tsx || View@393{field} < {renderField}@542 < Fragment@542 < View@540{form} < ⟨TouchpointRefineForm⟩ < <TouchpointRefineForm>@src/screens/EditInteractionScreen.tsx:181 < ScrollView@159{#edit-interaction-screen} < ⟨EditInteractionScreen⟩ < EditInteractionScreen@src/navigation/tabs/EventsStack.tsx:38 < route:EditInteraction@src/navigation/tabs/EventsStack.tsx || View@393{field} < {renderField}@542 < Fragment@542 < View@540{form} < ⟨TouchpointRefineForm⟩ < <TouchpointRefineForm>@src/screens/EditInteractionScreen.tsx:181 < ScrollView@159{#edit-interaction-screen} < ⟨EditInteractionScreen⟩ < EditInteractionScreen@src/navigation/tabs/OrreryStack.tsx:69 < route:EditInteraction@src/navigation/tabs/OrreryStack.tsx || View@393{field} < {renderField}@542 < Fragment@542 < View@540{form} < ⟨TouchpointRefineForm⟩ < <TouchpointRefineForm>@src/screens/EditInteractionScreen.tsx:181 < ScrollView@159{#edit-interaction-screen} < ⟨EditInteractionScreen⟩ < EditInteractionScreen@src/navigation/tabs/SettingsStack.tsx:256 < route:EditInteraction@src/navigation/tabs/SettingsStack.tsx || View@393{field} < {renderField}@542 < Fragment@542 < View@540{form} < ⟨TouchpointRefineForm⟩ < <TouchpointRefineForm>@src/screens/GroupLogScreen.tsx:138 < ScrollView@109 < backed:opaque View@108{bg background} || View@393{field} < {renderField}@542 < Fragment@542 < View@540{form} < ⟨TouchpointRefineForm⟩ < <TouchpointRefineForm>@src/screens/LogInteractionScreen.tsx:290 < ScrollView@286{#log-interaction-screen} < View@284{root} < ⟨LogInteractionScreen⟩ < LogInteractionScreen@src/navigation/tabs/DashboardStack.tsx:42 < route:LogContact@src/navigation/tabs/DashboardStack.tsx || View@393{field} < {renderField}@542 < Fragment@542 < View@540{form} < ⟨TouchpointRefineForm⟩ < <TouchpointRefineForm>@src/screens/LogInteractionScreen.tsx:290 < ScrollView@286{#log-interaction-screen} < View@284{root} < ⟨LogInteractionScreen⟩ < LogInteractionScreen@src/navigation/tabs/DigestStack.tsx:36 < route:LogContact@src/navigation/tabs/DigestStack.tsx || View@393{field} < {renderField}@542 < Fragment@542 < View@540{form} < ⟨TouchpointRefineForm⟩ < <TouchpointRefineForm>@src/screens/LogInteractionScreen.tsx:290 < ScrollView@286{#log-interaction-screen} < View@284{root} < ⟨LogInteractionScreen⟩ < LogInteractionScreen@src/navigation/tabs/EventsStack.tsx:36 < route:LogContact@src/navigation/tabs/EventsStack.tsx || View@393{field} < {renderField}@542 < Fragment@542 < View@540{form} < ⟨TouchpointRefineForm⟩ < <TouchpointRefineForm>@src/screens/LogInteractionScreen.tsx:290 < ScrollView@286{#log-interaction-screen} < View@284{root} < ⟨LogInteractionScreen⟩ < LogInteractionScreen@src/navigation/tabs/OrreryStack.tsx:60 < route:LogContact@src/navigation/tabs/OrreryStack.tsx || View@393{field} < {renderField}@542 < Fragment@542 < View@540{form} < ⟨TouchpointRefineForm⟩ < <TouchpointRefineForm>@src/screens/LogInteractionScreen.tsx:290 < ScrollView@286{#log-interaction-screen} < View@284{root} < ⟨LogInteractionScreen⟩ < LogInteractionScreen@src/navigation/tabs/SettingsStack.tsx:242 < route:LogContact@src/navigation/tabs/SettingsStack.tsx || (+16 more chains)",mixed
LogContact,src/components/TouchpointRefineForm.tsx:423,TouchpointRefineForm,Text,textSecondary,"Text 13/""600""",4.5,ESTIMATED(n/a),ESTIMATED(n/a),ESTIMATED(n/a),dense (veil galaxy 0.22 / standard 0.3),VERIFIED(hand-read 38.5-01),"HAND 38.5-01 [multi-render-site (c)]: field View (no fill) < renderField() in View{form}; bare under EditInteraction:181 and LogContact:290, backed under EditGroupEvent:269 / GroupLog:138 (screen bg background) and ParticipantOverrideEditor (Sheet / ScrollView bg background); string: ""Duration""; analyzer error: none (carried from v2) || AST: View@422{field} < {renderField}@542 < Fragment@542 < View@540{form} < ⟨TouchpointRefineForm⟩ < <TouchpointRefineForm>@src/screens/EditGroupEventScreen.tsx:269 < ScrollView@259 < backed:opaque View@258{bg background} || View@422{field} < {renderField}@542 < Fragment@542 < View@540{form} < ⟨TouchpointRefineForm⟩ < <TouchpointRefineForm>@src/screens/EditInteractionScreen.tsx:181 < ScrollView@159{#edit-interaction-screen} < ⟨EditInteractionScreen⟩ < EditInteractionScreen@src/navigation/tabs/DashboardStack.tsx:55 < route:EditInteraction@src/navigation/tabs/DashboardStack.tsx || View@422{field} < {renderField}@542 < Fragment@542 < View@540{form} < ⟨TouchpointRefineForm⟩ < <TouchpointRefineForm>@src/screens/EditInteractionScreen.tsx:181 < ScrollView@159{#edit-interaction-screen} < ⟨EditInteractionScreen⟩ < EditInteractionScreen@src/navigation/tabs/DigestStack.tsx:38 < route:EditInteraction@src/navigation/tabs/DigestStack.tsx || View@422{field} < {renderField}@542 < Fragment@542 < View@540{form} < ⟨TouchpointRefineForm⟩ < <TouchpointRefineForm>@src/screens/EditInteractionScreen.tsx:181 < ScrollView@159{#edit-interaction-screen} < ⟨EditInteractionScreen⟩ < EditInteractionScreen@src/navigation/tabs/EventsStack.tsx:38 < route:EditInteraction@src/navigation/tabs/EventsStack.tsx || View@422{field} < {renderField}@542 < Fragment@542 < View@540{form} < ⟨TouchpointRefineForm⟩ < <TouchpointRefineForm>@src/screens/EditInteractionScreen.tsx:181 < ScrollView@159{#edit-interaction-screen} < ⟨EditInteractionScreen⟩ < EditInteractionScreen@src/navigation/tabs/OrreryStack.tsx:69 < route:EditInteraction@src/navigation/tabs/OrreryStack.tsx || View@422{field} < {renderField}@542 < Fragment@542 < View@540{form} < ⟨TouchpointRefineForm⟩ < <TouchpointRefineForm>@src/screens/EditInteractionScreen.tsx:181 < ScrollView@159{#edit-interaction-screen} < ⟨EditInteractionScreen⟩ < EditInteractionScreen@src/navigation/tabs/SettingsStack.tsx:256 < route:EditInteraction@src/navigation/tabs/SettingsStack.tsx || View@422{field} < {renderField}@542 < Fragment@542 < View@540{form} < ⟨TouchpointRefineForm⟩ < <TouchpointRefineForm>@src/screens/GroupLogScreen.tsx:138 < ScrollView@109 < backed:opaque View@108{bg background} || View@422{field} < {renderField}@542 < Fragment@542 < View@540{form} < ⟨TouchpointRefineForm⟩ < <TouchpointRefineForm>@src/screens/LogInteractionScreen.tsx:290 < ScrollView@286{#log-interaction-screen} < View@284{root} < ⟨LogInteractionScreen⟩ < LogInteractionScreen@src/navigation/tabs/DashboardStack.tsx:42 < route:LogContact@src/navigation/tabs/DashboardStack.tsx || View@422{field} < {renderField}@542 < Fragment@542 < View@540{form} < ⟨TouchpointRefineForm⟩ < <TouchpointRefineForm>@src/screens/LogInteractionScreen.tsx:290 < ScrollView@286{#log-interaction-screen} < View@284{root} < ⟨LogInteractionScreen⟩ < LogInteractionScreen@src/navigation/tabs/DigestStack.tsx:36 < route:LogContact@src/navigation/tabs/DigestStack.tsx || View@422{field} < {renderField}@542 < Fragment@542 < View@540{form} < ⟨TouchpointRefineForm⟩ < <TouchpointRefineForm>@src/screens/LogInteractionScreen.tsx:290 < ScrollView@286{#log-interaction-screen} < View@284{root} < ⟨LogInteractionScreen⟩ < LogInteractionScreen@src/navigation/tabs/EventsStack.tsx:36 < route:LogContact@src/navigation/tabs/EventsStack.tsx || View@422{field} < {renderField}@542 < Fragment@542 < View@540{form} < ⟨TouchpointRefineForm⟩ < <TouchpointRefineForm>@src/screens/LogInteractionScreen.tsx:290 < ScrollView@286{#log-interaction-screen} < View@284{root} < ⟨LogInteractionScreen⟩ < LogInteractionScreen@src/navigation/tabs/OrreryStack.tsx:60 < route:LogContact@src/navigation/tabs/OrreryStack.tsx || View@422{field} < {renderField}@542 < Fragment@542 < View@540{form} < ⟨TouchpointRefineForm⟩ < <TouchpointRefineForm>@src/screens/LogInteractionScreen.tsx:290 < ScrollView@286{#log-interaction-screen} < View@284{root} < ⟨LogInteractionScreen⟩ < LogInteractionScreen@src/navigation/tabs/SettingsStack.tsx:242 < route:LogContact@src/navigation/tabs/SettingsStack.tsx || (+16 more chains)",mixed
LogContact,src/components/TouchpointRefineForm.tsx:449,TouchpointRefineForm,Text,expr:colors[tone.label],Text ?,4.5,ESTIMATED(n/a),ESTIMATED(n/a),ESTIMATED(n/a),dense (veil galaxy 0.22 / standard 0.3),VERIFIED(hand-read 38.5-01),"CARRIED from v2 (unchanged code, re-read 38.5-09) || HAND 38.5-01: duration preset chip Pressable paints colors[tone.fill] = accent (selected) or surface (durationChipTone, touchpoint-refine-logic.ts:146); text sits on a solid fill; string: preset labels; analyzer error: false bare (computed cross-file fill key) || AST: Pressable@431{chip} < View@426{chipRow} < View@422{field} < {renderField}@542 < Fragment@542 < View@540{form} < ⟨TouchpointRefineForm⟩ < <TouchpointRefineForm>@src/screens/EditGroupEventScreen.tsx:269 < ScrollView@259 < backed:opaque View@258{bg background} || Pressable@431{chip} < View@426{chipRow} < View@422{field} < {renderField}@542 < Fragment@542 < View@540{form} < ⟨TouchpointRefineForm⟩ < <TouchpointRefineForm>@src/screens/EditInteractionScreen.tsx:181 < ScrollView@159{#edit-interaction-screen} < ⟨EditInteractionScreen⟩ < EditInteractionScreen@src/navigation/tabs/DashboardStack.tsx:55 < route:EditInteraction@src/navigation/tabs/DashboardStack.tsx || Pressable@431{chip} < View@426{chipRow} < View@422{field} < {renderField}@542 < Fragment@542 < View@540{form} < ⟨TouchpointRefineForm⟩ < <TouchpointRefineForm>@src/screens/EditInteractionScreen.tsx:181 < ScrollView@159{#edit-interaction-screen} < ⟨EditInteractionScreen⟩ < EditInteractionScreen@src/navigation/tabs/DigestStack.tsx:38 < route:EditInteraction@src/navigation/tabs/DigestStack.tsx || Pressable@431{chip} < View@426{chipRow} < View@422{field} < {renderField}@542 < Fragment@542 < View@540{form} < ⟨TouchpointRefineForm⟩ < <TouchpointRefineForm>@src/screens/EditInteractionScreen.tsx:181 < ScrollView@159{#edit-interaction-screen} < ⟨EditInteractionScreen⟩ < EditInteractionScreen@src/navigation/tabs/EventsStack.tsx:38 < route:EditInteraction@src/navigation/tabs/EventsStack.tsx || Pressable@431{chip} < View@426{chipRow} < View@422{field} < {renderField}@542 < Fragment@542 < View@540{form} < ⟨TouchpointRefineForm⟩ < <TouchpointRefineForm>@src/screens/EditInteractionScreen.tsx:181 < ScrollView@159{#edit-interaction-screen} < ⟨EditInteractionScreen⟩ < EditInteractionScreen@src/navigation/tabs/OrreryStack.tsx:69 < route:EditInteraction@src/navigation/tabs/OrreryStack.tsx || Pressable@431{chip} < View@426{chipRow} < View@422{field} < {renderField}@542 < Fragment@542 < View@540{form} < ⟨TouchpointRefineForm⟩ < <TouchpointRefineForm>@src/screens/EditInteractionScreen.tsx:181 < ScrollView@159{#edit-interaction-screen} < ⟨EditInteractionScreen⟩ < EditInteractionScreen@src/navigation/tabs/SettingsStack.tsx:256 < route:EditInteraction@src/navigation/tabs/SettingsStack.tsx || Pressable@431{chip} < View@426{chipRow} < View@422{field} < {renderField}@542 < Fragment@542 < View@540{form} < ⟨TouchpointRefineForm⟩ < <TouchpointRefineForm>@src/screens/GroupLogScreen.tsx:138 < ScrollView@109 < backed:opaque View@108{bg background} || Pressable@431{chip} < View@426{chipRow} < View@422{field} < {renderField}@542 < Fragment@542 < View@540{form} < ⟨TouchpointRefineForm⟩ < <TouchpointRefineForm>@src/screens/LogInteractionScreen.tsx:290 < ScrollView@286{#log-interaction-screen} < View@284{root} < ⟨LogInteractionScreen⟩ < LogInteractionScreen@src/navigation/tabs/DashboardStack.tsx:42 < route:LogContact@src/navigation/tabs/DashboardStack.tsx || Pressable@431{chip} < View@426{chipRow} < View@422{field} < {renderField}@542 < Fragment@542 < View@540{form} < ⟨TouchpointRefineForm⟩ < <TouchpointRefineForm>@src/screens/LogInteractionScreen.tsx:290 < ScrollView@286{#log-interaction-screen} < View@284{root} < ⟨LogInteractionScreen⟩ < LogInteractionScreen@src/navigation/tabs/DigestStack.tsx:36 < route:LogContact@src/navigation/tabs/DigestStack.tsx || Pressable@431{chip} < View@426{chipRow} < View@422{field} < {renderField}@542 < Fragment@542 < View@540{form} < ⟨TouchpointRefineForm⟩ < <TouchpointRefineForm>@src/screens/LogInteractionScreen.tsx:290 < ScrollView@286{#log-interaction-screen} < View@284{root} < ⟨LogInteractionScreen⟩ < LogInteractionScreen@src/navigation/tabs/EventsStack.tsx:36 < route:LogContact@src/navigation/tabs/EventsStack.tsx || Pressable@431{chip} < View@426{chipRow} < View@422{field} < {renderField}@542 < Fragment@542 < View@540{form} < ⟨TouchpointRefineForm⟩ < <TouchpointRefineForm>@src/screens/LogInteractionScreen.tsx:290 < ScrollView@286{#log-interaction-screen} < View@284{root} < ⟨LogInteractionScreen⟩ < LogInteractionScreen@src/navigation/tabs/OrreryStack.tsx:60 < route:LogContact@src/navigation/tabs/OrreryStack.tsx || Pressable@431{chip} < View@426{chipRow} < View@422{field} < {renderField}@542 < Fragment@542 < View@540{form} < ⟨TouchpointRefineForm⟩ < <TouchpointRefineForm>@src/screens/LogInteractionScreen.tsx:290 < ScrollView@286{#log-interaction-screen} < View@284{root} < ⟨LogInteractionScreen⟩ < LogInteractionScreen@src/navigation/tabs/SettingsStack.tsx:242 < route:LogContact@src/navigation/tabs/SettingsStack.tsx || (+16 more chains)",backed(hand-corrected)
LogContact,src/components/TouchpointRefineForm.tsx:472,TouchpointRefineForm,Text,expr:colors[noneTone.label],Text ?,4.5,ESTIMATED(n/a),ESTIMATED(n/a),ESTIMATED(n/a),dense (veil galaxy 0.22 / standard 0.3),VERIFIED(hand-read 38.5-01),"CARRIED from v2 (unchanged code, re-read 38.5-09) || HAND 38.5-01: ""None"" chip paints colors[noneTone.fill] (same durationChipTone); string: ""None""; analyzer error: false bare (computed cross-file fill key) || AST: Pressable@455{chip} < View@426{chipRow} < View@422{field} < {renderField}@542 < Fragment@542 < View@540{form} < ⟨TouchpointRefineForm⟩ < <TouchpointRefineForm>@src/screens/EditGroupEventScreen.tsx:269 < ScrollView@259 < backed:opaque View@258{bg background} || Pressable@455{chip} < View@426{chipRow} < View@422{field} < {renderField}@542 < Fragment@542 < View@540{form} < ⟨TouchpointRefineForm⟩ < <TouchpointRefineForm>@src/screens/EditInteractionScreen.tsx:181 < ScrollView@159{#edit-interaction-screen} < ⟨EditInteractionScreen⟩ < EditInteractionScreen@src/navigation/tabs/DashboardStack.tsx:55 < route:EditInteraction@src/navigation/tabs/DashboardStack.tsx || Pressable@455{chip} < View@426{chipRow} < View@422{field} < {renderField}@542 < Fragment@542 < View@540{form} < ⟨TouchpointRefineForm⟩ < <TouchpointRefineForm>@src/screens/EditInteractionScreen.tsx:181 < ScrollView@159{#edit-interaction-screen} < ⟨EditInteractionScreen⟩ < EditInteractionScreen@src/navigation/tabs/DigestStack.tsx:38 < route:EditInteraction@src/navigation/tabs/DigestStack.tsx || Pressable@455{chip} < View@426{chipRow} < View@422{field} < {renderField}@542 < Fragment@542 < View@540{form} < ⟨TouchpointRefineForm⟩ < <TouchpointRefineForm>@src/screens/EditInteractionScreen.tsx:181 < ScrollView@159{#edit-interaction-screen} < ⟨EditInteractionScreen⟩ < EditInteractionScreen@src/navigation/tabs/EventsStack.tsx:38 < route:EditInteraction@src/navigation/tabs/EventsStack.tsx || Pressable@455{chip} < View@426{chipRow} < View@422{field} < {renderField}@542 < Fragment@542 < View@540{form} < ⟨TouchpointRefineForm⟩ < <TouchpointRefineForm>@src/screens/EditInteractionScreen.tsx:181 < ScrollView@159{#edit-interaction-screen} < ⟨EditInteractionScreen⟩ < EditInteractionScreen@src/navigation/tabs/OrreryStack.tsx:69 < route:EditInteraction@src/navigation/tabs/OrreryStack.tsx || Pressable@455{chip} < View@426{chipRow} < View@422{field} < {renderField}@542 < Fragment@542 < View@540{form} < ⟨TouchpointRefineForm⟩ < <TouchpointRefineForm>@src/screens/EditInteractionScreen.tsx:181 < ScrollView@159{#edit-interaction-screen} < ⟨EditInteractionScreen⟩ < EditInteractionScreen@src/navigation/tabs/SettingsStack.tsx:256 < route:EditInteraction@src/navigation/tabs/SettingsStack.tsx || Pressable@455{chip} < View@426{chipRow} < View@422{field} < {renderField}@542 < Fragment@542 < View@540{form} < ⟨TouchpointRefineForm⟩ < <TouchpointRefineForm>@src/screens/GroupLogScreen.tsx:138 < ScrollView@109 < backed:opaque View@108{bg background} || Pressable@455{chip} < View@426{chipRow} < View@422{field} < {renderField}@542 < Fragment@542 < View@540{form} < ⟨TouchpointRefineForm⟩ < <TouchpointRefineForm>@src/screens/LogInteractionScreen.tsx:290 < ScrollView@286{#log-interaction-screen} < View@284{root} < ⟨LogInteractionScreen⟩ < LogInteractionScreen@src/navigation/tabs/DashboardStack.tsx:42 < route:LogContact@src/navigation/tabs/DashboardStack.tsx || Pressable@455{chip} < View@426{chipRow} < View@422{field} < {renderField}@542 < Fragment@542 < View@540{form} < ⟨TouchpointRefineForm⟩ < <TouchpointRefineForm>@src/screens/LogInteractionScreen.tsx:290 < ScrollView@286{#log-interaction-screen} < View@284{root} < ⟨LogInteractionScreen⟩ < LogInteractionScreen@src/navigation/tabs/DigestStack.tsx:36 < route:LogContact@src/navigation/tabs/DigestStack.tsx || Pressable@455{chip} < View@426{chipRow} < View@422{field} < {renderField}@542 < Fragment@542 < View@540{form} < ⟨TouchpointRefineForm⟩ < <TouchpointRefineForm>@src/screens/LogInteractionScreen.tsx:290 < ScrollView@286{#log-interaction-screen} < View@284{root} < ⟨LogInteractionScreen⟩ < LogInteractionScreen@src/navigation/tabs/EventsStack.tsx:36 < route:LogContact@src/navigation/tabs/EventsStack.tsx || Pressable@455{chip} < View@426{chipRow} < View@422{field} < {renderField}@542 < Fragment@542 < View@540{form} < ⟨TouchpointRefineForm⟩ < <TouchpointRefineForm>@src/screens/LogInteractionScreen.tsx:290 < ScrollView@286{#log-interaction-screen} < View@284{root} < ⟨LogInteractionScreen⟩ < LogInteractionScreen@src/navigation/tabs/OrreryStack.tsx:60 < route:LogContact@src/navigation/tabs/OrreryStack.tsx || Pressable@455{chip} < View@426{chipRow} < View@422{field} < {renderField}@542 < Fragment@542 < View@540{form} < ⟨TouchpointRefineForm⟩ < <TouchpointRefineForm>@src/screens/LogInteractionScreen.tsx:290 < ScrollView@286{#log-interaction-screen} < View@284{root} < ⟨LogInteractionScreen⟩ < LogInteractionScreen@src/navigation/tabs/SettingsStack.tsx:242 < route:LogContact@src/navigation/tabs/SettingsStack.tsx || (+16 more chains)",backed(hand-corrected)
LogContact,src/components/TouchpointRefineForm.tsx:498,TouchpointRefineForm,Text,textSecondary,Text 13,4.5,ESTIMATED(n/a),ESTIMATED(n/a),ESTIMATED(n/a),dense (veil galaxy 0.22 / standard 0.3),VERIFIED(hand-read 38.5-01),"HAND 38.5-01 [multi-render-site (c)]: field View (no fill) < renderField() in View{form}; bare under EditInteraction:181 and LogContact:290, backed under EditGroupEvent:269 / GroupLog:138 (screen bg background) and ParticipantOverrideEditor (Sheet / ScrollView bg background); string: formatDurationLabel(duration); analyzer error: none (carried from v2) || AST: View@422{field} < {renderField}@542 < Fragment@542 < View@540{form} < ⟨TouchpointRefineForm⟩ < <TouchpointRefineForm>@src/screens/EditGroupEventScreen.tsx:269 < ScrollView@259 < backed:opaque View@258{bg background} || View@422{field} < {renderField}@542 < Fragment@542 < View@540{form} < ⟨TouchpointRefineForm⟩ < <TouchpointRefineForm>@src/screens/EditInteractionScreen.tsx:181 < ScrollView@159{#edit-interaction-screen} < ⟨EditInteractionScreen⟩ < EditInteractionScreen@src/navigation/tabs/DashboardStack.tsx:55 < route:EditInteraction@src/navigation/tabs/DashboardStack.tsx || View@422{field} < {renderField}@542 < Fragment@542 < View@540{form} < ⟨TouchpointRefineForm⟩ < <TouchpointRefineForm>@src/screens/EditInteractionScreen.tsx:181 < ScrollView@159{#edit-interaction-screen} < ⟨EditInteractionScreen⟩ < EditInteractionScreen@src/navigation/tabs/DigestStack.tsx:38 < route:EditInteraction@src/navigation/tabs/DigestStack.tsx || View@422{field} < {renderField}@542 < Fragment@542 < View@540{form} < ⟨TouchpointRefineForm⟩ < <TouchpointRefineForm>@src/screens/EditInteractionScreen.tsx:181 < ScrollView@159{#edit-interaction-screen} < ⟨EditInteractionScreen⟩ < EditInteractionScreen@src/navigation/tabs/EventsStack.tsx:38 < route:EditInteraction@src/navigation/tabs/EventsStack.tsx || View@422{field} < {renderField}@542 < Fragment@542 < View@540{form} < ⟨TouchpointRefineForm⟩ < <TouchpointRefineForm>@src/screens/EditInteractionScreen.tsx:181 < ScrollView@159{#edit-interaction-screen} < ⟨EditInteractionScreen⟩ < EditInteractionScreen@src/navigation/tabs/OrreryStack.tsx:69 < route:EditInteraction@src/navigation/tabs/OrreryStack.tsx || View@422{field} < {renderField}@542 < Fragment@542 < View@540{form} < ⟨TouchpointRefineForm⟩ < <TouchpointRefineForm>@src/screens/EditInteractionScreen.tsx:181 < ScrollView@159{#edit-interaction-screen} < ⟨EditInteractionScreen⟩ < EditInteractionScreen@src/navigation/tabs/SettingsStack.tsx:256 < route:EditInteraction@src/navigation/tabs/SettingsStack.tsx || View@422{field} < {renderField}@542 < Fragment@542 < View@540{form} < ⟨TouchpointRefineForm⟩ < <TouchpointRefineForm>@src/screens/GroupLogScreen.tsx:138 < ScrollView@109 < backed:opaque View@108{bg background} || View@422{field} < {renderField}@542 < Fragment@542 < View@540{form} < ⟨TouchpointRefineForm⟩ < <TouchpointRefineForm>@src/screens/LogInteractionScreen.tsx:290 < ScrollView@286{#log-interaction-screen} < View@284{root} < ⟨LogInteractionScreen⟩ < LogInteractionScreen@src/navigation/tabs/DashboardStack.tsx:42 < route:LogContact@src/navigation/tabs/DashboardStack.tsx || View@422{field} < {renderField}@542 < Fragment@542 < View@540{form} < ⟨TouchpointRefineForm⟩ < <TouchpointRefineForm>@src/screens/LogInteractionScreen.tsx:290 < ScrollView@286{#log-interaction-screen} < View@284{root} < ⟨LogInteractionScreen⟩ < LogInteractionScreen@src/navigation/tabs/DigestStack.tsx:36 < route:LogContact@src/navigation/tabs/DigestStack.tsx || View@422{field} < {renderField}@542 < Fragment@542 < View@540{form} < ⟨TouchpointRefineForm⟩ < <TouchpointRefineForm>@src/screens/LogInteractionScreen.tsx:290 < ScrollView@286{#log-interaction-screen} < View@284{root} < ⟨LogInteractionScreen⟩ < LogInteractionScreen@src/navigation/tabs/EventsStack.tsx:36 < route:LogContact@src/navigation/tabs/EventsStack.tsx || View@422{field} < {renderField}@542 < Fragment@542 < View@540{form} < ⟨TouchpointRefineForm⟩ < <TouchpointRefineForm>@src/screens/LogInteractionScreen.tsx:290 < ScrollView@286{#log-interaction-screen} < View@284{root} < ⟨LogInteractionScreen⟩ < LogInteractionScreen@src/navigation/tabs/OrreryStack.tsx:60 < route:LogContact@src/navigation/tabs/OrreryStack.tsx || View@422{field} < {renderField}@542 < Fragment@542 < View@540{form} < ⟨TouchpointRefineForm⟩ < <TouchpointRefineForm>@src/screens/LogInteractionScreen.tsx:290 < ScrollView@286{#log-interaction-screen} < View@284{root} < ⟨LogInteractionScreen⟩ < LogInteractionScreen@src/navigation/tabs/SettingsStack.tsx:242 < route:LogContact@src/navigation/tabs/SettingsStack.tsx || (+16 more chains)",mixed
LogContact,src/components/TouchpointRefineForm.tsx:512,TouchpointRefineForm,Text,textPrimary,"Text 13/""600""",4.5,ESTIMATED(n/a),ESTIMATED(n/a),ESTIMATED(n/a),dense (veil galaxy 0.22 / standard 0.3),VERIFIED(hand-read 38.5-01),"HAND 38.5-01 [multi-render-site (c)]: field View (no fill) < renderField() in View{form}; bare under EditInteraction:181 and LogContact:290, backed under EditGroupEvent:269 / GroupLog:138 (screen bg background) and ParticipantOverrideEditor (Sheet / ScrollView bg background); string: ""Allow AI""; analyzer error: none (carried from v2) || AST: View@511{toggleRow} < View@510{field} < {renderField}@542 < Fragment@542 < View@540{form} < ⟨TouchpointRefineForm⟩ < <TouchpointRefineForm>@src/screens/EditGroupEventScreen.tsx:269 < ScrollView@259 < backed:opaque View@258{bg background} || View@511{toggleRow} < View@510{field} < {renderField}@542 < Fragment@542 < View@540{form} < ⟨TouchpointRefineForm⟩ < <TouchpointRefineForm>@src/screens/EditInteractionScreen.tsx:181 < ScrollView@159{#edit-interaction-screen} < ⟨EditInteractionScreen⟩ < EditInteractionScreen@src/navigation/tabs/DashboardStack.tsx:55 < route:EditInteraction@src/navigation/tabs/DashboardStack.tsx || View@511{toggleRow} < View@510{field} < {renderField}@542 < Fragment@542 < View@540{form} < ⟨TouchpointRefineForm⟩ < <TouchpointRefineForm>@src/screens/EditInteractionScreen.tsx:181 < ScrollView@159{#edit-interaction-screen} < ⟨EditInteractionScreen⟩ < EditInteractionScreen@src/navigation/tabs/DigestStack.tsx:38 < route:EditInteraction@src/navigation/tabs/DigestStack.tsx || View@511{toggleRow} < View@510{field} < {renderField}@542 < Fragment@542 < View@540{form} < ⟨TouchpointRefineForm⟩ < <TouchpointRefineForm>@src/screens/EditInteractionScreen.tsx:181 < ScrollView@159{#edit-interaction-screen} < ⟨EditInteractionScreen⟩ < EditInteractionScreen@src/navigation/tabs/EventsStack.tsx:38 < route:EditInteraction@src/navigation/tabs/EventsStack.tsx || View@511{toggleRow} < View@510{field} < {renderField}@542 < Fragment@542 < View@540{form} < ⟨TouchpointRefineForm⟩ < <TouchpointRefineForm>@src/screens/EditInteractionScreen.tsx:181 < ScrollView@159{#edit-interaction-screen} < ⟨EditInteractionScreen⟩ < EditInteractionScreen@src/navigation/tabs/OrreryStack.tsx:69 < route:EditInteraction@src/navigation/tabs/OrreryStack.tsx || View@511{toggleRow} < View@510{field} < {renderField}@542 < Fragment@542 < View@540{form} < ⟨TouchpointRefineForm⟩ < <TouchpointRefineForm>@src/screens/EditInteractionScreen.tsx:181 < ScrollView@159{#edit-interaction-screen} < ⟨EditInteractionScreen⟩ < EditInteractionScreen@src/navigation/tabs/SettingsStack.tsx:256 < route:EditInteraction@src/navigation/tabs/SettingsStack.tsx || View@511{toggleRow} < View@510{field} < {renderField}@542 < Fragment@542 < View@540{form} < ⟨TouchpointRefineForm⟩ < <TouchpointRefineForm>@src/screens/GroupLogScreen.tsx:138 < ScrollView@109 < backed:opaque View@108{bg background} || View@511{toggleRow} < View@510{field} < {renderField}@542 < Fragment@542 < View@540{form} < ⟨TouchpointRefineForm⟩ < <TouchpointRefineForm>@src/screens/LogInteractionScreen.tsx:290 < ScrollView@286{#log-interaction-screen} < View@284{root} < ⟨LogInteractionScreen⟩ < LogInteractionScreen@src/navigation/tabs/DashboardStack.tsx:42 < route:LogContact@src/navigation/tabs/DashboardStack.tsx || View@511{toggleRow} < View@510{field} < {renderField}@542 < Fragment@542 < View@540{form} < ⟨TouchpointRefineForm⟩ < <TouchpointRefineForm>@src/screens/LogInteractionScreen.tsx:290 < ScrollView@286{#log-interaction-screen} < View@284{root} < ⟨LogInteractionScreen⟩ < LogInteractionScreen@src/navigation/tabs/DigestStack.tsx:36 < route:LogContact@src/navigation/tabs/DigestStack.tsx || View@511{toggleRow} < View@510{field} < {renderField}@542 < Fragment@542 < View@540{form} < ⟨TouchpointRefineForm⟩ < <TouchpointRefineForm>@src/screens/LogInteractionScreen.tsx:290 < ScrollView@286{#log-interaction-screen} < View@284{root} < ⟨LogInteractionScreen⟩ < LogInteractionScreen@src/navigation/tabs/EventsStack.tsx:36 < route:LogContact@src/navigation/tabs/EventsStack.tsx || View@511{toggleRow} < View@510{field} < {renderField}@542 < Fragment@542 < View@540{form} < ⟨TouchpointRefineForm⟩ < <TouchpointRefineForm>@src/screens/LogInteractionScreen.tsx:290 < ScrollView@286{#log-interaction-screen} < View@284{root} < ⟨LogInteractionScreen⟩ < LogInteractionScreen@src/navigation/tabs/OrreryStack.tsx:60 < route:LogContact@src/navigation/tabs/OrreryStack.tsx || View@511{toggleRow} < View@510{field} < {renderField}@542 < Fragment@542 < View@540{form} < ⟨TouchpointRefineForm⟩ < <TouchpointRefineForm>@src/screens/LogInteractionScreen.tsx:290 < ScrollView@286{#log-interaction-screen} < View@284{root} < ⟨LogInteractionScreen⟩ < LogInteractionScreen@src/navigation/tabs/SettingsStack.tsx:242 < route:LogContact@src/navigation/tabs/SettingsStack.tsx || (+16 more chains)",mixed
LogContact,src/components/TouchpointRefineForm.tsx:525,TouchpointRefineForm,Text,textSecondary,Text 13,4.5,ESTIMATED(n/a),ESTIMATED(n/a),ESTIMATED(n/a),dense (veil galaxy 0.22 / standard 0.3),VERIFIED(hand-read 38.5-01),"HAND 38.5-01 [multi-render-site (c)]: field View (no fill) < renderField() in View{form}; bare under EditInteraction:181 and LogContact:290, backed under EditGroupEvent:269 / GroupLog:138 (screen bg background) and ParticipantOverrideEditor (Sheet / ScrollView bg background); string: allowAiCaption; analyzer error: none (carried from v2) || AST: View@510{field} < {renderField}@542 < Fragment@542 < View@540{form} < ⟨TouchpointRefineForm⟩ < <TouchpointRefineForm>@src/screens/EditGroupEventScreen.tsx:269 < ScrollView@259 < backed:opaque View@258{bg background} || View@510{field} < {renderField}@542 < Fragment@542 < View@540{form} < ⟨TouchpointRefineForm⟩ < <TouchpointRefineForm>@src/screens/EditInteractionScreen.tsx:181 < ScrollView@159{#edit-interaction-screen} < ⟨EditInteractionScreen⟩ < EditInteractionScreen@src/navigation/tabs/DashboardStack.tsx:55 < route:EditInteraction@src/navigation/tabs/DashboardStack.tsx || View@510{field} < {renderField}@542 < Fragment@542 < View@540{form} < ⟨TouchpointRefineForm⟩ < <TouchpointRefineForm>@src/screens/EditInteractionScreen.tsx:181 < ScrollView@159{#edit-interaction-screen} < ⟨EditInteractionScreen⟩ < EditInteractionScreen@src/navigation/tabs/DigestStack.tsx:38 < route:EditInteraction@src/navigation/tabs/DigestStack.tsx || View@510{field} < {renderField}@542 < Fragment@542 < View@540{form} < ⟨TouchpointRefineForm⟩ < <TouchpointRefineForm>@src/screens/EditInteractionScreen.tsx:181 < ScrollView@159{#edit-interaction-screen} < ⟨EditInteractionScreen⟩ < EditInteractionScreen@src/navigation/tabs/EventsStack.tsx:38 < route:EditInteraction@src/navigation/tabs/EventsStack.tsx || View@510{field} < {renderField}@542 < Fragment@542 < View@540{form} < ⟨TouchpointRefineForm⟩ < <TouchpointRefineForm>@src/screens/EditInteractionScreen.tsx:181 < ScrollView@159{#edit-interaction-screen} < ⟨EditInteractionScreen⟩ < EditInteractionScreen@src/navigation/tabs/OrreryStack.tsx:69 < route:EditInteraction@src/navigation/tabs/OrreryStack.tsx || View@510{field} < {renderField}@542 < Fragment@542 < View@540{form} < ⟨TouchpointRefineForm⟩ < <TouchpointRefineForm>@src/screens/EditInteractionScreen.tsx:181 < ScrollView@159{#edit-interaction-screen} < ⟨EditInteractionScreen⟩ < EditInteractionScreen@src/navigation/tabs/SettingsStack.tsx:256 < route:EditInteraction@src/navigation/tabs/SettingsStack.tsx || View@510{field} < {renderField}@542 < Fragment@542 < View@540{form} < ⟨TouchpointRefineForm⟩ < <TouchpointRefineForm>@src/screens/GroupLogScreen.tsx:138 < ScrollView@109 < backed:opaque View@108{bg background} || View@510{field} < {renderField}@542 < Fragment@542 < View@540{form} < ⟨TouchpointRefineForm⟩ < <TouchpointRefineForm>@src/screens/LogInteractionScreen.tsx:290 < ScrollView@286{#log-interaction-screen} < View@284{root} < ⟨LogInteractionScreen⟩ < LogInteractionScreen@src/navigation/tabs/DashboardStack.tsx:42 < route:LogContact@src/navigation/tabs/DashboardStack.tsx || View@510{field} < {renderField}@542 < Fragment@542 < View@540{form} < ⟨TouchpointRefineForm⟩ < <TouchpointRefineForm>@src/screens/LogInteractionScreen.tsx:290 < ScrollView@286{#log-interaction-screen} < View@284{root} < ⟨LogInteractionScreen⟩ < LogInteractionScreen@src/navigation/tabs/DigestStack.tsx:36 < route:LogContact@src/navigation/tabs/DigestStack.tsx || View@510{field} < {renderField}@542 < Fragment@542 < View@540{form} < ⟨TouchpointRefineForm⟩ < <TouchpointRefineForm>@src/screens/LogInteractionScreen.tsx:290 < ScrollView@286{#log-interaction-screen} < View@284{root} < ⟨LogInteractionScreen⟩ < LogInteractionScreen@src/navigation/tabs/EventsStack.tsx:36 < route:LogContact@src/navigation/tabs/EventsStack.tsx || View@510{field} < {renderField}@542 < Fragment@542 < View@540{form} < ⟨TouchpointRefineForm⟩ < <TouchpointRefineForm>@src/screens/LogInteractionScreen.tsx:290 < ScrollView@286{#log-interaction-screen} < View@284{root} < ⟨LogInteractionScreen⟩ < LogInteractionScreen@src/navigation/tabs/OrreryStack.tsx:60 < route:LogContact@src/navigation/tabs/OrreryStack.tsx || View@510{field} < {renderField}@542 < Fragment@542 < View@540{form} < ⟨TouchpointRefineForm⟩ < <TouchpointRefineForm>@src/screens/LogInteractionScreen.tsx:290 < ScrollView@286{#log-interaction-screen} < View@284{root} < ⟨LogInteractionScreen⟩ < LogInteractionScreen@src/navigation/tabs/SettingsStack.tsx:242 < route:LogContact@src/navigation/tabs/SettingsStack.tsx || (+16 more chains)",mixed
LogContact,src/components/TouchpointRefineForm.tsx:557,TouchpointRefineForm,Text,accentText,"Text 15/""600""",4.5,ESTIMATED(n/a),ESTIMATED(n/a),ESTIMATED(n/a),dense (veil galaxy 0.22 / standard 0.3),VERIFIED(hand-read 38.5-01),"HAND 38.5-01 [multi-render-site (c)]: More Options toggle Pressable{moreToggle} (no fill) < View{field} < View{form}; same render sites as the fields; string: ""More Options"" / ""Hide options""; analyzer error: none (carried from v2) || AST: Pressable@549{moreToggle} < View@548{field} < View@540{form} < ⟨TouchpointRefineForm⟩ < <TouchpointRefineForm>@src/screens/EditGroupEventScreen.tsx:269 < ScrollView@259 < backed:opaque View@258{bg background} || Pressable@549{moreToggle} < View@548{field} < View@540{form} < ⟨TouchpointRefineForm⟩ < <TouchpointRefineForm>@src/screens/EditInteractionScreen.tsx:181 < ScrollView@159{#edit-interaction-screen} < ⟨EditInteractionScreen⟩ < EditInteractionScreen@src/navigation/tabs/DashboardStack.tsx:55 < route:EditInteraction@src/navigation/tabs/DashboardStack.tsx || Pressable@549{moreToggle} < View@548{field} < View@540{form} < ⟨TouchpointRefineForm⟩ < <TouchpointRefineForm>@src/screens/EditInteractionScreen.tsx:181 < ScrollView@159{#edit-interaction-screen} < ⟨EditInteractionScreen⟩ < EditInteractionScreen@src/navigation/tabs/DigestStack.tsx:38 < route:EditInteraction@src/navigation/tabs/DigestStack.tsx || Pressable@549{moreToggle} < View@548{field} < View@540{form} < ⟨TouchpointRefineForm⟩ < <TouchpointRefineForm>@src/screens/EditInteractionScreen.tsx:181 < ScrollView@159{#edit-interaction-screen} < ⟨EditInteractionScreen⟩ < EditInteractionScreen@src/navigation/tabs/EventsStack.tsx:38 < route:EditInteraction@src/navigation/tabs/EventsStack.tsx || Pressable@549{moreToggle} < View@548{field} < View@540{form} < ⟨TouchpointRefineForm⟩ < <TouchpointRefineForm>@src/screens/EditInteractionScreen.tsx:181 < ScrollView@159{#edit-interaction-screen} < ⟨EditInteractionScreen⟩ < EditInteractionScreen@src/navigation/tabs/OrreryStack.tsx:69 < route:EditInteraction@src/navigation/tabs/OrreryStack.tsx || Pressable@549{moreToggle} < View@548{field} < View@540{form} < ⟨TouchpointRefineForm⟩ < <TouchpointRefineForm>@src/screens/EditInteractionScreen.tsx:181 < ScrollView@159{#edit-interaction-screen} < ⟨EditInteractionScreen⟩ < EditInteractionScreen@src/navigation/tabs/SettingsStack.tsx:256 < route:EditInteraction@src/navigation/tabs/SettingsStack.tsx || Pressable@549{moreToggle} < View@548{field} < View@540{form} < ⟨TouchpointRefineForm⟩ < <TouchpointRefineForm>@src/screens/GroupLogScreen.tsx:138 < ScrollView@109 < backed:opaque View@108{bg background} || Pressable@549{moreToggle} < View@548{field} < View@540{form} < ⟨TouchpointRefineForm⟩ < <TouchpointRefineForm>@src/screens/LogInteractionScreen.tsx:290 < ScrollView@286{#log-interaction-screen} < View@284{root} < ⟨LogInteractionScreen⟩ < LogInteractionScreen@src/navigation/tabs/DashboardStack.tsx:42 < route:LogContact@src/navigation/tabs/DashboardStack.tsx || Pressable@549{moreToggle} < View@548{field} < View@540{form} < ⟨TouchpointRefineForm⟩ < <TouchpointRefineForm>@src/screens/LogInteractionScreen.tsx:290 < ScrollView@286{#log-interaction-screen} < View@284{root} < ⟨LogInteractionScreen⟩ < LogInteractionScreen@src/navigation/tabs/DigestStack.tsx:36 < route:LogContact@src/navigation/tabs/DigestStack.tsx || Pressable@549{moreToggle} < View@548{field} < View@540{form} < ⟨TouchpointRefineForm⟩ < <TouchpointRefineForm>@src/screens/LogInteractionScreen.tsx:290 < ScrollView@286{#log-interaction-screen} < View@284{root} < ⟨LogInteractionScreen⟩ < LogInteractionScreen@src/navigation/tabs/EventsStack.tsx:36 < route:LogContact@src/navigation/tabs/EventsStack.tsx || Pressable@549{moreToggle} < View@548{field} < View@540{form} < ⟨TouchpointRefineForm⟩ < <TouchpointRefineForm>@src/screens/LogInteractionScreen.tsx:290 < ScrollView@286{#log-interaction-screen} < View@284{root} < ⟨LogInteractionScreen⟩ < LogInteractionScreen@src/navigation/tabs/OrreryStack.tsx:60 < route:LogContact@src/navigation/tabs/OrreryStack.tsx || Pressable@549{moreToggle} < View@548{field} < View@540{form} < ⟨TouchpointRefineForm⟩ < <TouchpointRefineForm>@src/screens/LogInteractionScreen.tsx:290 < ScrollView@286{#log-interaction-screen} < View@284{root} < ⟨LogInteractionScreen⟩ < LogInteractionScreen@src/navigation/tabs/SettingsStack.tsx:242 < route:LogContact@src/navigation/tabs/SettingsStack.tsx || (+2 more chains)",mixed
LogContact,src/screens/LogInteractionScreen.tsx:264,LogInteractionScreen,AppText,textSecondary(default),caption 14/400,4.5,ESTIMATED(n/a),ESTIMATED(n/a),ESTIMATED(n/a),dense (veil galaxy 0.22 / standard 0.3),VERIFIED(hand-read 38.5-01),"HAND 38.5-01 [sample(c) seed 385001]: loading early return View{loading} < View{root} (ShellAppBar sibling); string: ""Loading…""; analyzer error: none (carried from v2) || AST: View@263{loading} < View@261{root} < ⟨LogInteractionScreen⟩ < LogInteractionScreen@src/navigation/tabs/DashboardStack.tsx:42 < route:LogContact@src/navigation/tabs/DashboardStack.tsx || View@263{loading} < View@261{root} < ⟨LogInteractionScreen⟩ < LogInteractionScreen@src/navigation/tabs/DigestStack.tsx:36 < route:LogContact@src/navigation/tabs/DigestStack.tsx || View@263{loading} < View@261{root} < ⟨LogInteractionScreen⟩ < LogInteractionScreen@src/navigation/tabs/EventsStack.tsx:36 < route:LogContact@src/navigation/tabs/EventsStack.tsx || View@263{loading} < View@261{root} < ⟨LogInteractionScreen⟩ < LogInteractionScreen@src/navigation/tabs/OrreryStack.tsx:60 < route:LogContact@src/navigation/tabs/OrreryStack.tsx || View@263{loading} < View@261{root} < ⟨LogInteractionScreen⟩ < LogInteractionScreen@src/navigation/tabs/SettingsStack.tsx:242 < route:LogContact@src/navigation/tabs/SettingsStack.tsx",bare
LogContact,src/screens/LogInteractionScreen.tsx:302,LogInteractionScreen,AppText,danger,caption 14/400,4.5,ESTIMATED(n/a),ESTIMATED(n/a),ESTIMATED(n/a),dense (veil galaxy 0.22 / standard 0.3),VERIFIED(hand-read 38.5-01),"HAND 38.5-01 [danger (a)]: ScrollView{content} < View{root} (ShellAppBar is a sibling) < route LogContact (5 stacks); string: ""Couldn't save. Please try again."" (SAVE_FAILED_MESSAGE); analyzer error: none (carried from v2) || AST: ScrollView@286{#log-interaction-screen} < View@284{root} < ⟨LogInteractionScreen⟩ < LogInteractionScreen@src/navigation/tabs/DashboardStack.tsx:42 < route:LogContact@src/navigation/tabs/DashboardStack.tsx || ScrollView@286{#log-interaction-screen} < View@284{root} < ⟨LogInteractionScreen⟩ < LogInteractionScreen@src/navigation/tabs/DigestStack.tsx:36 < route:LogContact@src/navigation/tabs/DigestStack.tsx || ScrollView@286{#log-interaction-screen} < View@284{root} < ⟨LogInteractionScreen⟩ < LogInteractionScreen@src/navigation/tabs/EventsStack.tsx:36 < route:LogContact@src/navigation/tabs/EventsStack.tsx || ScrollView@286{#log-interaction-screen} < View@284{root} < ⟨LogInteractionScreen⟩ < LogInteractionScreen@src/navigation/tabs/OrreryStack.tsx:60 < route:LogContact@src/navigation/tabs/OrreryStack.tsx || ScrollView@286{#log-interaction-screen} < View@284{root} < ⟨LogInteractionScreen⟩ < LogInteractionScreen@src/navigation/tabs/SettingsStack.tsx:242 < route:LogContact@src/navigation/tabs/SettingsStack.tsx",bare
Memory,src/components/MemoryEditor.tsx:299,MemoryEditor,AppText,accentText,body 16/400,4.5,ESTIMATED(n/a),ESTIMATED(n/a),ESTIMATED(n/a),dense (veil galaxy 0.22 / standard 0.3),VERIFIED(hand-read 38.5-01),"HAND 38.5-01: token accent->accentText since the brief (38.4-16 d822085 / 38.4-review 6407fb1 misrole swap); Pressable{action} border only < View{container}; bare under Memory:283 and ThingsToRemember:640/:687 (border-only group Views), backed under Create/Edit (AccordionSection); string: memory action label; analyzer error: none (carried from v2) || AST: Pressable@293{action} < View@283{container} < ⟨MemoryEditor⟩ < <MemoryEditor>@src/screens/CreateContactScreen.tsx:716 < backed:opaque AccordionSection@710 via AccordionSection.children || Pressable@293{action} < View@283{container} < ⟨MemoryEditor⟩ < <MemoryEditor>@src/screens/EditContactScreen.tsx:1602 < backed:opaque AccordionSection@1595 via AccordionSection.children || Pressable@293{action} < View@283{container} < ⟨MemoryEditor⟩ < <MemoryEditor>@src/screens/MemoryScreen.tsx:283 < ScrollView@257 < View@255{root} < ⟨MemoryScreen⟩ < MemoryScreen@src/navigation/tabs/DashboardStack.tsx:45 < route:Memory@src/navigation/tabs/DashboardStack.tsx || Pressable@293{action} < View@283{container} < ⟨MemoryEditor⟩ < <MemoryEditor>@src/screens/ThingsToRememberScreen.tsx:640 < View@634{group} < ScrollView@439{#things-to-remember-screen} < ⟨ThingsToRememberScreen⟩ < ThingsToRememberScreen@src/navigation/tabs/DashboardStack.tsx:49 < route:ThingsToRemember@src/navigation/tabs/DashboardStack.tsx || Pressable@293{action} < View@283{container} < ⟨MemoryEditor⟩ < <MemoryEditor>@src/screens/ThingsToRememberScreen.tsx:640 < View@634{group} < ScrollView@439{#things-to-remember-screen} < ⟨ThingsToRememberScreen⟩ < ThingsToRememberScreen@src/navigation/tabs/DigestStack.tsx:39 < route:ThingsToRemember@src/navigation/tabs/DigestStack.tsx || Pressable@293{action} < View@283{container} < ⟨MemoryEditor⟩ < <MemoryEditor>@src/screens/ThingsToRememberScreen.tsx:640 < View@634{group} < ScrollView@439{#things-to-remember-screen} < ⟨ThingsToRememberScreen⟩ < ThingsToRememberScreen@src/navigation/tabs/EventsStack.tsx:39 < route:ThingsToRemember@src/navigation/tabs/EventsStack.tsx || Pressable@293{action} < View@283{container} < ⟨MemoryEditor⟩ < <MemoryEditor>@src/screens/ThingsToRememberScreen.tsx:640 < View@634{group} < ScrollView@439{#things-to-remember-screen} < ⟨ThingsToRememberScreen⟩ < ThingsToRememberScreen@src/navigation/tabs/OrreryStack.tsx:63 < route:ThingsToRemember@src/navigation/tabs/OrreryStack.tsx || Pressable@293{action} < View@283{container} < ⟨MemoryEditor⟩ < <MemoryEditor>@src/screens/ThingsToRememberScreen.tsx:640 < View@634{group} < ScrollView@439{#things-to-remember-screen} < ⟨ThingsToRememberScreen⟩ < ThingsToRememberScreen@src/navigation/tabs/SettingsStack.tsx:249 < route:ThingsToRemember@src/navigation/tabs/SettingsStack.tsx || Pressable@293{action} < View@283{container} < ⟨MemoryEditor⟩ < <MemoryEditor>@src/screens/ThingsToRememberScreen.tsx:687 < ScrollView@439{#things-to-remember-screen} < ⟨ThingsToRememberScreen⟩ < ThingsToRememberScreen@src/navigation/tabs/DashboardStack.tsx:49 < route:ThingsToRemember@src/navigation/tabs/DashboardStack.tsx || Pressable@293{action} < View@283{container} < ⟨MemoryEditor⟩ < <MemoryEditor>@src/screens/ThingsToRememberScreen.tsx:687 < ScrollView@439{#things-to-remember-screen} < ⟨ThingsToRememberScreen⟩ < ThingsToRememberScreen@src/navigation/tabs/DigestStack.tsx:39 < route:ThingsToRemember@src/navigation/tabs/DigestStack.tsx || Pressable@293{action} < View@283{container} < ⟨MemoryEditor⟩ < <MemoryEditor>@src/screens/ThingsToRememberScreen.tsx:687 < ScrollView@439{#things-to-remember-screen} < ⟨ThingsToRememberScreen⟩ < ThingsToRememberScreen@src/navigation/tabs/EventsStack.tsx:39 < route:ThingsToRemember@src/navigation/tabs/EventsStack.tsx || Pressable@293{action} < View@283{container} < ⟨MemoryEditor⟩ < <MemoryEditor>@src/screens/ThingsToRememberScreen.tsx:687 < ScrollView@439{#things-to-remember-screen} < ⟨ThingsToRememberScreen⟩ < ThingsToRememberScreen@src/navigation/tabs/OrreryStack.tsx:63 < route:ThingsToRemember@src/navigation/tabs/OrreryStack.tsx || (+2 more chains)",mixed
Memory,src/screens/MemoryScreen.tsx:259,MemoryScreen,AppText,textSecondary,body 16/400,4.5,ESTIMATED(n/a),ESTIMATED(n/a),ESTIMATED(n/a),dense (veil galaxy 0.22 / standard 0.3),"ESTIMATED(AST-traced, not hand-read)",ScrollView@257 < View@255{root} < ⟨MemoryScreen⟩ < MemoryScreen@src/navigation/tabs/DashboardStack.tsx:45 < route:Memory@src/navigation/tabs/DashboardStack.tsx,bare
Memory,src/screens/MemoryScreen.tsx:268,MemoryScreen,ActivityIndicator,accentText,ActivityIndicator ,3.0,ESTIMATED(n/a),ESTIMATED(n/a),ESTIMATED(n/a),dense (veil galaxy 0.22 / standard 0.3),VERIFIED(hand-read 38.5-01),HAND 38.5-01: token accent->accentText since the brief (38.4-16 d822085 / 38.4-review 6407fb1 misrole swap); spinner in View{readState} < ScrollView < View{root}; string: (spinner); analyzer error: none (carried from v2) || AST: View@263{readState} < ScrollView@257 < View@255{root} < ⟨MemoryScreen⟩ < MemoryScreen@src/navigation/tabs/DashboardStack.tsx:45 < route:Memory@src/navigation/tabs/DashboardStack.tsx,bare
Memory,src/screens/MemoryScreen.tsx:272,MemoryScreen,AppText,textPrimary,body 16/400,4.5,ESTIMATED(n/a),ESTIMATED(n/a),ESTIMATED(n/a),dense (veil galaxy 0.22 / standard 0.3),"ESTIMATED(AST-traced, not hand-read)",View@271{readError} < ScrollView@257 < View@255{root} < ⟨MemoryScreen⟩ < MemoryScreen@src/navigation/tabs/DashboardStack.tsx:45 < route:Memory@src/navigation/tabs/DashboardStack.tsx,bare
Memory,src/screens/MemoryScreen.tsx:275,MemoryScreen,Button-link,accentText,label 14/600,4.5,ESTIMATED(n/a),ESTIMATED(n/a),ESTIMATED(n/a),dense (veil galaxy 0.22 / standard 0.3),VERIFIED(hand-read 38.5-01),"HAND 38.5-01 [sample(c) seed 385001]: tertiary Button in View{readError} < ScrollView < View{root}; string: ""Retry""; analyzer error: none (carried from v2) || AST: View@271{readError} < ScrollView@257 < View@255{root} < ⟨MemoryScreen⟩ < MemoryScreen@src/navigation/tabs/DashboardStack.tsx:45 < route:Memory@src/navigation/tabs/DashboardStack.tsx",bare
MemoryHistory,src/screens/MemoryHistoryScreen.tsx:144,MemoryHistoryScreen,AppText,textSecondary(default),caption 14/400,4.5,ESTIMATED(n/a),ESTIMATED(n/a),ESTIMATED(n/a),presentation (veil galaxy 0.02 / standard 0.05),"ESTIMATED(AST-traced, not hand-read)",Pressable@138{back} < View@137{header} < View@136{root} < ⟨MemoryHistoryScreen⟩ < MemoryHistoryScreen@src/navigation/tabs/DashboardStack.tsx:52 < route:MemoryHistory@src/navigation/tabs/DashboardStack.tsx || Pressable@138{back} < View@137{header} < View@136{root} < ⟨MemoryHistoryScreen⟩ < MemoryHistoryScreen@src/navigation/tabs/DigestStack.tsx:40 < route:MemoryHistory@src/navigation/tabs/DigestStack.tsx || Pressable@138{back} < View@137{header} < View@136{root} < ⟨MemoryHistoryScreen⟩ < MemoryHistoryScreen@src/navigation/tabs/EventsStack.tsx:40 < route:MemoryHistory@src/navigation/tabs/EventsStack.tsx || Pressable@138{back} < View@137{header} < View@136{root} < ⟨MemoryHistoryScreen⟩ < MemoryHistoryScreen@src/navigation/tabs/OrreryStack.tsx:66 < route:MemoryHistory@src/navigation/tabs/OrreryStack.tsx || Pressable@138{back} < View@137{header} < View@136{root} < ⟨MemoryHistoryScreen⟩ < MemoryHistoryScreen@src/navigation/tabs/SettingsStack.tsx:251 < route:MemoryHistory@src/navigation/tabs/SettingsStack.tsx,bare
MemoryHistory,src/screens/MemoryHistoryScreen.tsx:146,MemoryHistoryScreen,AppText,textPrimary(default),display 28/600,3.0,ESTIMATED(n/a),ESTIMATED(n/a),ESTIMATED(n/a),presentation (veil galaxy 0.02 / standard 0.05),"ESTIMATED(AST-traced, not hand-read)",View@137{header} < View@136{root} < ⟨MemoryHistoryScreen⟩ < MemoryHistoryScreen@src/navigation/tabs/DashboardStack.tsx:52 < route:MemoryHistory@src/navigation/tabs/DashboardStack.tsx || View@137{header} < View@136{root} < ⟨MemoryHistoryScreen⟩ < MemoryHistoryScreen@src/navigation/tabs/DigestStack.tsx:40 < route:MemoryHistory@src/navigation/tabs/DigestStack.tsx || View@137{header} < View@136{root} < ⟨MemoryHistoryScreen⟩ < MemoryHistoryScreen@src/navigation/tabs/EventsStack.tsx:40 < route:MemoryHistory@src/navigation/tabs/EventsStack.tsx || View@137{header} < View@136{root} < ⟨MemoryHistoryScreen⟩ < MemoryHistoryScreen@src/navigation/tabs/OrreryStack.tsx:66 < route:MemoryHistory@src/navigation/tabs/OrreryStack.tsx || View@137{header} < View@136{root} < ⟨MemoryHistoryScreen⟩ < MemoryHistoryScreen@src/navigation/tabs/SettingsStack.tsx:251 < route:MemoryHistory@src/navigation/tabs/SettingsStack.tsx,bare
MemoryHistory,src/screens/MemoryHistoryScreen.tsx:170,MemoryHistoryScreen,AppText,textPrimary(default),heading 20/600,4.5*,ESTIMATED(n/a),ESTIMATED(n/a),ESTIMATED(n/a),presentation (veil galaxy 0.02 / standard 0.05),"ESTIMATED(AST-traced, not hand-read)",View@169{empty} < ScrollView@150 < View@136{root} < ⟨MemoryHistoryScreen⟩ < MemoryHistoryScreen@src/navigation/tabs/DashboardStack.tsx:52 < route:MemoryHistory@src/navigation/tabs/DashboardStack.tsx || View@169{empty} < ScrollView@150 < View@136{root} < ⟨MemoryHistoryScreen⟩ < MemoryHistoryScreen@src/navigation/tabs/DigestStack.tsx:40 < route:MemoryHistory@src/navigation/tabs/DigestStack.tsx || View@169{empty} < ScrollView@150 < View@136{root} < ⟨MemoryHistoryScreen⟩ < MemoryHistoryScreen@src/navigation/tabs/EventsStack.tsx:40 < route:MemoryHistory@src/navigation/tabs/EventsStack.tsx || View@169{empty} < ScrollView@150 < View@136{root} < ⟨MemoryHistoryScreen⟩ < MemoryHistoryScreen@src/navigation/tabs/OrreryStack.tsx:66 < route:MemoryHistory@src/navigation/tabs/OrreryStack.tsx || View@169{empty} < ScrollView@150 < View@136{root} < ⟨MemoryHistoryScreen⟩ < MemoryHistoryScreen@src/navigation/tabs/SettingsStack.tsx:251 < route:MemoryHistory@src/navigation/tabs/SettingsStack.tsx,bare
MemoryHistory,src/screens/MemoryHistoryScreen.tsx:218,MemoryHistoryScreen,AppText,textPrimary(default),heading 20/600,4.5*,ESTIMATED(n/a),ESTIMATED(n/a),ESTIMATED(n/a),presentation (veil galaxy 0.02 / standard 0.05),VERIFIED(hand-read 38.5-01),"HAND 38.5-01 [sample(c) seed 385001]: View{history} < ScrollView < View{root}; string: ""Earlier entries""; analyzer error: none (carried from v2) || AST: View@217{history} < ScrollView@150 < View@136{root} < ⟨MemoryHistoryScreen⟩ < MemoryHistoryScreen@src/navigation/tabs/DashboardStack.tsx:52 < route:MemoryHistory@src/navigation/tabs/DashboardStack.tsx || View@217{history} < ScrollView@150 < View@136{root} < ⟨MemoryHistoryScreen⟩ < MemoryHistoryScreen@src/navigation/tabs/DigestStack.tsx:40 < route:MemoryHistory@src/navigation/tabs/DigestStack.tsx || View@217{history} < ScrollView@150 < View@136{root} < ⟨MemoryHistoryScreen⟩ < MemoryHistoryScreen@src/navigation/tabs/EventsStack.tsx:40 < route:MemoryHistory@src/navigation/tabs/EventsStack.tsx || View@217{history} < ScrollView@150 < View@136{root} < ⟨MemoryHistoryScreen⟩ < MemoryHistoryScreen@src/navigation/tabs/OrreryStack.tsx:66 < route:MemoryHistory@src/navigation/tabs/OrreryStack.tsx || View@217{history} < ScrollView@150 < View@136{root} < ⟨MemoryHistoryScreen⟩ < MemoryHistoryScreen@src/navigation/tabs/SettingsStack.tsx:251 < route:MemoryHistory@src/navigation/tabs/SettingsStack.tsx",bare
MemoryHistory,src/screens/MemoryHistoryScreen.tsx:220,MemoryHistoryScreen,AppText,textSecondary,body 16/400,4.5,ESTIMATED(n/a),ESTIMATED(n/a),ESTIMATED(n/a),presentation (veil galaxy 0.02 / standard 0.05),"ESTIMATED(AST-traced, not hand-read)",View@217{history} < ScrollView@150 < View@136{root} < ⟨MemoryHistoryScreen⟩ < MemoryHistoryScreen@src/navigation/tabs/DashboardStack.tsx:52 < route:MemoryHistory@src/navigation/tabs/DashboardStack.tsx || View@217{history} < ScrollView@150 < View@136{root} < ⟨MemoryHistoryScreen⟩ < MemoryHistoryScreen@src/navigation/tabs/DigestStack.tsx:40 < route:MemoryHistory@src/navigation/tabs/DigestStack.tsx || View@217{history} < ScrollView@150 < View@136{root} < ⟨MemoryHistoryScreen⟩ < MemoryHistoryScreen@src/navigation/tabs/EventsStack.tsx:40 < route:MemoryHistory@src/navigation/tabs/EventsStack.tsx || View@217{history} < ScrollView@150 < View@136{root} < ⟨MemoryHistoryScreen⟩ < MemoryHistoryScreen@src/navigation/tabs/OrreryStack.tsx:66 < route:MemoryHistory@src/navigation/tabs/OrreryStack.tsx || View@217{history} < ScrollView@150 < View@136{root} < ⟨MemoryHistoryScreen⟩ < MemoryHistoryScreen@src/navigation/tabs/SettingsStack.tsx:251 < route:MemoryHistory@src/navigation/tabs/SettingsStack.tsx,bare
MergeConflicts,src/components/FieldChoiceGroup.tsx:59,FieldChoiceGroup,Text,textSecondary,"Text 13/""600""",4.5,ESTIMATED(n/a),ESTIMATED(n/a),ESTIMATED(n/a),dense (veil galaxy 0.22 / standard 0.3),VERIFIED(hand-read 38.5-01),HAND 38.5-01 [multi-render-site (c)]: View{group} (no fill); render sites MergeConflicts:294/:309/:348 (ScrollView return root) and ReconcileDetail ChoiceRow:597 < :537 ScrollView{content}; string: field label; analyzer error: none (carried from v2) || AST: View@58{group} < ⟨FieldChoiceGroup⟩ < <FieldChoiceGroup>@src/screens/MergeConflictsScreen.tsx:294 < ScrollView@286 < ⟨MergeConflictsScreen⟩ < MergeConflictsScreen@src/navigation/tabs/DashboardStack.tsx:66 < route:MergeConflicts@src/navigation/tabs/DashboardStack.tsx || View@58{group} < ⟨FieldChoiceGroup⟩ < <FieldChoiceGroup>@src/screens/MergeConflictsScreen.tsx:294 < ScrollView@286 < ⟨MergeConflictsScreen⟩ < MergeConflictsScreen@src/navigation/tabs/DigestStack.tsx:44 < route:MergeConflicts@src/navigation/tabs/DigestStack.tsx || View@58{group} < ⟨FieldChoiceGroup⟩ < <FieldChoiceGroup>@src/screens/MergeConflictsScreen.tsx:294 < ScrollView@286 < ⟨MergeConflictsScreen⟩ < MergeConflictsScreen@src/navigation/tabs/EventsStack.tsx:44 < route:MergeConflicts@src/navigation/tabs/EventsStack.tsx || View@58{group} < ⟨FieldChoiceGroup⟩ < <FieldChoiceGroup>@src/screens/MergeConflictsScreen.tsx:294 < ScrollView@286 < ⟨MergeConflictsScreen⟩ < MergeConflictsScreen@src/navigation/tabs/OrreryStack.tsx:80 < route:MergeConflicts@src/navigation/tabs/OrreryStack.tsx || View@58{group} < ⟨FieldChoiceGroup⟩ < <FieldChoiceGroup>@src/screens/MergeConflictsScreen.tsx:294 < ScrollView@286 < ⟨MergeConflictsScreen⟩ < MergeConflictsScreen@src/navigation/tabs/SettingsStack.tsx:275 < route:MergeConflicts@src/navigation/tabs/SettingsStack.tsx || View@58{group} < ⟨FieldChoiceGroup⟩ < <FieldChoiceGroup>@src/screens/MergeConflictsScreen.tsx:309 < ScrollView@286 < ⟨MergeConflictsScreen⟩ < MergeConflictsScreen@src/navigation/tabs/DashboardStack.tsx:66 < route:MergeConflicts@src/navigation/tabs/DashboardStack.tsx || View@58{group} < ⟨FieldChoiceGroup⟩ < <FieldChoiceGroup>@src/screens/MergeConflictsScreen.tsx:309 < ScrollView@286 < ⟨MergeConflictsScreen⟩ < MergeConflictsScreen@src/navigation/tabs/DigestStack.tsx:44 < route:MergeConflicts@src/navigation/tabs/DigestStack.tsx || View@58{group} < ⟨FieldChoiceGroup⟩ < <FieldChoiceGroup>@src/screens/MergeConflictsScreen.tsx:309 < ScrollView@286 < ⟨MergeConflictsScreen⟩ < MergeConflictsScreen@src/navigation/tabs/EventsStack.tsx:44 < route:MergeConflicts@src/navigation/tabs/EventsStack.tsx || View@58{group} < ⟨FieldChoiceGroup⟩ < <FieldChoiceGroup>@src/screens/MergeConflictsScreen.tsx:309 < ScrollView@286 < ⟨MergeConflictsScreen⟩ < MergeConflictsScreen@src/navigation/tabs/OrreryStack.tsx:80 < route:MergeConflicts@src/navigation/tabs/OrreryStack.tsx || View@58{group} < ⟨FieldChoiceGroup⟩ < <FieldChoiceGroup>@src/screens/MergeConflictsScreen.tsx:309 < ScrollView@286 < ⟨MergeConflictsScreen⟩ < MergeConflictsScreen@src/navigation/tabs/SettingsStack.tsx:275 < route:MergeConflicts@src/navigation/tabs/SettingsStack.tsx || View@58{group} < ⟨FieldChoiceGroup⟩ < <FieldChoiceGroup>@src/screens/MergeConflictsScreen.tsx:348 < ScrollView@286 < ⟨MergeConflictsScreen⟩ < MergeConflictsScreen@src/navigation/tabs/DashboardStack.tsx:66 < route:MergeConflicts@src/navigation/tabs/DashboardStack.tsx || View@58{group} < ⟨FieldChoiceGroup⟩ < <FieldChoiceGroup>@src/screens/MergeConflictsScreen.tsx:348 < ScrollView@286 < ⟨MergeConflictsScreen⟩ < MergeConflictsScreen@src/navigation/tabs/DigestStack.tsx:44 < route:MergeConflicts@src/navigation/tabs/DigestStack.tsx || (+4 more chains),bare
MergeConflicts,src/components/PhotoChoice.tsx:43,PhotoChoice,Text,textSecondary,"Text 13/""600""",4.5,ESTIMATED(n/a),ESTIMATED(n/a),ESTIMATED(n/a),dense (veil galaxy 0.22 / standard 0.3),VERIFIED(hand-read 38.5-01),"HAND 38.5-01 [multi-render-site (c)]: View{group} (no fill); render sites MergeConflicts:324 and ReconcileDetail:507, both inside the ScrollView return roots; string: ""Photo"" label; analyzer error: none (carried from v2) || AST: View@42{group} < ⟨PhotoChoice⟩ < <PhotoChoice>@src/screens/MergeConflictsScreen.tsx:324 < ScrollView@286 < ⟨MergeConflictsScreen⟩ < MergeConflictsScreen@src/navigation/tabs/DashboardStack.tsx:66 < route:MergeConflicts@src/navigation/tabs/DashboardStack.tsx || View@42{group} < ⟨PhotoChoice⟩ < <PhotoChoice>@src/screens/MergeConflictsScreen.tsx:324 < ScrollView@286 < ⟨MergeConflictsScreen⟩ < MergeConflictsScreen@src/navigation/tabs/DigestStack.tsx:44 < route:MergeConflicts@src/navigation/tabs/DigestStack.tsx || View@42{group} < ⟨PhotoChoice⟩ < <PhotoChoice>@src/screens/MergeConflictsScreen.tsx:324 < ScrollView@286 < ⟨MergeConflictsScreen⟩ < MergeConflictsScreen@src/navigation/tabs/EventsStack.tsx:44 < route:MergeConflicts@src/navigation/tabs/EventsStack.tsx || View@42{group} < ⟨PhotoChoice⟩ < <PhotoChoice>@src/screens/MergeConflictsScreen.tsx:324 < ScrollView@286 < ⟨MergeConflictsScreen⟩ < MergeConflictsScreen@src/navigation/tabs/OrreryStack.tsx:80 < route:MergeConflicts@src/navigation/tabs/OrreryStack.tsx || View@42{group} < ⟨PhotoChoice⟩ < <PhotoChoice>@src/screens/MergeConflictsScreen.tsx:324 < ScrollView@286 < ⟨MergeConflictsScreen⟩ < MergeConflictsScreen@src/navigation/tabs/SettingsStack.tsx:275 < route:MergeConflicts@src/navigation/tabs/SettingsStack.tsx || View@42{group} < ⟨PhotoChoice⟩ < <PhotoChoice>@src/screens/ReconcileDetailScreen.tsx:507 < ScrollView@504 < View@483{root} < ⟨ReconcileDetailScreen⟩ < ReconcileDetailScreen@src/navigation/tabs/SettingsStack.tsx:277 < route:ReconcileDetail@src/navigation/tabs/SettingsStack.tsx",bare
MergeConflicts,src/screens/MergeConflictsScreen.tsx:255,MergeConflictsScreen,Text,danger,Text ?,4.5,ESTIMATED(n/a),ESTIMATED(n/a),ESTIMATED(n/a),dense (veil galaxy 0.22 / standard 0.3),VERIFIED(hand-read 38.5-01),"HAND 38.5-01 [danger (a)]: early-return View{root} (no fill) < route MergeConflicts (5 stacks); string: ""Couldn't load merge conflicts. Nothing was changed.""; analyzer error: none (carried from v2) || AST: View@254{root} < ⟨MergeConflictsScreen⟩ < MergeConflictsScreen@src/navigation/tabs/DashboardStack.tsx:66 < route:MergeConflicts@src/navigation/tabs/DashboardStack.tsx || View@254{root} < ⟨MergeConflictsScreen⟩ < MergeConflictsScreen@src/navigation/tabs/DigestStack.tsx:44 < route:MergeConflicts@src/navigation/tabs/DigestStack.tsx || View@254{root} < ⟨MergeConflictsScreen⟩ < MergeConflictsScreen@src/navigation/tabs/EventsStack.tsx:44 < route:MergeConflicts@src/navigation/tabs/EventsStack.tsx || View@254{root} < ⟨MergeConflictsScreen⟩ < MergeConflictsScreen@src/navigation/tabs/OrreryStack.tsx:80 < route:MergeConflicts@src/navigation/tabs/OrreryStack.tsx || View@254{root} < ⟨MergeConflictsScreen⟩ < MergeConflictsScreen@src/navigation/tabs/SettingsStack.tsx:275 < route:MergeConflicts@src/navigation/tabs/SettingsStack.tsx",bare
MergeConflicts,src/screens/MergeConflictsScreen.tsx:263,MergeConflictsScreen,Text,textSecondary,Text ?,4.5,ESTIMATED(n/a),ESTIMATED(n/a),ESTIMATED(n/a),dense (veil galaxy 0.22 / standard 0.3),VERIFIED(hand-read 38.5-01),"HAND 38.5-01 [sample(c) seed 385001]: loading early-return View{root} (no fill); string: ""Loading merge conflicts…""; analyzer error: none (carried from v2) || AST: View@262{root} < ⟨MergeConflictsScreen⟩ < MergeConflictsScreen@src/navigation/tabs/DashboardStack.tsx:66 < route:MergeConflicts@src/navigation/tabs/DashboardStack.tsx || View@262{root} < ⟨MergeConflictsScreen⟩ < MergeConflictsScreen@src/navigation/tabs/DigestStack.tsx:44 < route:MergeConflicts@src/navigation/tabs/DigestStack.tsx || View@262{root} < ⟨MergeConflictsScreen⟩ < MergeConflictsScreen@src/navigation/tabs/EventsStack.tsx:44 < route:MergeConflicts@src/navigation/tabs/EventsStack.tsx || View@262{root} < ⟨MergeConflictsScreen⟩ < MergeConflictsScreen@src/navigation/tabs/OrreryStack.tsx:80 < route:MergeConflicts@src/navigation/tabs/OrreryStack.tsx || View@262{root} < ⟨MergeConflictsScreen⟩ < MergeConflictsScreen@src/navigation/tabs/SettingsStack.tsx:275 < route:MergeConflicts@src/navigation/tabs/SettingsStack.tsx",bare
MergeConflicts,src/screens/MergeConflictsScreen.tsx:287,MergeConflictsScreen,Text,textPrimary,"Text 24/""600""",3.0,ESTIMATED(n/a),ESTIMATED(n/a),ESTIMATED(n/a),dense (veil galaxy 0.22 / standard 0.3),"ESTIMATED(AST-traced, not hand-read)",ScrollView@286 < ⟨MergeConflictsScreen⟩ < MergeConflictsScreen@src/navigation/tabs/DashboardStack.tsx:66 < route:MergeConflicts@src/navigation/tabs/DashboardStack.tsx || ScrollView@286 < ⟨MergeConflictsScreen⟩ < MergeConflictsScreen@src/navigation/tabs/DigestStack.tsx:44 < route:MergeConflicts@src/navigation/tabs/DigestStack.tsx || ScrollView@286 < ⟨MergeConflictsScreen⟩ < MergeConflictsScreen@src/navigation/tabs/EventsStack.tsx:44 < route:MergeConflicts@src/navigation/tabs/EventsStack.tsx || ScrollView@286 < ⟨MergeConflictsScreen⟩ < MergeConflictsScreen@src/navigation/tabs/OrreryStack.tsx:80 < route:MergeConflicts@src/navigation/tabs/OrreryStack.tsx || ScrollView@286 < ⟨MergeConflictsScreen⟩ < MergeConflictsScreen@src/navigation/tabs/SettingsStack.tsx:275 < route:MergeConflicts@src/navigation/tabs/SettingsStack.tsx,bare
MergeConflicts,src/screens/MergeConflictsScreen.tsx:290,MergeConflictsScreen,Text,textSecondary,Text 15,4.5,ESTIMATED(n/a),ESTIMATED(n/a),ESTIMATED(n/a),dense (veil galaxy 0.22 / standard 0.3),"ESTIMATED(AST-traced, not hand-read)",ScrollView@286 < ⟨MergeConflictsScreen⟩ < MergeConflictsScreen@src/navigation/tabs/DashboardStack.tsx:66 < route:MergeConflicts@src/navigation/tabs/DashboardStack.tsx || ScrollView@286 < ⟨MergeConflictsScreen⟩ < MergeConflictsScreen@src/navigation/tabs/DigestStack.tsx:44 < route:MergeConflicts@src/navigation/tabs/DigestStack.tsx || ScrollView@286 < ⟨MergeConflictsScreen⟩ < MergeConflictsScreen@src/navigation/tabs/EventsStack.tsx:44 < route:MergeConflicts@src/navigation/tabs/EventsStack.tsx || ScrollView@286 < ⟨MergeConflictsScreen⟩ < MergeConflictsScreen@src/navigation/tabs/OrreryStack.tsx:80 < route:MergeConflicts@src/navigation/tabs/OrreryStack.tsx || ScrollView@286 < ⟨MergeConflictsScreen⟩ < MergeConflictsScreen@src/navigation/tabs/SettingsStack.tsx:275 < route:MergeConflicts@src/navigation/tabs/SettingsStack.tsx,bare
MergeImpactSummary,src/components/MergeImpactSummary.tsx:111,MergeImpactSummary,Text,textPrimary,"Text 24/""600""",3.0,ESTIMATED(n/a),ESTIMATED(n/a),ESTIMATED(n/a),dense (veil galaxy 0.22 / standard 0.3),VERIFIED(hand-read 38.5-01),"HAND 38.5-01 [sample(c) seed 385001]: title Text < View{root} (padding only) < route MergeImpactSummary; string: ""Merge {absorbed} into {survivor}""; analyzer error: none (carried from v2) || AST: View@110{root} < ⟨MergeImpactSummary⟩ < MergeImpactSummary@src/navigation/tabs/DashboardStack.tsx:67 < route:MergeImpactSummary@src/navigation/tabs/DashboardStack.tsx || View@110{root} < ⟨MergeImpactSummary⟩ < MergeImpactSummary@src/navigation/tabs/DigestStack.tsx:45 < route:MergeImpactSummary@src/navigation/tabs/DigestStack.tsx || View@110{root} < ⟨MergeImpactSummary⟩ < MergeImpactSummary@src/navigation/tabs/EventsStack.tsx:45 < route:MergeImpactSummary@src/navigation/tabs/EventsStack.tsx || View@110{root} < ⟨MergeImpactSummary⟩ < MergeImpactSummary@src/navigation/tabs/OrreryStack.tsx:81 < route:MergeImpactSummary@src/navigation/tabs/OrreryStack.tsx || View@110{root} < ⟨MergeImpactSummary⟩ < MergeImpactSummary@src/navigation/tabs/SettingsStack.tsx:276 < route:MergeImpactSummary@src/navigation/tabs/SettingsStack.tsx",bare
MergeImpactSummary,src/components/MergeImpactSummary.tsx:126,MergeImpactSummary,Text,danger,Text ?,4.5,ESTIMATED(n/a),ESTIMATED(n/a),ESTIMATED(n/a),dense (veil galaxy 0.22 / standard 0.3),VERIFIED(hand-read 38.5-01),"HAND 38.5-01 [danger (a)]: View{warning} (border only) < View{root}; component is route-registered directly in 5 stacks; string: ""{absorbed} will be retired.""; analyzer error: none (carried from v2) || AST: View@125{warning} < View@110{root} < ⟨MergeImpactSummary⟩ < MergeImpactSummary@src/navigation/tabs/DashboardStack.tsx:67 < route:MergeImpactSummary@src/navigation/tabs/DashboardStack.tsx || View@125{warning} < View@110{root} < ⟨MergeImpactSummary⟩ < MergeImpactSummary@src/navigation/tabs/DigestStack.tsx:45 < route:MergeImpactSummary@src/navigation/tabs/DigestStack.tsx || View@125{warning} < View@110{root} < ⟨MergeImpactSummary⟩ < MergeImpactSummary@src/navigation/tabs/EventsStack.tsx:45 < route:MergeImpactSummary@src/navigation/tabs/EventsStack.tsx || View@125{warning} < View@110{root} < ⟨MergeImpactSummary⟩ < MergeImpactSummary@src/navigation/tabs/OrreryStack.tsx:81 < route:MergeImpactSummary@src/navigation/tabs/OrreryStack.tsx || View@125{warning} < View@110{root} < ⟨MergeImpactSummary⟩ < MergeImpactSummary@src/navigation/tabs/SettingsStack.tsx:276 < route:MergeImpactSummary@src/navigation/tabs/SettingsStack.tsx",bare
MergeImpactSummary,src/components/MergeImpactSummary.tsx:129,MergeImpactSummary,Text,textSecondary,Text ?,4.5,ESTIMATED(n/a),ESTIMATED(n/a),ESTIMATED(n/a),dense (veil galaxy 0.22 / standard 0.3),"ESTIMATED(AST-traced, not hand-read)",View@125{warning} < View@110{root} < ⟨MergeImpactSummary⟩ < MergeImpactSummary@src/navigation/tabs/DashboardStack.tsx:67 < route:MergeImpactSummary@src/navigation/tabs/DashboardStack.tsx || View@125{warning} < View@110{root} < ⟨MergeImpactSummary⟩ < MergeImpactSummary@src/navigation/tabs/DigestStack.tsx:45 < route:MergeImpactSummary@src/navigation/tabs/DigestStack.tsx || View@125{warning} < View@110{root} < ⟨MergeImpactSummary⟩ < MergeImpactSummary@src/navigation/tabs/EventsStack.tsx:45 < route:MergeImpactSummary@src/navigation/tabs/EventsStack.tsx || View@125{warning} < View@110{root} < ⟨MergeImpactSummary⟩ < MergeImpactSummary@src/navigation/tabs/OrreryStack.tsx:81 < route:MergeImpactSummary@src/navigation/tabs/OrreryStack.tsx || View@125{warning} < View@110{root} < ⟨MergeImpactSummary⟩ < MergeImpactSummary@src/navigation/tabs/SettingsStack.tsx:276 < route:MergeImpactSummary@src/navigation/tabs/SettingsStack.tsx,bare
MergeImpactSummary,src/components/MergeImpactSummary.tsx:134,MergeImpactSummary,Text,danger,Text ?,4.5,ESTIMATED(n/a),ESTIMATED(n/a),ESTIMATED(n/a),dense (veil galaxy 0.22 / standard 0.3),VERIFIED(hand-read 38.5-01),"HAND 38.5-01 [danger (a)]: View{root} (no fill) < route MergeImpactSummary; string: dynamic failureMessage: GroupMergeCollisionError message or ""Couldn't merge these contacts. Nothing was changed. Try again.""; analyzer error: none (carried from v2) || AST: View@110{root} < ⟨MergeImpactSummary⟩ < MergeImpactSummary@src/navigation/tabs/DashboardStack.tsx:67 < route:MergeImpactSummary@src/navigation/tabs/DashboardStack.tsx || View@110{root} < ⟨MergeImpactSummary⟩ < MergeImpactSummary@src/navigation/tabs/DigestStack.tsx:45 < route:MergeImpactSummary@src/navigation/tabs/DigestStack.tsx || View@110{root} < ⟨MergeImpactSummary⟩ < MergeImpactSummary@src/navigation/tabs/EventsStack.tsx:45 < route:MergeImpactSummary@src/navigation/tabs/EventsStack.tsx || View@110{root} < ⟨MergeImpactSummary⟩ < MergeImpactSummary@src/navigation/tabs/OrreryStack.tsx:81 < route:MergeImpactSummary@src/navigation/tabs/OrreryStack.tsx || View@110{root} < ⟨MergeImpactSummary⟩ < MergeImpactSummary@src/navigation/tabs/SettingsStack.tsx:276 < route:MergeImpactSummary@src/navigation/tabs/SettingsStack.tsx",bare
OffLimitsEditor,src/components/FuelEditor.tsx:532,FuelEditor,Text,textSecondary,"Text 13/""600""",4.5,ESTIMATED(n/a),ESTIMATED(n/a),ESTIMATED(n/a),dense (veil galaxy 0.22 / standard 0.3),VERIFIED(hand-read 38.5-01),"HAND 38.5-01 [multi-render-site (c)]: View{container} (no fill); bare under OffLimitsEditor:86 (ScrollView return root), backed under Create:777 / Edit:1661 (AccordionSection surface); string: ""No fuel yet""; analyzer error: none (carried from v2) || AST: View@530{container} < ⟨FuelEditor⟩ < <FuelEditor>@src/screens/CreateContactScreen.tsx:777 < backed:opaque AccordionSection@771 via AccordionSection.children || View@530{container} < ⟨FuelEditor⟩ < <FuelEditor>@src/screens/EditContactScreen.tsx:1661 < backed:opaque AccordionSection@1654 via AccordionSection.children || View@530{container} < ⟨FuelEditor⟩ < <FuelEditor>@src/screens/OffLimitsEditorScreen.tsx:86 < ScrollView@72 < ⟨OffLimitsEditorScreen⟩ < OffLimitsEditorScreen@src/navigation/tabs/DashboardStack.tsx:53 < route:OffLimitsEditor@src/navigation/tabs/DashboardStack.tsx || View@530{container} < ⟨FuelEditor⟩ < <FuelEditor>@src/screens/OffLimitsEditorScreen.tsx:86 < ScrollView@72 < ⟨OffLimitsEditorScreen⟩ < OffLimitsEditorScreen@src/navigation/tabs/DigestStack.tsx:41 < route:OffLimitsEditor@src/navigation/tabs/DigestStack.tsx || View@530{container} < ⟨FuelEditor⟩ < <FuelEditor>@src/screens/OffLimitsEditorScreen.tsx:86 < ScrollView@72 < ⟨OffLimitsEditorScreen⟩ < OffLimitsEditorScreen@src/navigation/tabs/EventsStack.tsx:41 < route:OffLimitsEditor@src/navigation/tabs/EventsStack.tsx || View@530{container} < ⟨FuelEditor⟩ < <FuelEditor>@src/screens/OffLimitsEditorScreen.tsx:86 < ScrollView@72 < ⟨OffLimitsEditorScreen⟩ < OffLimitsEditorScreen@src/navigation/tabs/OrreryStack.tsx:67 < route:OffLimitsEditor@src/navigation/tabs/OrreryStack.tsx || View@530{container} < ⟨FuelEditor⟩ < <FuelEditor>@src/screens/OffLimitsEditorScreen.tsx:86 < ScrollView@72 < ⟨OffLimitsEditorScreen⟩ < OffLimitsEditorScreen@src/navigation/tabs/SettingsStack.tsx:254 < route:OffLimitsEditor@src/navigation/tabs/SettingsStack.tsx",mixed
OffLimitsEditor,src/components/FuelEditor.tsx:562,FuelEditor,Text,accentText,"Text ?/""600""",4.5,ESTIMATED(n/a),ESTIMATED(n/a),ESTIMATED(n/a),dense (veil galaxy 0.22 / standard 0.3),VERIFIED(hand-read 38.5-01),HAND 38.5-01: token accent->accentText since the brief (38.4-16 d822085 / 38.4-review 6407fb1 misrole swap); add Pressable{addBtn} (no fill) < View{container}; bare on OffLimitsEditor only; string: add fuel label; analyzer error: none (carried from v2) || AST: Pressable@554{addBtn} < View@530{container} < ⟨FuelEditor⟩ < <FuelEditor>@src/screens/CreateContactScreen.tsx:777 < backed:opaque AccordionSection@771 via AccordionSection.children || Pressable@554{addBtn} < View@530{container} < ⟨FuelEditor⟩ < <FuelEditor>@src/screens/EditContactScreen.tsx:1661 < backed:opaque AccordionSection@1654 via AccordionSection.children || Pressable@554{addBtn} < View@530{container} < ⟨FuelEditor⟩ < <FuelEditor>@src/screens/OffLimitsEditorScreen.tsx:86 < ScrollView@72 < ⟨OffLimitsEditorScreen⟩ < OffLimitsEditorScreen@src/navigation/tabs/DashboardStack.tsx:53 < route:OffLimitsEditor@src/navigation/tabs/DashboardStack.tsx || Pressable@554{addBtn} < View@530{container} < ⟨FuelEditor⟩ < <FuelEditor>@src/screens/OffLimitsEditorScreen.tsx:86 < ScrollView@72 < ⟨OffLimitsEditorScreen⟩ < OffLimitsEditorScreen@src/navigation/tabs/DigestStack.tsx:41 < route:OffLimitsEditor@src/navigation/tabs/DigestStack.tsx || Pressable@554{addBtn} < View@530{container} < ⟨FuelEditor⟩ < <FuelEditor>@src/screens/OffLimitsEditorScreen.tsx:86 < ScrollView@72 < ⟨OffLimitsEditorScreen⟩ < OffLimitsEditorScreen@src/navigation/tabs/EventsStack.tsx:41 < route:OffLimitsEditor@src/navigation/tabs/EventsStack.tsx || Pressable@554{addBtn} < View@530{container} < ⟨FuelEditor⟩ < <FuelEditor>@src/screens/OffLimitsEditorScreen.tsx:86 < ScrollView@72 < ⟨OffLimitsEditorScreen⟩ < OffLimitsEditorScreen@src/navigation/tabs/OrreryStack.tsx:67 < route:OffLimitsEditor@src/navigation/tabs/OrreryStack.tsx || Pressable@554{addBtn} < View@530{container} < ⟨FuelEditor⟩ < <FuelEditor>@src/screens/OffLimitsEditorScreen.tsx:86 < ScrollView@72 < ⟨OffLimitsEditorScreen⟩ < OffLimitsEditorScreen@src/navigation/tabs/SettingsStack.tsx:254 < route:OffLimitsEditor@src/navigation/tabs/SettingsStack.tsx,mixed
OffLimitsEditor,src/screens/OffLimitsEditorScreen.tsx:74,OffLimitsEditorScreen,Button-link,accentText,label 14/600,4.5,ESTIMATED(n/a),ESTIMATED(n/a),ESTIMATED(n/a),dense (veil galaxy 0.22 / standard 0.3),"ESTIMATED(AST-traced, not hand-read)",View@73{header} < ScrollView@72 < ⟨OffLimitsEditorScreen⟩ < OffLimitsEditorScreen@src/navigation/tabs/DashboardStack.tsx:53 < route:OffLimitsEditor@src/navigation/tabs/DashboardStack.tsx || View@73{header} < ScrollView@72 < ⟨OffLimitsEditorScreen⟩ < OffLimitsEditorScreen@src/navigation/tabs/DigestStack.tsx:41 < route:OffLimitsEditor@src/navigation/tabs/DigestStack.tsx || View@73{header} < ScrollView@72 < ⟨OffLimitsEditorScreen⟩ < OffLimitsEditorScreen@src/navigation/tabs/EventsStack.tsx:41 < route:OffLimitsEditor@src/navigation/tabs/EventsStack.tsx || View@73{header} < ScrollView@72 < ⟨OffLimitsEditorScreen⟩ < OffLimitsEditorScreen@src/navigation/tabs/OrreryStack.tsx:67 < route:OffLimitsEditor@src/navigation/tabs/OrreryStack.tsx || View@73{header} < ScrollView@72 < ⟨OffLimitsEditorScreen⟩ < OffLimitsEditorScreen@src/navigation/tabs/SettingsStack.tsx:254 < route:OffLimitsEditor@src/navigation/tabs/SettingsStack.tsx,bare
OffLimitsEditor,src/screens/OffLimitsEditorScreen.tsx:79,OffLimitsEditorScreen,AppText,textPrimary(default),display 28/600,3.0,ESTIMATED(n/a),ESTIMATED(n/a),ESTIMATED(n/a),dense (veil galaxy 0.22 / standard 0.3),"ESTIMATED(AST-traced, not hand-read)",View@73{header} < ScrollView@72 < ⟨OffLimitsEditorScreen⟩ < OffLimitsEditorScreen@src/navigation/tabs/DashboardStack.tsx:53 < route:OffLimitsEditor@src/navigation/tabs/DashboardStack.tsx || View@73{header} < ScrollView@72 < ⟨OffLimitsEditorScreen⟩ < OffLimitsEditorScreen@src/navigation/tabs/DigestStack.tsx:41 < route:OffLimitsEditor@src/navigation/tabs/DigestStack.tsx || View@73{header} < ScrollView@72 < ⟨OffLimitsEditorScreen⟩ < OffLimitsEditorScreen@src/navigation/tabs/EventsStack.tsx:41 < route:OffLimitsEditor@src/navigation/tabs/EventsStack.tsx || View@73{header} < ScrollView@72 < ⟨OffLimitsEditorScreen⟩ < OffLimitsEditorScreen@src/navigation/tabs/OrreryStack.tsx:67 < route:OffLimitsEditor@src/navigation/tabs/OrreryStack.tsx || View@73{header} < ScrollView@72 < ⟨OffLimitsEditorScreen⟩ < OffLimitsEditorScreen@src/navigation/tabs/SettingsStack.tsx:254 < route:OffLimitsEditor@src/navigation/tabs/SettingsStack.tsx,bare
OffLimitsEditor,src/screens/OffLimitsEditorScreen.tsx:83,OffLimitsEditorScreen,AppText,textSecondary,body 16/400,4.5,ESTIMATED(n/a),ESTIMATED(n/a),ESTIMATED(n/a),dense (veil galaxy 0.22 / standard 0.3),VERIFIED(hand-read 38.5-01),"HAND 38.5-01 [sample(c) seed 385001]: directly in the ScrollView return root; string: ""Keep topics here that you want to avoid bringing up.""; analyzer error: none (carried from v2) || AST: ScrollView@72 < ⟨OffLimitsEditorScreen⟩ < OffLimitsEditorScreen@src/navigation/tabs/DashboardStack.tsx:53 < route:OffLimitsEditor@src/navigation/tabs/DashboardStack.tsx || ScrollView@72 < ⟨OffLimitsEditorScreen⟩ < OffLimitsEditorScreen@src/navigation/tabs/DigestStack.tsx:41 < route:OffLimitsEditor@src/navigation/tabs/DigestStack.tsx || ScrollView@72 < ⟨OffLimitsEditorScreen⟩ < OffLimitsEditorScreen@src/navigation/tabs/EventsStack.tsx:41 < route:OffLimitsEditor@src/navigation/tabs/EventsStack.tsx || ScrollView@72 < ⟨OffLimitsEditorScreen⟩ < OffLimitsEditorScreen@src/navigation/tabs/OrreryStack.tsx:67 < route:OffLimitsEditor@src/navigation/tabs/OrreryStack.tsx || ScrollView@72 < ⟨OffLimitsEditorScreen⟩ < OffLimitsEditorScreen@src/navigation/tabs/SettingsStack.tsx:254 < route:OffLimitsEditor@src/navigation/tabs/SettingsStack.tsx",bare
Profile,src/components/profile/ProfileHero.tsx:50,ProfileHero,Icon,textPrimary(default),icon 20,3.0,ESTIMATED(n/a),ESTIMATED(n/a),ESTIMATED(n/a),profile-own-BackgroundHost (presentation; profileBackgroundScrim #..B8/#..C4 ~72-77% over contact photo or theme art),"ESTIMATED(AST-traced, not hand-read)",Pressable@39{iconAction} < View@38{utilityRow} < View@37{root} < ⟨ProfileHero⟩ < <ProfileHero>@src/screens/ContactProfileScreen.tsx:465 < ScrollView@449 < View@432{root} < BackgroundHost@427 < ⟨ContactProfileScreen⟩ < ContactProfileScreen@src/navigation/tabs/DashboardStack.tsx:46 < route:Profile@src/navigation/tabs/DashboardStack.tsx || Pressable@39{iconAction} < View@38{utilityRow} < View@37{root} < ⟨ProfileHero⟩ < <ProfileHero>@src/screens/ContactProfileScreen.tsx:465 < ScrollView@449 < View@432{root} < BackgroundHost@427 < ⟨ContactProfileScreen⟩ < ContactProfileScreen@src/navigation/tabs/DigestStack.tsx:29 < route:Profile@src/navigation/tabs/DigestStack.tsx || Pressable@39{iconAction} < View@38{utilityRow} < View@37{root} < ⟨ProfileHero⟩ < <ProfileHero>@src/screens/ContactProfileScreen.tsx:465 < ScrollView@449 < View@432{root} < BackgroundHost@427 < ⟨ContactProfileScreen⟩ < ContactProfileScreen@src/navigation/tabs/EventsStack.tsx:30 < route:Profile@src/navigation/tabs/EventsStack.tsx || Pressable@39{iconAction} < View@38{utilityRow} < View@37{root} < ⟨ProfileHero⟩ < <ProfileHero>@src/screens/ContactProfileScreen.tsx:465 < ScrollView@449 < View@432{root} < BackgroundHost@427 < ⟨ContactProfileScreen⟩ < ContactProfileScreen@src/navigation/tabs/OrreryStack.tsx:57 < route:Profile@src/navigation/tabs/OrreryStack.tsx || Pressable@39{iconAction} < View@38{utilityRow} < View@37{root} < ⟨ProfileHero⟩ < <ProfileHero>@src/screens/ContactProfileScreen.tsx:465 < ScrollView@449 < View@432{root} < BackgroundHost@427 < ⟨ContactProfileScreen⟩ < <ContactProfileScreen>@src/navigation/tabs/SettingsStack.tsx:174 < ⟨SettingsProfileHostRoute⟩ < SettingsProfileHostRoute@src/navigation/tabs/SettingsStack.tsx:239 < route:Profile@src/navigation/tabs/SettingsStack.tsx,bare
Profile,src/components/profile/ProfileHero.tsx:64,ProfileHero,AppText,textPrimary(default),display 28/600,3.0,ESTIMATED(n/a),ESTIMATED(n/a),ESTIMATED(n/a),profile-own-BackgroundHost (presentation; profileBackgroundScrim #..B8/#..C4 ~72-77% over contact photo or theme art),"ESTIMATED(AST-traced, not hand-read)",View@63{identity} < View@37{root} < ⟨ProfileHero⟩ < <ProfileHero>@src/screens/ContactProfileScreen.tsx:465 < ScrollView@449 < View@432{root} < BackgroundHost@427 < ⟨ContactProfileScreen⟩ < ContactProfileScreen@src/navigation/tabs/DashboardStack.tsx:46 < route:Profile@src/navigation/tabs/DashboardStack.tsx || View@63{identity} < View@37{root} < ⟨ProfileHero⟩ < <ProfileHero>@src/screens/ContactProfileScreen.tsx:465 < ScrollView@449 < View@432{root} < BackgroundHost@427 < ⟨ContactProfileScreen⟩ < ContactProfileScreen@src/navigation/tabs/DigestStack.tsx:29 < route:Profile@src/navigation/tabs/DigestStack.tsx || View@63{identity} < View@37{root} < ⟨ProfileHero⟩ < <ProfileHero>@src/screens/ContactProfileScreen.tsx:465 < ScrollView@449 < View@432{root} < BackgroundHost@427 < ⟨ContactProfileScreen⟩ < ContactProfileScreen@src/navigation/tabs/EventsStack.tsx:30 < route:Profile@src/navigation/tabs/EventsStack.tsx || View@63{identity} < View@37{root} < ⟨ProfileHero⟩ < <ProfileHero>@src/screens/ContactProfileScreen.tsx:465 < ScrollView@449 < View@432{root} < BackgroundHost@427 < ⟨ContactProfileScreen⟩ < ContactProfileScreen@src/navigation/tabs/OrreryStack.tsx:57 < route:Profile@src/navigation/tabs/OrreryStack.tsx || View@63{identity} < View@37{root} < ⟨ProfileHero⟩ < <ProfileHero>@src/screens/ContactProfileScreen.tsx:465 < ScrollView@449 < View@432{root} < BackgroundHost@427 < ⟨ContactProfileScreen⟩ < <ContactProfileScreen>@src/navigation/tabs/SettingsStack.tsx:174 < ⟨SettingsProfileHostRoute⟩ < SettingsProfileHostRoute@src/navigation/tabs/SettingsStack.tsx:239 < route:Profile@src/navigation/tabs/SettingsStack.tsx,bare
Profile,src/components/profile/ProfileHero.tsx:68,ProfileHero,AppText,textPrimary(default),label 14/600,4.5,ESTIMATED(n/a),ESTIMATED(n/a),ESTIMATED(n/a),profile-own-BackgroundHost (presentation; profileBackgroundScrim #..B8/#..C4 ~72-77% over contact photo or theme art),VERIFIED(hand-read 38.5-01),"HAND 38.5-01 [sample(c) seed 385001]: View{identity} < View{root} < ContactProfile ScrollView < View{root} < the profile's own BackgroundHost (presentation, profileBackgroundScrim): bare over the profile scrim, not the shell veil; string: category name; analyzer error: none (carried from v2) || AST: View@63{identity} < View@37{root} < ⟨ProfileHero⟩ < <ProfileHero>@src/screens/ContactProfileScreen.tsx:465 < ScrollView@449 < View@432{root} < BackgroundHost@427 < ⟨ContactProfileScreen⟩ < ContactProfileScreen@src/navigation/tabs/DashboardStack.tsx:46 < route:Profile@src/navigation/tabs/DashboardStack.tsx || View@63{identity} < View@37{root} < ⟨ProfileHero⟩ < <ProfileHero>@src/screens/ContactProfileScreen.tsx:465 < ScrollView@449 < View@432{root} < BackgroundHost@427 < ⟨ContactProfileScreen⟩ < ContactProfileScreen@src/navigation/tabs/DigestStack.tsx:29 < route:Profile@src/navigation/tabs/DigestStack.tsx || View@63{identity} < View@37{root} < ⟨ProfileHero⟩ < <ProfileHero>@src/screens/ContactProfileScreen.tsx:465 < ScrollView@449 < View@432{root} < BackgroundHost@427 < ⟨ContactProfileScreen⟩ < ContactProfileScreen@src/navigation/tabs/EventsStack.tsx:30 < route:Profile@src/navigation/tabs/EventsStack.tsx || View@63{identity} < View@37{root} < ⟨ProfileHero⟩ < <ProfileHero>@src/screens/ContactProfileScreen.tsx:465 < ScrollView@449 < View@432{root} < BackgroundHost@427 < ⟨ContactProfileScreen⟩ < ContactProfileScreen@src/navigation/tabs/OrreryStack.tsx:57 < route:Profile@src/navigation/tabs/OrreryStack.tsx || View@63{identity} < View@37{root} < ⟨ProfileHero⟩ < <ProfileHero>@src/screens/ContactProfileScreen.tsx:465 < ScrollView@449 < View@432{root} < BackgroundHost@427 < ⟨ContactProfileScreen⟩ < <ContactProfileScreen>@src/navigation/tabs/SettingsStack.tsx:174 < ⟨SettingsProfileHostRoute⟩ < SettingsProfileHostRoute@src/navigation/tabs/SettingsStack.tsx:239 < route:Profile@src/navigation/tabs/SettingsStack.tsx",bare
Profile,src/components/profile/ProfileHero.tsx:85,ProfileHero,AppText,textSecondary(default),caption 14/400,4.5,ESTIMATED(n/a),ESTIMATED(n/a),ESTIMATED(n/a),profile-own-BackgroundHost (presentation; profileBackgroundScrim #..B8/#..C4 ~72-77% over contact photo or theme art),"ESTIMATED(AST-traced, not hand-read)",View@72{action} < View@71{actions} < View@37{root} < ⟨ProfileHero⟩ < <ProfileHero>@src/screens/ContactProfileScreen.tsx:465 < ScrollView@449 < View@432{root} < BackgroundHost@427 < ⟨ContactProfileScreen⟩ < ContactProfileScreen@src/navigation/tabs/DashboardStack.tsx:46 < route:Profile@src/navigation/tabs/DashboardStack.tsx || View@72{action} < View@71{actions} < View@37{root} < ⟨ProfileHero⟩ < <ProfileHero>@src/screens/ContactProfileScreen.tsx:465 < ScrollView@449 < View@432{root} < BackgroundHost@427 < ⟨ContactProfileScreen⟩ < ContactProfileScreen@src/navigation/tabs/DigestStack.tsx:29 < route:Profile@src/navigation/tabs/DigestStack.tsx || View@72{action} < View@71{actions} < View@37{root} < ⟨ProfileHero⟩ < <ProfileHero>@src/screens/ContactProfileScreen.tsx:465 < ScrollView@449 < View@432{root} < BackgroundHost@427 < ⟨ContactProfileScreen⟩ < ContactProfileScreen@src/navigation/tabs/EventsStack.tsx:30 < route:Profile@src/navigation/tabs/EventsStack.tsx || View@72{action} < View@71{actions} < View@37{root} < ⟨ProfileHero⟩ < <ProfileHero>@src/screens/ContactProfileScreen.tsx:465 < ScrollView@449 < View@432{root} < BackgroundHost@427 < ⟨ContactProfileScreen⟩ < ContactProfileScreen@src/navigation/tabs/OrreryStack.tsx:57 < route:Profile@src/navigation/tabs/OrreryStack.tsx || View@72{action} < View@71{actions} < View@37{root} < ⟨ProfileHero⟩ < <ProfileHero>@src/screens/ContactProfileScreen.tsx:465 < ScrollView@449 < View@432{root} < BackgroundHost@427 < ⟨ContactProfileScreen⟩ < <ContactProfileScreen>@src/navigation/tabs/SettingsStack.tsx:174 < ⟨SettingsProfileHostRoute⟩ < SettingsProfileHostRoute@src/navigation/tabs/SettingsStack.tsx:239 < route:Profile@src/navigation/tabs/SettingsStack.tsx,bare
Profile,src/components/profile/ProfileHero.tsx:101,ProfileHero,AppText,textSecondary(default),caption 14/400,4.5,ESTIMATED(n/a),ESTIMATED(n/a),ESTIMATED(n/a),profile-own-BackgroundHost (presentation; profileBackgroundScrim #..B8/#..C4 ~72-77% over contact photo or theme art),"ESTIMATED(AST-traced, not hand-read)",View@88{action} < View@71{actions} < View@37{root} < ⟨ProfileHero⟩ < <ProfileHero>@src/screens/ContactProfileScreen.tsx:465 < ScrollView@449 < View@432{root} < BackgroundHost@427 < ⟨ContactProfileScreen⟩ < ContactProfileScreen@src/navigation/tabs/DashboardStack.tsx:46 < route:Profile@src/navigation/tabs/DashboardStack.tsx || View@88{action} < View@71{actions} < View@37{root} < ⟨ProfileHero⟩ < <ProfileHero>@src/screens/ContactProfileScreen.tsx:465 < ScrollView@449 < View@432{root} < BackgroundHost@427 < ⟨ContactProfileScreen⟩ < ContactProfileScreen@src/navigation/tabs/DigestStack.tsx:29 < route:Profile@src/navigation/tabs/DigestStack.tsx || View@88{action} < View@71{actions} < View@37{root} < ⟨ProfileHero⟩ < <ProfileHero>@src/screens/ContactProfileScreen.tsx:465 < ScrollView@449 < View@432{root} < BackgroundHost@427 < ⟨ContactProfileScreen⟩ < ContactProfileScreen@src/navigation/tabs/EventsStack.tsx:30 < route:Profile@src/navigation/tabs/EventsStack.tsx || View@88{action} < View@71{actions} < View@37{root} < ⟨ProfileHero⟩ < <ProfileHero>@src/screens/ContactProfileScreen.tsx:465 < ScrollView@449 < View@432{root} < BackgroundHost@427 < ⟨ContactProfileScreen⟩ < ContactProfileScreen@src/navigation/tabs/OrreryStack.tsx:57 < route:Profile@src/navigation/tabs/OrreryStack.tsx || View@88{action} < View@71{actions} < View@37{root} < ⟨ProfileHero⟩ < <ProfileHero>@src/screens/ContactProfileScreen.tsx:465 < ScrollView@449 < View@432{root} < BackgroundHost@427 < ⟨ContactProfileScreen⟩ < <ContactProfileScreen>@src/navigation/tabs/SettingsStack.tsx:174 < ⟨SettingsProfileHostRoute⟩ < SettingsProfileHostRoute@src/navigation/tabs/SettingsStack.tsx:239 < route:Profile@src/navigation/tabs/SettingsStack.tsx,bare
Profile,src/screens/ContactProfileScreen.tsx:435,ContactProfileScreen,Button-icon,textPrimary,icon 20,3.0,ESTIMATED(n/a),ESTIMATED(n/a),ESTIMATED(n/a),profile-own-BackgroundHost (presentation; profileBackgroundScrim #..B8/#..C4 ~72-77% over contact photo or theme art),"ESTIMATED(AST-traced, not hand-read)",View@434{appBar} < View@432{root} < BackgroundHost@427 < ⟨ContactProfileScreen⟩ < ContactProfileScreen@src/navigation/tabs/DashboardStack.tsx:46 < route:Profile@src/navigation/tabs/DashboardStack.tsx || View@434{appBar} < View@432{root} < BackgroundHost@427 < ⟨ContactProfileScreen⟩ < ContactProfileScreen@src/navigation/tabs/DigestStack.tsx:29 < route:Profile@src/navigation/tabs/DigestStack.tsx || View@434{appBar} < View@432{root} < BackgroundHost@427 < ⟨ContactProfileScreen⟩ < ContactProfileScreen@src/navigation/tabs/EventsStack.tsx:30 < route:Profile@src/navigation/tabs/EventsStack.tsx || View@434{appBar} < View@432{root} < BackgroundHost@427 < ⟨ContactProfileScreen⟩ < ContactProfileScreen@src/navigation/tabs/OrreryStack.tsx:57 < route:Profile@src/navigation/tabs/OrreryStack.tsx || View@434{appBar} < View@432{root} < BackgroundHost@427 < ⟨ContactProfileScreen⟩ < <ContactProfileScreen>@src/navigation/tabs/SettingsStack.tsx:174 < ⟨SettingsProfileHostRoute⟩ < SettingsProfileHostRoute@src/navigation/tabs/SettingsStack.tsx:239 < route:Profile@src/navigation/tabs/SettingsStack.tsx,bare
Profile,src/screens/ContactProfileScreen.tsx:441,ContactProfileScreen,Button-icon,textPrimary,icon 20,3.0,ESTIMATED(n/a),ESTIMATED(n/a),ESTIMATED(n/a),profile-own-BackgroundHost (presentation; profileBackgroundScrim #..B8/#..C4 ~72-77% over contact photo or theme art),VERIFIED(hand-read 38.5-01),HAND 38.5-01 [sample(c) seed 385001]: iconOnly Button < View{appBar} (no fill) < View{root} < the profile's own BackgroundHost; string: overflow glyph; analyzer error: none (carried from v2) || AST: View@434{appBar} < View@432{root} < BackgroundHost@427 < ⟨ContactProfileScreen⟩ < ContactProfileScreen@src/navigation/tabs/DashboardStack.tsx:46 < route:Profile@src/navigation/tabs/DashboardStack.tsx || View@434{appBar} < View@432{root} < BackgroundHost@427 < ⟨ContactProfileScreen⟩ < ContactProfileScreen@src/navigation/tabs/DigestStack.tsx:29 < route:Profile@src/navigation/tabs/DigestStack.tsx || View@434{appBar} < View@432{root} < BackgroundHost@427 < ⟨ContactProfileScreen⟩ < ContactProfileScreen@src/navigation/tabs/EventsStack.tsx:30 < route:Profile@src/navigation/tabs/EventsStack.tsx || View@434{appBar} < View@432{root} < BackgroundHost@427 < ⟨ContactProfileScreen⟩ < ContactProfileScreen@src/navigation/tabs/OrreryStack.tsx:57 < route:Profile@src/navigation/tabs/OrreryStack.tsx || View@434{appBar} < View@432{root} < BackgroundHost@427 < ⟨ContactProfileScreen⟩ < <ContactProfileScreen>@src/navigation/tabs/SettingsStack.tsx:174 < ⟨SettingsProfileHostRoute⟩ < SettingsProfileHostRoute@src/navigation/tabs/SettingsStack.tsx:239 < route:Profile@src/navigation/tabs/SettingsStack.tsx,bare
Profile,src/screens/ContactProfileScreen.tsx:461,ContactProfileScreen,AppText,textPrimary(default),body 16/400,4.5,ESTIMATED(n/a),ESTIMATED(n/a),ESTIMATED(n/a),profile-own-BackgroundHost (presentation; profileBackgroundScrim #..B8/#..C4 ~72-77% over contact photo or theme art),"ESTIMATED(AST-traced, not hand-read)",ScrollView@449 < View@432{root} < BackgroundHost@427 < ⟨ContactProfileScreen⟩ < ContactProfileScreen@src/navigation/tabs/DashboardStack.tsx:46 < route:Profile@src/navigation/tabs/DashboardStack.tsx || ScrollView@449 < View@432{root} < BackgroundHost@427 < ⟨ContactProfileScreen⟩ < ContactProfileScreen@src/navigation/tabs/DigestStack.tsx:29 < route:Profile@src/navigation/tabs/DigestStack.tsx || ScrollView@449 < View@432{root} < BackgroundHost@427 < ⟨ContactProfileScreen⟩ < ContactProfileScreen@src/navigation/tabs/EventsStack.tsx:30 < route:Profile@src/navigation/tabs/EventsStack.tsx || ScrollView@449 < View@432{root} < BackgroundHost@427 < ⟨ContactProfileScreen⟩ < ContactProfileScreen@src/navigation/tabs/OrreryStack.tsx:57 < route:Profile@src/navigation/tabs/OrreryStack.tsx || ScrollView@449 < View@432{root} < BackgroundHost@427 < ⟨ContactProfileScreen⟩ < <ContactProfileScreen>@src/navigation/tabs/SettingsStack.tsx:174 < ⟨SettingsProfileHostRoute⟩ < SettingsProfileHostRoute@src/navigation/tabs/SettingsStack.tsx:239 < route:Profile@src/navigation/tabs/SettingsStack.tsx,bare
Profile,src/screens/ContactProfileScreen.tsx:462,ContactProfileScreen,AppText,textPrimary(default),body 16/400,4.5,ESTIMATED(n/a),ESTIMATED(n/a),ESTIMATED(n/a),profile-own-BackgroundHost (presentation; profileBackgroundScrim #..B8/#..C4 ~72-77% over contact photo or theme art),"ESTIMATED(AST-traced, not hand-read)",ScrollView@449 < View@432{root} < BackgroundHost@427 < ⟨ContactProfileScreen⟩ < ContactProfileScreen@src/navigation/tabs/DashboardStack.tsx:46 < route:Profile@src/navigation/tabs/DashboardStack.tsx || ScrollView@449 < View@432{root} < BackgroundHost@427 < ⟨ContactProfileScreen⟩ < ContactProfileScreen@src/navigation/tabs/DigestStack.tsx:29 < route:Profile@src/navigation/tabs/DigestStack.tsx || ScrollView@449 < View@432{root} < BackgroundHost@427 < ⟨ContactProfileScreen⟩ < ContactProfileScreen@src/navigation/tabs/EventsStack.tsx:30 < route:Profile@src/navigation/tabs/EventsStack.tsx || ScrollView@449 < View@432{root} < BackgroundHost@427 < ⟨ContactProfileScreen⟩ < ContactProfileScreen@src/navigation/tabs/OrreryStack.tsx:57 < route:Profile@src/navigation/tabs/OrreryStack.tsx || ScrollView@449 < View@432{root} < BackgroundHost@427 < ⟨ContactProfileScreen⟩ < <ContactProfileScreen>@src/navigation/tabs/SettingsStack.tsx:174 < ⟨SettingsProfileHostRoute⟩ < SettingsProfileHostRoute@src/navigation/tabs/SettingsStack.tsx:239 < route:Profile@src/navigation/tabs/SettingsStack.tsx,bare
RecentlyDeleted,src/screens/RecentlyDeletedScreen.tsx:91,RecentlyDeletedScreen,AppText,textSecondary(default),caption 14/400,4.5,ESTIMATED(n/a),ESTIMATED(n/a),ESTIMATED(n/a),presentation (veil galaxy 0.02 / standard 0.05),"ESTIMATED(AST-traced, not hand-read)",Pressable@85{back} < View@84{header} < View@83{root} < ⟨RecentlyDeletedScreen⟩ < RecentlyDeletedScreen@src/navigation/tabs/DashboardStack.tsx:51 < route:RecentlyDeleted@src/navigation/tabs/DashboardStack.tsx || Pressable@85{back} < View@84{header} < View@83{root} < ⟨RecentlyDeletedScreen⟩ < RecentlyDeletedScreen@src/navigation/tabs/DigestStack.tsx:30 < route:RecentlyDeleted@src/navigation/tabs/DigestStack.tsx || Pressable@85{back} < View@84{header} < View@83{root} < ⟨RecentlyDeletedScreen⟩ < RecentlyDeletedScreen@src/navigation/tabs/EventsStack.tsx:31 < route:RecentlyDeleted@src/navigation/tabs/EventsStack.tsx || Pressable@85{back} < View@84{header} < View@83{root} < ⟨RecentlyDeletedScreen⟩ < RecentlyDeletedScreen@src/navigation/tabs/OrreryStack.tsx:65 < route:RecentlyDeleted@src/navigation/tabs/OrreryStack.tsx || Pressable@85{back} < View@84{header} < View@83{root} < ⟨RecentlyDeletedScreen⟩ < RecentlyDeletedScreen@src/navigation/tabs/SettingsStack.tsx:253 < route:RecentlyDeleted@src/navigation/tabs/SettingsStack.tsx,bare
RecentlyDeleted,src/screens/RecentlyDeletedScreen.tsx:93,RecentlyDeletedScreen,AppText,textPrimary(default),display 28/600,3.0,ESTIMATED(n/a),ESTIMATED(n/a),ESTIMATED(n/a),presentation (veil galaxy 0.02 / standard 0.05),"ESTIMATED(AST-traced, not hand-read)",View@84{header} < View@83{root} < ⟨RecentlyDeletedScreen⟩ < RecentlyDeletedScreen@src/navigation/tabs/DashboardStack.tsx:51 < route:RecentlyDeleted@src/navigation/tabs/DashboardStack.tsx || View@84{header} < View@83{root} < ⟨RecentlyDeletedScreen⟩ < RecentlyDeletedScreen@src/navigation/tabs/DigestStack.tsx:30 < route:RecentlyDeleted@src/navigation/tabs/DigestStack.tsx || View@84{header} < View@83{root} < ⟨RecentlyDeletedScreen⟩ < RecentlyDeletedScreen@src/navigation/tabs/EventsStack.tsx:31 < route:RecentlyDeleted@src/navigation/tabs/EventsStack.tsx || View@84{header} < View@83{root} < ⟨RecentlyDeletedScreen⟩ < RecentlyDeletedScreen@src/navigation/tabs/OrreryStack.tsx:65 < route:RecentlyDeleted@src/navigation/tabs/OrreryStack.tsx || View@84{header} < View@83{root} < ⟨RecentlyDeletedScreen⟩ < RecentlyDeletedScreen@src/navigation/tabs/SettingsStack.tsx:253 < route:RecentlyDeleted@src/navigation/tabs/SettingsStack.tsx,bare
RecentlyDeleted,src/screens/RecentlyDeletedScreen.tsx:105,RecentlyDeletedScreen,AppText,textPrimary(default),heading 20/600,4.5*,ESTIMATED(n/a),ESTIMATED(n/a),ESTIMATED(n/a),presentation (veil galaxy 0.02 / standard 0.05),"ESTIMATED(AST-traced, not hand-read)",View@104{empty} < ScrollView@97 < View@83{root} < ⟨RecentlyDeletedScreen⟩ < RecentlyDeletedScreen@src/navigation/tabs/DashboardStack.tsx:51 < route:RecentlyDeleted@src/navigation/tabs/DashboardStack.tsx || View@104{empty} < ScrollView@97 < View@83{root} < ⟨RecentlyDeletedScreen⟩ < RecentlyDeletedScreen@src/navigation/tabs/DigestStack.tsx:30 < route:RecentlyDeleted@src/navigation/tabs/DigestStack.tsx || View@104{empty} < ScrollView@97 < View@83{root} < ⟨RecentlyDeletedScreen⟩ < RecentlyDeletedScreen@src/navigation/tabs/EventsStack.tsx:31 < route:RecentlyDeleted@src/navigation/tabs/EventsStack.tsx || View@104{empty} < ScrollView@97 < View@83{root} < ⟨RecentlyDeletedScreen⟩ < RecentlyDeletedScreen@src/navigation/tabs/OrreryStack.tsx:65 < route:RecentlyDeleted@src/navigation/tabs/OrreryStack.tsx || View@104{empty} < ScrollView@97 < View@83{root} < ⟨RecentlyDeletedScreen⟩ < RecentlyDeletedScreen@src/navigation/tabs/SettingsStack.tsx:253 < route:RecentlyDeleted@src/navigation/tabs/SettingsStack.tsx,bare
RecentlyDeleted,src/screens/RecentlyDeletedScreen.tsx:106,RecentlyDeletedScreen,AppText,textSecondary,body 16/400,4.5,ESTIMATED(n/a),ESTIMATED(n/a),ESTIMATED(n/a),presentation (veil galaxy 0.02 / standard 0.05),VERIFIED(hand-read 38.5-01),HAND 38.5-01 [sample(c) seed 385001]: View{empty} < ScrollView < View{root}; string: empty-state body; analyzer error: none (carried from v2) || AST: View@104{empty} < ScrollView@97 < View@83{root} < ⟨RecentlyDeletedScreen⟩ < RecentlyDeletedScreen@src/navigation/tabs/DashboardStack.tsx:51 < route:RecentlyDeleted@src/navigation/tabs/DashboardStack.tsx || View@104{empty} < ScrollView@97 < View@83{root} < ⟨RecentlyDeletedScreen⟩ < RecentlyDeletedScreen@src/navigation/tabs/DigestStack.tsx:30 < route:RecentlyDeleted@src/navigation/tabs/DigestStack.tsx || View@104{empty} < ScrollView@97 < View@83{root} < ⟨RecentlyDeletedScreen⟩ < RecentlyDeletedScreen@src/navigation/tabs/EventsStack.tsx:31 < route:RecentlyDeleted@src/navigation/tabs/EventsStack.tsx || View@104{empty} < ScrollView@97 < View@83{root} < ⟨RecentlyDeletedScreen⟩ < RecentlyDeletedScreen@src/navigation/tabs/OrreryStack.tsx:65 < route:RecentlyDeleted@src/navigation/tabs/OrreryStack.tsx || View@104{empty} < ScrollView@97 < View@83{root} < ⟨RecentlyDeletedScreen⟩ < RecentlyDeletedScreen@src/navigation/tabs/SettingsStack.tsx:253 < route:RecentlyDeleted@src/navigation/tabs/SettingsStack.tsx,bare
ReconcileComplete,src/screens/ReconcileCompleteScreen.tsx:81,ReconcileCompleteScreen,Text,textPrimary,"Text 24/""700""",3.0,ESTIMATED(n/a),ESTIMATED(n/a),ESTIMATED(n/a),dense (veil galaxy 0.22 / standard 0.3),"ESTIMATED(AST-traced, not hand-read)",View@80{root} < ⟨ReconcileCompleteScreen⟩ < ReconcileCompleteScreen@src/navigation/tabs/SettingsStack.tsx:281 < route:ReconcileComplete@src/navigation/tabs/SettingsStack.tsx,bare
ReconcileComplete,src/screens/ReconcileCompleteScreen.tsx:89,ReconcileCompleteScreen,ActivityIndicator,accentText,ActivityIndicator ,3.0,ESTIMATED(n/a),ESTIMATED(n/a),ESTIMATED(n/a),dense (veil galaxy 0.22 / standard 0.3),VERIFIED(hand-read 38.5-01),HAND 38.5-01: token accent->accentText since the brief (38.4-16 d822085 / 38.4-review 6407fb1 misrole swap); spinner in View{center} < View{root}; string: (spinner); analyzer error: none (carried from v2) || AST: View@84{center} < View@80{root} < ⟨ReconcileCompleteScreen⟩ < ReconcileCompleteScreen@src/navigation/tabs/SettingsStack.tsx:281 < route:ReconcileComplete@src/navigation/tabs/SettingsStack.tsx,bare
ReconcileComplete,src/screens/ReconcileCompleteScreen.tsx:90,ReconcileCompleteScreen,Text,textSecondary,Text 15,4.5,ESTIMATED(n/a),ESTIMATED(n/a),ESTIMATED(n/a),dense (veil galaxy 0.22 / standard 0.3),"ESTIMATED(AST-traced, not hand-read)",View@84{center} < View@80{root} < ⟨ReconcileCompleteScreen⟩ < ReconcileCompleteScreen@src/navigation/tabs/SettingsStack.tsx:281 < route:ReconcileComplete@src/navigation/tabs/SettingsStack.tsx,bare
ReconcileComplete,src/screens/ReconcileCompleteScreen.tsx:99,ReconcileCompleteScreen,Text,textPrimary,"Text 24/""700""",3.0,ESTIMATED(n/a),ESTIMATED(n/a),ESTIMATED(n/a),dense (veil galaxy 0.22 / standard 0.3),"ESTIMATED(AST-traced, not hand-read)",View@98{root} < ⟨ReconcileCompleteScreen⟩ < ReconcileCompleteScreen@src/navigation/tabs/SettingsStack.tsx:281 < route:ReconcileComplete@src/navigation/tabs/SettingsStack.tsx,bare
ReconcileComplete,src/screens/ReconcileCompleteScreen.tsx:102,ReconcileCompleteScreen,Text,textSecondary,Text 15,4.5,ESTIMATED(n/a),ESTIMATED(n/a),ESTIMATED(n/a),dense (veil galaxy 0.22 / standard 0.3),"ESTIMATED(AST-traced, not hand-read)",View@98{root} < ⟨ReconcileCompleteScreen⟩ < ReconcileCompleteScreen@src/navigation/tabs/SettingsStack.tsx:281 < route:ReconcileComplete@src/navigation/tabs/SettingsStack.tsx,bare
ReconcileComplete,src/screens/ReconcileCompleteScreen.tsx:122,ReconcileCompleteScreen,Text,textPrimary,"Text 24/""700""",3.0,ESTIMATED(n/a),ESTIMATED(n/a),ESTIMATED(n/a),dense (veil galaxy 0.22 / standard 0.3),VERIFIED(hand-read 38.5-01),"HAND 38.5-01 [sample(c) seed 385001]: title < View{root} return root; string: ""Check complete""; analyzer error: none (carried from v2) || AST: View@121{root} < ⟨ReconcileCompleteScreen⟩ < ReconcileCompleteScreen@src/navigation/tabs/SettingsStack.tsx:281 < route:ReconcileComplete@src/navigation/tabs/SettingsStack.tsx",bare
ReconcileDetail,src/components/FieldChoiceGroup.tsx:59,FieldChoiceGroup,Text,textSecondary,"Text 13/""600""",4.5,ESTIMATED(n/a),ESTIMATED(n/a),ESTIMATED(n/a),dense (veil galaxy 0.22 / standard 0.3),VERIFIED(hand-read 38.5-01),HAND 38.5-01 [multi-render-site (c)]: View{group} (no fill); render sites MergeConflicts:294/:309/:348 (ScrollView return root) and ReconcileDetail ChoiceRow:597 < :537 ScrollView{content}; string: field label; analyzer error: none (carried from v2) || AST: View@58{group} < ⟨FieldChoiceGroup⟩ < <FieldChoiceGroup>@src/screens/MergeConflictsScreen.tsx:294 < ScrollView@286 < ⟨MergeConflictsScreen⟩ < MergeConflictsScreen@src/navigation/tabs/DashboardStack.tsx:66 < route:MergeConflicts@src/navigation/tabs/DashboardStack.tsx || View@58{group} < ⟨FieldChoiceGroup⟩ < <FieldChoiceGroup>@src/screens/MergeConflictsScreen.tsx:294 < ScrollView@286 < ⟨MergeConflictsScreen⟩ < MergeConflictsScreen@src/navigation/tabs/DigestStack.tsx:44 < route:MergeConflicts@src/navigation/tabs/DigestStack.tsx || View@58{group} < ⟨FieldChoiceGroup⟩ < <FieldChoiceGroup>@src/screens/MergeConflictsScreen.tsx:294 < ScrollView@286 < ⟨MergeConflictsScreen⟩ < MergeConflictsScreen@src/navigation/tabs/EventsStack.tsx:44 < route:MergeConflicts@src/navigation/tabs/EventsStack.tsx || View@58{group} < ⟨FieldChoiceGroup⟩ < <FieldChoiceGroup>@src/screens/MergeConflictsScreen.tsx:294 < ScrollView@286 < ⟨MergeConflictsScreen⟩ < MergeConflictsScreen@src/navigation/tabs/OrreryStack.tsx:80 < route:MergeConflicts@src/navigation/tabs/OrreryStack.tsx || View@58{group} < ⟨FieldChoiceGroup⟩ < <FieldChoiceGroup>@src/screens/MergeConflictsScreen.tsx:294 < ScrollView@286 < ⟨MergeConflictsScreen⟩ < MergeConflictsScreen@src/navigation/tabs/SettingsStack.tsx:275 < route:MergeConflicts@src/navigation/tabs/SettingsStack.tsx || View@58{group} < ⟨FieldChoiceGroup⟩ < <FieldChoiceGroup>@src/screens/MergeConflictsScreen.tsx:309 < ScrollView@286 < ⟨MergeConflictsScreen⟩ < MergeConflictsScreen@src/navigation/tabs/DashboardStack.tsx:66 < route:MergeConflicts@src/navigation/tabs/DashboardStack.tsx || View@58{group} < ⟨FieldChoiceGroup⟩ < <FieldChoiceGroup>@src/screens/MergeConflictsScreen.tsx:309 < ScrollView@286 < ⟨MergeConflictsScreen⟩ < MergeConflictsScreen@src/navigation/tabs/DigestStack.tsx:44 < route:MergeConflicts@src/navigation/tabs/DigestStack.tsx || View@58{group} < ⟨FieldChoiceGroup⟩ < <FieldChoiceGroup>@src/screens/MergeConflictsScreen.tsx:309 < ScrollView@286 < ⟨MergeConflictsScreen⟩ < MergeConflictsScreen@src/navigation/tabs/EventsStack.tsx:44 < route:MergeConflicts@src/navigation/tabs/EventsStack.tsx || View@58{group} < ⟨FieldChoiceGroup⟩ < <FieldChoiceGroup>@src/screens/MergeConflictsScreen.tsx:309 < ScrollView@286 < ⟨MergeConflictsScreen⟩ < MergeConflictsScreen@src/navigation/tabs/OrreryStack.tsx:80 < route:MergeConflicts@src/navigation/tabs/OrreryStack.tsx || View@58{group} < ⟨FieldChoiceGroup⟩ < <FieldChoiceGroup>@src/screens/MergeConflictsScreen.tsx:309 < ScrollView@286 < ⟨MergeConflictsScreen⟩ < MergeConflictsScreen@src/navigation/tabs/SettingsStack.tsx:275 < route:MergeConflicts@src/navigation/tabs/SettingsStack.tsx || View@58{group} < ⟨FieldChoiceGroup⟩ < <FieldChoiceGroup>@src/screens/MergeConflictsScreen.tsx:348 < ScrollView@286 < ⟨MergeConflictsScreen⟩ < MergeConflictsScreen@src/navigation/tabs/DashboardStack.tsx:66 < route:MergeConflicts@src/navigation/tabs/DashboardStack.tsx || View@58{group} < ⟨FieldChoiceGroup⟩ < <FieldChoiceGroup>@src/screens/MergeConflictsScreen.tsx:348 < ScrollView@286 < ⟨MergeConflictsScreen⟩ < MergeConflictsScreen@src/navigation/tabs/DigestStack.tsx:44 < route:MergeConflicts@src/navigation/tabs/DigestStack.tsx || (+4 more chains),bare
ReconcileDetail,src/components/PhotoChoice.tsx:43,PhotoChoice,Text,textSecondary,"Text 13/""600""",4.5,ESTIMATED(n/a),ESTIMATED(n/a),ESTIMATED(n/a),dense (veil galaxy 0.22 / standard 0.3),VERIFIED(hand-read 38.5-01),"HAND 38.5-01 [multi-render-site (c)]: View{group} (no fill); render sites MergeConflicts:324 and ReconcileDetail:507, both inside the ScrollView return roots; string: ""Photo"" label; analyzer error: none (carried from v2) || AST: View@42{group} < ⟨PhotoChoice⟩ < <PhotoChoice>@src/screens/MergeConflictsScreen.tsx:324 < ScrollView@286 < ⟨MergeConflictsScreen⟩ < MergeConflictsScreen@src/navigation/tabs/DashboardStack.tsx:66 < route:MergeConflicts@src/navigation/tabs/DashboardStack.tsx || View@42{group} < ⟨PhotoChoice⟩ < <PhotoChoice>@src/screens/MergeConflictsScreen.tsx:324 < ScrollView@286 < ⟨MergeConflictsScreen⟩ < MergeConflictsScreen@src/navigation/tabs/DigestStack.tsx:44 < route:MergeConflicts@src/navigation/tabs/DigestStack.tsx || View@42{group} < ⟨PhotoChoice⟩ < <PhotoChoice>@src/screens/MergeConflictsScreen.tsx:324 < ScrollView@286 < ⟨MergeConflictsScreen⟩ < MergeConflictsScreen@src/navigation/tabs/EventsStack.tsx:44 < route:MergeConflicts@src/navigation/tabs/EventsStack.tsx || View@42{group} < ⟨PhotoChoice⟩ < <PhotoChoice>@src/screens/MergeConflictsScreen.tsx:324 < ScrollView@286 < ⟨MergeConflictsScreen⟩ < MergeConflictsScreen@src/navigation/tabs/OrreryStack.tsx:80 < route:MergeConflicts@src/navigation/tabs/OrreryStack.tsx || View@42{group} < ⟨PhotoChoice⟩ < <PhotoChoice>@src/screens/MergeConflictsScreen.tsx:324 < ScrollView@286 < ⟨MergeConflictsScreen⟩ < MergeConflictsScreen@src/navigation/tabs/SettingsStack.tsx:275 < route:MergeConflicts@src/navigation/tabs/SettingsStack.tsx || View@42{group} < ⟨PhotoChoice⟩ < <PhotoChoice>@src/screens/ReconcileDetailScreen.tsx:507 < ScrollView@504 < View@483{root} < ⟨ReconcileDetailScreen⟩ < ReconcileDetailScreen@src/navigation/tabs/SettingsStack.tsx:277 < route:ReconcileDetail@src/navigation/tabs/SettingsStack.tsx",bare
ReconcileDetail,src/screens/ReconcileDetailScreen.tsx:407,ReconcileDetailScreen,Text,textPrimary,"Text 24/""600""",3.0,ESTIMATED(n/a),ESTIMATED(n/a),ESTIMATED(n/a),dense (veil galaxy 0.22 / standard 0.3),"ESTIMATED(AST-traced, not hand-read)",View@406{root} < ⟨ReconcileDetailScreen⟩ < ReconcileDetailScreen@src/navigation/tabs/SettingsStack.tsx:277 < route:ReconcileDetail@src/navigation/tabs/SettingsStack.tsx,bare
ReconcileDetail,src/screens/ReconcileDetailScreen.tsx:411,ReconcileDetailScreen,Text,textSecondary,Text ?,4.5,ESTIMATED(n/a),ESTIMATED(n/a),ESTIMATED(n/a),dense (veil galaxy 0.22 / standard 0.3),"ESTIMATED(AST-traced, not hand-read)",View@406{root} < ⟨ReconcileDetailScreen⟩ < ReconcileDetailScreen@src/navigation/tabs/SettingsStack.tsx:277 < route:ReconcileDetail@src/navigation/tabs/SettingsStack.tsx,bare
ReconcileDetail,src/screens/ReconcileDetailScreen.tsx:413,ReconcileDetailScreen,ActivityIndicator,accentText,ActivityIndicator ,3.0,ESTIMATED(n/a),ESTIMATED(n/a),ESTIMATED(n/a),dense (veil galaxy 0.22 / standard 0.3),VERIFIED(hand-read 38.5-01),HAND 38.5-01: token accent->accentText since the brief (38.4-16 d822085 / 38.4-review 6407fb1 misrole swap); loading spinner in early-return View{root}; string: (spinner); analyzer error: none (carried from v2) || AST: View@406{root} < ⟨ReconcileDetailScreen⟩ < ReconcileDetailScreen@src/navigation/tabs/SettingsStack.tsx:277 < route:ReconcileDetail@src/navigation/tabs/SettingsStack.tsx,bare
ReconcileDetail,src/screens/ReconcileDetailScreen.tsx:422,ReconcileDetailScreen,Text,textPrimary,Text ?,4.5,ESTIMATED(n/a),ESTIMATED(n/a),ESTIMATED(n/a),dense (veil galaxy 0.22 / standard 0.3),"ESTIMATED(AST-traced, not hand-read)",Pressable@416{action} < View@406{root} < ⟨ReconcileDetailScreen⟩ < ReconcileDetailScreen@src/navigation/tabs/SettingsStack.tsx:277 < route:ReconcileDetail@src/navigation/tabs/SettingsStack.tsx,bare
ReconcileDetail,src/screens/ReconcileDetailScreen.tsx:432,ReconcileDetailScreen,Text,textSecondary,Text ?,4.5,ESTIMATED(n/a),ESTIMATED(n/a),ESTIMATED(n/a),dense (veil galaxy 0.22 / standard 0.3),"ESTIMATED(AST-traced, not hand-read)",Pressable@431 < View@430{header} < View@429{root} < ⟨ReconcileDetailScreen⟩ < ReconcileDetailScreen@src/navigation/tabs/SettingsStack.tsx:277 < route:ReconcileDetail@src/navigation/tabs/SettingsStack.tsx,bare
ReconcileDetail,src/screens/ReconcileDetailScreen.tsx:434,ReconcileDetailScreen,Text,textPrimary,"Text 24/""600""",3.0,ESTIMATED(n/a),ESTIMATED(n/a),ESTIMATED(n/a),dense (veil galaxy 0.22 / standard 0.3),"ESTIMATED(AST-traced, not hand-read)",View@430{header} < View@429{root} < ⟨ReconcileDetailScreen⟩ < ReconcileDetailScreen@src/navigation/tabs/SettingsStack.tsx:277 < route:ReconcileDetail@src/navigation/tabs/SettingsStack.tsx,bare
ReconcileDetail,src/screens/ReconcileDetailScreen.tsx:437,ReconcileDetailScreen,Text,textSecondary,Text 18,4.5,ESTIMATED(n/a),ESTIMATED(n/a),ESTIMATED(n/a),dense (veil galaxy 0.22 / standard 0.3),"ESTIMATED(AST-traced, not hand-read)",View@430{header} < View@429{root} < ⟨ReconcileDetailScreen⟩ < ReconcileDetailScreen@src/navigation/tabs/SettingsStack.tsx:277 < route:ReconcileDetail@src/navigation/tabs/SettingsStack.tsx,bare
ReconcileDetail,src/screens/ReconcileDetailScreen.tsx:449,ReconcileDetailScreen,Text,textSecondary,Text 15,4.5,ESTIMATED(n/a),ESTIMATED(n/a),ESTIMATED(n/a),dense (veil galaxy 0.22 / standard 0.3),"ESTIMATED(AST-traced, not hand-read)",View@441{missingSource} < View@429{root} < ⟨ReconcileDetailScreen⟩ < ReconcileDetailScreen@src/navigation/tabs/SettingsStack.tsx:277 < route:ReconcileDetail@src/navigation/tabs/SettingsStack.tsx,bare
ReconcileDetail,src/screens/ReconcileDetailScreen.tsx:458,ReconcileDetailScreen,Text,textPrimary,Text ?,4.5,ESTIMATED(n/a),ESTIMATED(n/a),ESTIMATED(n/a),dense (veil galaxy 0.22 / standard 0.3),VERIFIED(hand-read 38.5-01),"HAND 38.5-01 [sample(c) seed 385001]: Pressable{action} border only < View{missingSource} < View{root}; string: ""Keep as is""; analyzer error: none (carried from v2) || AST: Pressable@453{action} < View@441{missingSource} < View@429{root} < ⟨ReconcileDetailScreen⟩ < ReconcileDetailScreen@src/navigation/tabs/SettingsStack.tsx:277 < route:ReconcileDetail@src/navigation/tabs/SettingsStack.tsx",bare
ReconcileDetail,src/screens/ReconcileDetailScreen.tsx:465,ReconcileDetailScreen,Text,textPrimary,Text ?,4.5,ESTIMATED(n/a),ESTIMATED(n/a),ESTIMATED(n/a),dense (veil galaxy 0.22 / standard 0.3),"ESTIMATED(AST-traced, not hand-read)",Pressable@460{action} < View@441{missingSource} < View@429{root} < ⟨ReconcileDetailScreen⟩ < ReconcileDetailScreen@src/navigation/tabs/SettingsStack.tsx:277 < route:ReconcileDetail@src/navigation/tabs/SettingsStack.tsx,bare
ReconcileDetail,src/screens/ReconcileDetailScreen.tsx:474,ReconcileDetailScreen,Text,danger,Text ?,4.5,ESTIMATED(n/a),ESTIMATED(n/a),ESTIMATED(n/a),dense (veil galaxy 0.22 / standard 0.3),VERIFIED(hand-read 38.5-01),"HAND 38.5-01 [danger (a)]: Pressable{action} border only (borderColor danger, no fill) < View{missingSource} < View{root} < route ReconcileDetail; string: ""Unlink source""; analyzer error: none (carried from v2) || AST: Pressable@469{action} < View@441{missingSource} < View@429{root} < ⟨ReconcileDetailScreen⟩ < ReconcileDetailScreen@src/navigation/tabs/SettingsStack.tsx:277 < route:ReconcileDetail@src/navigation/tabs/SettingsStack.tsx",bare
ReconcileDetail,src/screens/ReconcileDetailScreen.tsx:477,ReconcileDetailScreen,Text,textSecondary,Text ?,4.5,ESTIMATED(n/a),ESTIMATED(n/a),ESTIMATED(n/a),dense (veil galaxy 0.22 / standard 0.3),VERIFIED(hand-read 38.5-01),HAND 38.5-01 [sample(c) seed 385001]: View{missingSource} < View{root}; string: dynamic {message}; analyzer error: none (carried from v2) || AST: View@441{missingSource} < View@429{root} < ⟨ReconcileDetailScreen⟩ < ReconcileDetailScreen@src/navigation/tabs/SettingsStack.tsx:277 < route:ReconcileDetail@src/navigation/tabs/SettingsStack.tsx,bare
ReconcileDetail,src/screens/ReconcileDetailScreen.tsx:486,ReconcileDetailScreen,Text,textSecondary,Text ?,4.5,ESTIMATED(n/a),ESTIMATED(n/a),ESTIMATED(n/a),dense (veil galaxy 0.22 / standard 0.3),"ESTIMATED(AST-traced, not hand-read)",Pressable@485 < View@484{header} < View@483{root} < ⟨ReconcileDetailScreen⟩ < ReconcileDetailScreen@src/navigation/tabs/SettingsStack.tsx:277 < route:ReconcileDetail@src/navigation/tabs/SettingsStack.tsx,bare
ReconcileDetail,src/screens/ReconcileDetailScreen.tsx:488,ReconcileDetailScreen,Text,textPrimary,"Text 24/""600""",3.0,ESTIMATED(n/a),ESTIMATED(n/a),ESTIMATED(n/a),dense (veil galaxy 0.22 / standard 0.3),VERIFIED(hand-read 38.5-01),"HAND 38.5-01 [sample(c) seed 385001]: View{header} < View{root} (main return); string: ""Update from Contacts""; analyzer error: none (carried from v2) || AST: View@484{header} < View@483{root} < ⟨ReconcileDetailScreen⟩ < ReconcileDetailScreen@src/navigation/tabs/SettingsStack.tsx:277 < route:ReconcileDetail@src/navigation/tabs/SettingsStack.tsx",bare
ReconcileDetail,src/screens/ReconcileDetailScreen.tsx:491,ReconcileDetailScreen,Text,textSecondary,Text 18,4.5,ESTIMATED(n/a),ESTIMATED(n/a),ESTIMATED(n/a),dense (veil galaxy 0.22 / standard 0.3),"ESTIMATED(AST-traced, not hand-read)",View@484{header} < View@483{root} < ⟨ReconcileDetailScreen⟩ < ReconcileDetailScreen@src/navigation/tabs/SettingsStack.tsx:277 < route:ReconcileDetail@src/navigation/tabs/SettingsStack.tsx,bare
ReconcileDetail,src/screens/ReconcileDetailScreen.tsx:499,ReconcileDetailScreen,Text,textSecondary,Text ?,4.5,ESTIMATED(n/a),ESTIMATED(n/a),ESTIMATED(n/a),dense (veil galaxy 0.22 / standard 0.3),"ESTIMATED(AST-traced, not hand-read)",Pressable@494 < View@484{header} < View@483{root} < ⟨ReconcileDetailScreen⟩ < ReconcileDetailScreen@src/navigation/tabs/SettingsStack.tsx:277 < route:ReconcileDetail@src/navigation/tabs/SettingsStack.tsx,bare
ReconcileDetail,src/screens/ReconcileDetailScreen.tsx:551,ReconcileDetailScreen,Text,textSecondary,Text ?,4.5,ESTIMATED(n/a),ESTIMATED(n/a),ESTIMATED(n/a),dense (veil galaxy 0.22 / standard 0.3),VERIFIED(hand-read 38.5-01),HAND 38.5-01 [sample(c) seed 385001]: directly in ScrollView{content} < View{root}; string: dynamic {message}; analyzer error: none (carried from v2) || AST: ScrollView@504 < View@483{root} < ⟨ReconcileDetailScreen⟩ < ReconcileDetailScreen@src/navigation/tabs/SettingsStack.tsx:277 < route:ReconcileDetail@src/navigation/tabs/SettingsStack.tsx,bare
ReconcileGrid,src/components/CandidateCardGrid.tsx:154,CandidateCardGrid,Text,textSecondary,Text ?,4.5,ESTIMATED(n/a),ESTIMATED(n/a),ESTIMATED(n/a),dense (veil galaxy 0.22 / standard 0.3),VERIFIED(hand-read 38.5-01),"HAND 38.5-01 [multi-render-site (c)]: scoring early-return View{progress} (no fill); render sites DuplicateReview:320/:356 (View{root}) and ReconcileGrid:451 (View{root}), none backed; string: scoringLabel; analyzer error: none (carried from v2) || AST: View@153{progress} < ⟨CandidateCardGrid⟩ < <CandidateCardGrid>@src/screens/DuplicateReviewScreen.tsx:320 < View@305{root} < ⟨DuplicateReviewScreen⟩ < DuplicateReviewScreen@src/navigation/tabs/SettingsStack.tsx:271 < route:DuplicateReview@src/navigation/tabs/SettingsStack.tsx || View@153{progress} < ⟨CandidateCardGrid⟩ < <CandidateCardGrid>@src/screens/DuplicateReviewScreen.tsx:356 < View@305{root} < ⟨DuplicateReviewScreen⟩ < DuplicateReviewScreen@src/navigation/tabs/SettingsStack.tsx:271 < route:DuplicateReview@src/navigation/tabs/SettingsStack.tsx || View@153{progress} < ⟨CandidateCardGrid⟩ < <CandidateCardGrid>@src/screens/ReconcileGridScreen.tsx:451 < View@432{root} < ⟨ReconcileGridScreen⟩ < ReconcileGridScreen@src/navigation/tabs/SettingsStack.tsx:278 < route:ReconcileGrid@src/navigation/tabs/SettingsStack.tsx",bare
ReconcileGrid,src/screens/ReconcileGridScreen.tsx:433,ReconcileGridScreen,Text,textPrimary,"Text 24/""700""",3.0,ESTIMATED(n/a),ESTIMATED(n/a),ESTIMATED(n/a),dense (veil galaxy 0.22 / standard 0.3),"ESTIMATED(AST-traced, not hand-read)",View@432{root} < ⟨ReconcileGridScreen⟩ < ReconcileGridScreen@src/navigation/tabs/SettingsStack.tsx:278 < route:ReconcileGrid@src/navigation/tabs/SettingsStack.tsx,bare
ReconcileGrid,src/screens/ReconcileGridScreen.tsx:437,ReconcileGridScreen,Text,textSecondary,Text 14,4.5,ESTIMATED(n/a),ESTIMATED(n/a),ESTIMATED(n/a),dense (veil galaxy 0.22 / standard 0.3),"ESTIMATED(AST-traced, not hand-read)",View@432{root} < ⟨ReconcileGridScreen⟩ < ReconcileGridScreen@src/navigation/tabs/SettingsStack.tsx:278 < route:ReconcileGrid@src/navigation/tabs/SettingsStack.tsx,bare
ReconcileGrid,src/screens/ReconcileGridScreen.tsx:448,ReconcileGridScreen,Text,textPrimary,Text ?,4.5,ESTIMATED(n/a),ESTIMATED(n/a),ESTIMATED(n/a),dense (veil galaxy 0.22 / standard 0.3),VERIFIED(hand-read 38.5-01),"HAND 38.5-01 [sample(c) seed 385001]: Pressable{settingsButton} border only < View{root}; string: ""Open Settings""; analyzer error: none (carried from v2) || AST: Pressable@442{settingsButton} < View@432{root} < ⟨ReconcileGridScreen⟩ < ReconcileGridScreen@src/navigation/tabs/SettingsStack.tsx:278 < route:ReconcileGrid@src/navigation/tabs/SettingsStack.tsx",bare
RestorePreview,src/screens/RestorePreviewScreen.tsx:299,RestorePreviewScreen,Text,textSecondary,Text ?,4.5,ESTIMATED(n/a),ESTIMATED(n/a),ESTIMATED(n/a),dense (veil galaxy 0.22 / standard 0.3),VERIFIED(hand-read 38.5-01),"HAND 38.5-01 [multi-render-site (c)]: main Pressable{back} border only < ScrollView return root; string: ""Back""; analyzer error: none (carried from v2, line moved 286->299) || AST: Pressable@293{back} < ScrollView@286{#restore-preview-expired} < ⟨RestorePreviewScreen⟩ < <RestorePreviewScreen>@src/navigation/tabs/BackupStack.tsx:21 < ⟨RestorePreviewTabRoute⟩ < RestorePreviewTabRoute@src/navigation/tabs/BackupStack.tsx:36 < route:RestorePreview@src/navigation/tabs/BackupStack.tsx || Pressable@293{back} < ScrollView@286{#restore-preview-expired} < ⟨RestorePreviewScreen⟩ < <RestorePreviewScreen>@src/navigation/tabs/SettingsStack.tsx:159 < ⟨RestorePreviewSettingsRoute⟩ < RestorePreviewSettingsRoute@src/navigation/tabs/SettingsStack.tsx:211 < route:RestorePreview@src/navigation/tabs/SettingsStack.tsx",bare
RestorePreview,src/screens/RestorePreviewScreen.tsx:349,RestorePreviewScreen,Text,textSecondary,Text ?,4.5,ESTIMATED(n/a),ESTIMATED(n/a),ESTIMATED(n/a),dense (veil galaxy 0.22 / standard 0.3),VERIFIED(hand-read 38.5-01),"HAND 38.5-01 [multi-render-site (c)]: expired-state Pressable{back} border only < ScrollView return root; hosted by SettingsStack RestorePreviewSettingsRoute; string: ""Back""; analyzer error: none (carried from v2, line moved 236->349) || AST: Pressable@338{back} < ScrollView@331{#restore-preview-screen} < ⟨RestorePreviewScreen⟩ < <RestorePreviewScreen>@src/navigation/tabs/BackupStack.tsx:21 < ⟨RestorePreviewTabRoute⟩ < RestorePreviewTabRoute@src/navigation/tabs/BackupStack.tsx:36 < route:RestorePreview@src/navigation/tabs/BackupStack.tsx || Pressable@338{back} < ScrollView@331{#restore-preview-screen} < ⟨RestorePreviewScreen⟩ < <RestorePreviewScreen>@src/navigation/tabs/SettingsStack.tsx:159 < ⟨RestorePreviewSettingsRoute⟩ < RestorePreviewSettingsRoute@src/navigation/tabs/SettingsStack.tsx:211 < route:RestorePreview@src/navigation/tabs/SettingsStack.tsx",bare
RestorePreview,src/screens/RestorePreviewScreen.tsx:351,RestorePreviewScreen,Text,textPrimary,"Text 24/""600""",3.0,ESTIMATED(n/a),ESTIMATED(n/a),ESTIMATED(n/a),dense (veil galaxy 0.22 / standard 0.3),VERIFIED(hand-read 38.5-01),"HAND 38.5-01 [multi-render-site (c)]: title Text < ScrollView return root; string: restore title; analyzer error: none (carried from v2, line moved 288->351) || AST: ScrollView@331{#restore-preview-screen} < ⟨RestorePreviewScreen⟩ < <RestorePreviewScreen>@src/navigation/tabs/BackupStack.tsx:21 < ⟨RestorePreviewTabRoute⟩ < RestorePreviewTabRoute@src/navigation/tabs/BackupStack.tsx:36 < route:RestorePreview@src/navigation/tabs/BackupStack.tsx || ScrollView@331{#restore-preview-screen} < ⟨RestorePreviewScreen⟩ < <RestorePreviewScreen>@src/navigation/tabs/SettingsStack.tsx:159 < ⟨RestorePreviewSettingsRoute⟩ < RestorePreviewSettingsRoute@src/navigation/tabs/SettingsStack.tsx:211 < route:RestorePreview@src/navigation/tabs/SettingsStack.tsx",bare
Settings,src/screens/SettingsHubScreen.tsx:135,SettingsHubScreen,Text,textSecondary,"Text 13/""400""",4.5,ESTIMATED(n/a),ESTIMATED(n/a),ESTIMATED(n/a),dense (veil galaxy 0.22 / standard 0.3),VERIFIED(hand-read 38.5-01),"HAND 38.5-01 [sample(c) seed 385001]: add-widget fallback copy sits BELOW the surface-filled row Pressable, as its sibling, in View{key} < ScrollView; string: addWidgetCopy; analyzer error: none (carried from v2) || AST: View@105 < ScrollView@80{#settings-hub-screen} < View@78{root} < ⟨SettingsHubScreen⟩ < SettingsHubScreen@src/navigation/tabs/SettingsStack.tsx:187 < route:Settings@src/navigation/tabs/SettingsStack.tsx",bare
SettingsAI,src/screens/SettingsAIScreen.tsx:151,SettingsAIScreen,Text,textSecondary,"Text 13/""600""",4.5,ESTIMATED(n/a),ESTIMATED(n/a),ESTIMATED(n/a),presentation (veil galaxy 0.02 / standard 0.05),"ESTIMATED(AST-traced, not hand-read)",View@150{section} < ScrollView@140{#settings-ai-screen} < View@138{root} < ⟨SettingsAIScreen⟩ < <SettingsAIScreen>@src/navigation/tabs/SettingsStack.tsx:142 < ⟨SettingsAIRoute⟩ < SettingsAIRoute@src/navigation/tabs/SettingsStack.tsx:202 < route:SettingsAI@src/navigation/tabs/SettingsStack.tsx,bare
SettingsAI,src/screens/SettingsAIScreen.tsx:185,SettingsAIScreen,Text,textSecondary,"Text 13/""400""",4.5,ESTIMATED(n/a),ESTIMATED(n/a),ESTIMATED(n/a),presentation (veil galaxy 0.02 / standard 0.05),VERIFIED(hand-read 38.5-01),HAND 38.5-01 [sample(c) seed 385001]: View{section} < ScrollView < View{root} (ShellAppBar sibling); string: loading helper; analyzer error: none (carried from v2) || AST: View@150{section} < ScrollView@140{#settings-ai-screen} < View@138{root} < ⟨SettingsAIScreen⟩ < <SettingsAIScreen>@src/navigation/tabs/SettingsStack.tsx:142 < ⟨SettingsAIRoute⟩ < SettingsAIRoute@src/navigation/tabs/SettingsStack.tsx:202 < route:SettingsAI@src/navigation/tabs/SettingsStack.tsx,bare
SettingsAI,src/screens/SettingsAIScreen.tsx:284,SettingsAIScreen,Text,danger,"Text 13/""400""",4.5,ESTIMATED(n/a),ESTIMATED(n/a),ESTIMATED(n/a),presentation (veil galaxy 0.02 / standard 0.05),VERIFIED(hand-read 38.5-01),HAND 38.5-01 [danger (a)]: View{section} < ScrollView{content} < View{root} < SettingsAIRoute < route SettingsAI; string: dynamic {aiHubError}; analyzer error: none (carried from v2) || AST: View@150{section} < ScrollView@140{#settings-ai-screen} < View@138{root} < ⟨SettingsAIScreen⟩ < <SettingsAIScreen>@src/navigation/tabs/SettingsStack.tsx:142 < ⟨SettingsAIRoute⟩ < SettingsAIRoute@src/navigation/tabs/SettingsStack.tsx:202 < route:SettingsAI@src/navigation/tabs/SettingsStack.tsx,bare
SettingsAppearance,src/screens/SettingsAppearanceScreen.tsx:543,SettingsAppearanceScreen,Text,textSecondary,"Text 13/""600""",4.5,ESTIMATED(n/a),ESTIMATED(n/a),ESTIMATED(n/a),presentation (veil galaxy 0.02 / standard 0.05),"ESTIMATED(AST-traced, not hand-read)",View@542{section} < ScrollView@502{#settings-appearance-screen} < View@500{root} < ⟨SettingsAppearanceScreen⟩ < <SettingsAppearanceScreen>@src/navigation/tabs/SettingsStack.tsx:126 < ⟨SettingsAppearanceRoute⟩ < SettingsAppearanceRoute@src/navigation/tabs/SettingsStack.tsx:194 < route:SettingsAppearance@src/navigation/tabs/SettingsStack.tsx,bare
SettingsAppearance,src/screens/SettingsAppearanceScreen.tsx:810,SettingsAppearanceScreen,Text,textSecondary,"Text 13/""600""",4.5,ESTIMATED(n/a),ESTIMATED(n/a),ESTIMATED(n/a),presentation (veil galaxy 0.02 / standard 0.05),"ESTIMATED(AST-traced, not hand-read)",View@809{section} < ScrollView@502{#settings-appearance-screen} < View@500{root} < ⟨SettingsAppearanceScreen⟩ < <SettingsAppearanceScreen>@src/navigation/tabs/SettingsStack.tsx:126 < ⟨SettingsAppearanceRoute⟩ < SettingsAppearanceRoute@src/navigation/tabs/SettingsStack.tsx:194 < route:SettingsAppearance@src/navigation/tabs/SettingsStack.tsx,bare
SettingsAppearance,src/screens/SettingsAppearanceScreen.tsx:895,SettingsAppearanceScreen,Text,textSecondary,"Text 13/""600""",4.5,ESTIMATED(n/a),ESTIMATED(n/a),ESTIMATED(n/a),presentation (veil galaxy 0.02 / standard 0.05),"ESTIMATED(AST-traced, not hand-read)",View@894{section} < ScrollView@502{#settings-appearance-screen} < View@500{root} < ⟨SettingsAppearanceScreen⟩ < <SettingsAppearanceScreen>@src/navigation/tabs/SettingsStack.tsx:126 < ⟨SettingsAppearanceRoute⟩ < SettingsAppearanceRoute@src/navigation/tabs/SettingsStack.tsx:194 < route:SettingsAppearance@src/navigation/tabs/SettingsStack.tsx,bare
SettingsAppearance,src/screens/SettingsAppearanceScreen.tsx:1061,SettingsAppearanceScreen,Text,textSecondary,"Text 13/""600""",4.5,ESTIMATED(n/a),ESTIMATED(n/a),ESTIMATED(n/a),presentation (veil galaxy 0.02 / standard 0.05),VERIFIED(hand-read 38.5-01),"HAND 38.5-01 [sample(c) seed 385001]: section heading in View{section} < ScrollView < View{root}; string: profile-defaults section heading; analyzer error: none (carried from v2, line moved 1050->1061) || AST: View@1060{section} < ScrollView@502{#settings-appearance-screen} < View@500{root} < ⟨SettingsAppearanceScreen⟩ < <SettingsAppearanceScreen>@src/navigation/tabs/SettingsStack.tsx:126 < ⟨SettingsAppearanceRoute⟩ < SettingsAppearanceRoute@src/navigation/tabs/SettingsStack.tsx:194 < route:SettingsAppearance@src/navigation/tabs/SettingsStack.tsx",bare
SettingsAppearance,src/screens/SettingsAppearanceScreen.tsx:1085,SettingsAppearanceScreen,Text,textSecondary,"Text 13/""400""",4.5,ESTIMATED(n/a),ESTIMATED(n/a),ESTIMATED(n/a),presentation (veil galaxy 0.02 / standard 0.05),"ESTIMATED(AST-traced, not hand-read)",View@1060{section} < ScrollView@502{#settings-appearance-screen} < View@500{root} < ⟨SettingsAppearanceScreen⟩ < <SettingsAppearanceScreen>@src/navigation/tabs/SettingsStack.tsx:126 < ⟨SettingsAppearanceRoute⟩ < SettingsAppearanceRoute@src/navigation/tabs/SettingsStack.tsx:194 < route:SettingsAppearance@src/navigation/tabs/SettingsStack.tsx,bare
SettingsContacts,src/screens/SettingsContactsScreen.tsx:383,SettingsContactsScreen,Text,textSecondary,"Text 13/""600""",4.5,ESTIMATED(n/a),ESTIMATED(n/a),ESTIMATED(n/a),presentation (veil galaxy 0.02 / standard 0.05),VERIFIED(hand-read 38.5-01),HAND 38.5-01 [sample(c) seed 385001]: section heading in View{section} < ScrollView < View{root}; string: section heading; analyzer error: none (carried from v2) || AST: View@378{section} < ScrollView@370{#settings-contacts-screen} < View@368{root} < ⟨SettingsContactsScreen⟩ < <SettingsContactsScreen>@src/navigation/tabs/SettingsStack.tsx:130 < ⟨SettingsContactsRoute⟩ < SettingsContactsRoute@src/navigation/tabs/SettingsStack.tsx:196 < route:SettingsContacts@src/navigation/tabs/SettingsStack.tsx,bare
SettingsInteractions,src/screens/SettingsInteractionsScreen.tsx:117,SettingsInteractionsScreen,AppText,textPrimary,heading 20/600,4.5*,ESTIMATED(n/a),ESTIMATED(n/a),ESTIMATED(n/a),presentation (veil galaxy 0.02 / standard 0.05),"ESTIMATED(AST-traced, not hand-read)",View@116{section} < {renderChipSection}@173 < ScrollView@166{#settings-interactions-screen} < View@164{root} < ⟨SettingsInteractionsScreen⟩ < <SettingsInteractionsScreen>@src/navigation/tabs/SettingsStack.tsx:118 < ⟨SettingsInteractionsRoute⟩ < SettingsInteractionsRoute@src/navigation/tabs/SettingsStack.tsx:190 < route:SettingsInteractions@src/navigation/tabs/SettingsStack.tsx || View@116{section} < {renderChipSection}@181 < ScrollView@166{#settings-interactions-screen} < View@164{root} < ⟨SettingsInteractionsScreen⟩ < <SettingsInteractionsScreen>@src/navigation/tabs/SettingsStack.tsx:118 < ⟨SettingsInteractionsRoute⟩ < SettingsInteractionsRoute@src/navigation/tabs/SettingsStack.tsx:190 < route:SettingsInteractions@src/navigation/tabs/SettingsStack.tsx || View@116{section} < {renderChipSection}@189 < ScrollView@166{#settings-interactions-screen} < View@164{root} < ⟨SettingsInteractionsScreen⟩ < <SettingsInteractionsScreen>@src/navigation/tabs/SettingsStack.tsx:118 < ⟨SettingsInteractionsRoute⟩ < SettingsInteractionsRoute@src/navigation/tabs/SettingsStack.tsx:190 < route:SettingsInteractions@src/navigation/tabs/SettingsStack.tsx || View@116{section} < {renderChipSection}@197 < ScrollView@166{#settings-interactions-screen} < View@164{root} < ⟨SettingsInteractionsScreen⟩ < <SettingsInteractionsScreen>@src/navigation/tabs/SettingsStack.tsx:118 < ⟨SettingsInteractionsRoute⟩ < SettingsInteractionsRoute@src/navigation/tabs/SettingsStack.tsx:190 < route:SettingsInteractions@src/navigation/tabs/SettingsStack.tsx,bare
SettingsInteractions,src/screens/SettingsInteractionsScreen.tsx:124,SettingsInteractionsScreen,AppText,textSecondary,caption 14/400,4.5,ESTIMATED(n/a),ESTIMATED(n/a),ESTIMATED(n/a),presentation (veil galaxy 0.02 / standard 0.05),"ESTIMATED(AST-traced, not hand-read)",View@116{section} < {renderChipSection}@173 < ScrollView@166{#settings-interactions-screen} < View@164{root} < ⟨SettingsInteractionsScreen⟩ < <SettingsInteractionsScreen>@src/navigation/tabs/SettingsStack.tsx:118 < ⟨SettingsInteractionsRoute⟩ < SettingsInteractionsRoute@src/navigation/tabs/SettingsStack.tsx:190 < route:SettingsInteractions@src/navigation/tabs/SettingsStack.tsx || View@116{section} < {renderChipSection}@181 < ScrollView@166{#settings-interactions-screen} < View@164{root} < ⟨SettingsInteractionsScreen⟩ < <SettingsInteractionsScreen>@src/navigation/tabs/SettingsStack.tsx:118 < ⟨SettingsInteractionsRoute⟩ < SettingsInteractionsRoute@src/navigation/tabs/SettingsStack.tsx:190 < route:SettingsInteractions@src/navigation/tabs/SettingsStack.tsx || View@116{section} < {renderChipSection}@189 < ScrollView@166{#settings-interactions-screen} < View@164{root} < ⟨SettingsInteractionsScreen⟩ < <SettingsInteractionsScreen>@src/navigation/tabs/SettingsStack.tsx:118 < ⟨SettingsInteractionsRoute⟩ < SettingsInteractionsRoute@src/navigation/tabs/SettingsStack.tsx:190 < route:SettingsInteractions@src/navigation/tabs/SettingsStack.tsx || View@116{section} < {renderChipSection}@197 < ScrollView@166{#settings-interactions-screen} < View@164{root} < ⟨SettingsInteractionsScreen⟩ < <SettingsInteractionsScreen>@src/navigation/tabs/SettingsStack.tsx:118 < ⟨SettingsInteractionsRoute⟩ < SettingsInteractionsRoute@src/navigation/tabs/SettingsStack.tsx:190 < route:SettingsInteractions@src/navigation/tabs/SettingsStack.tsx,bare
SettingsInteractions,src/screens/SettingsInteractionsScreen.tsx:210,SettingsInteractionsScreen,AppText,textPrimary,heading 20/600,4.5*,ESTIMATED(n/a),ESTIMATED(n/a),ESTIMATED(n/a),presentation (veil galaxy 0.02 / standard 0.05),VERIFIED(hand-read 38.5-01),HAND 38.5-01 [sample(c) seed 385001]: View{toggleRow} < View{section} < ScrollView < View{root}; string: section heading; analyzer error: none (carried from v2) || AST: View@209{toggleRow} < View@205{section} < ScrollView@166{#settings-interactions-screen} < View@164{root} < ⟨SettingsInteractionsScreen⟩ < <SettingsInteractionsScreen>@src/navigation/tabs/SettingsStack.tsx:118 < ⟨SettingsInteractionsRoute⟩ < SettingsInteractionsRoute@src/navigation/tabs/SettingsStack.tsx:190 < route:SettingsInteractions@src/navigation/tabs/SettingsStack.tsx,bare
SettingsInteractions,src/screens/SettingsInteractionsScreen.tsx:232,SettingsInteractionsScreen,AppText,textSecondary,caption 14/400,4.5,ESTIMATED(n/a),ESTIMATED(n/a),ESTIMATED(n/a),presentation (veil galaxy 0.02 / standard 0.05),"ESTIMATED(AST-traced, not hand-read)",View@205{section} < ScrollView@166{#settings-interactions-screen} < View@164{root} < ⟨SettingsInteractionsScreen⟩ < <SettingsInteractionsScreen>@src/navigation/tabs/SettingsStack.tsx:118 < ⟨SettingsInteractionsRoute⟩ < SettingsInteractionsRoute@src/navigation/tabs/SettingsStack.tsx:190 < route:SettingsInteractions@src/navigation/tabs/SettingsStack.tsx,bare
SettingsNotifications,src/screens/SettingsNotificationsScreen.tsx:237,SettingsNotificationsScreen,Text,textSecondary,"Text 13/""600""",4.5,ESTIMATED(n/a),ESTIMATED(n/a),ESTIMATED(n/a),presentation (veil galaxy 0.02 / standard 0.05),"ESTIMATED(AST-traced, not hand-read)",View@236{section} < ScrollView@228{#settings-notifications-screen} < View@226{root} < ⟨SettingsNotificationsScreen⟩ < <SettingsNotificationsScreen>@src/navigation/tabs/SettingsStack.tsx:134 < ⟨SettingsNotificationsRoute⟩ < SettingsNotificationsRoute@src/navigation/tabs/SettingsStack.tsx:199 < route:SettingsNotifications@src/navigation/tabs/SettingsStack.tsx,bare
SettingsNotifications,src/screens/SettingsNotificationsScreen.tsx:342,SettingsNotificationsScreen,Text,danger,"Text 13/""400""",4.5,ESTIMATED(n/a),ESTIMATED(n/a),ESTIMATED(n/a),presentation (veil galaxy 0.02 / standard 0.05),VERIFIED(hand-read 38.5-01),"HAND 38.5-01 [danger (a)]: View{section} < ScrollView{content} < View{root} < SettingsNotificationsRoute < route SettingsNotifications; string: ""Couldn't save that change. Please try again.""; analyzer error: none (carried from v2) || AST: View@236{section} < ScrollView@228{#settings-notifications-screen} < View@226{root} < ⟨SettingsNotificationsScreen⟩ < <SettingsNotificationsScreen>@src/navigation/tabs/SettingsStack.tsx:134 < ⟨SettingsNotificationsRoute⟩ < SettingsNotificationsRoute@src/navigation/tabs/SettingsStack.tsx:199 < route:SettingsNotifications@src/navigation/tabs/SettingsStack.tsx",bare
SettingsNotifications,src/screens/SettingsNotificationsScreen.tsx:354,SettingsNotificationsScreen,Text,textSecondary,"Text 13/""600""",4.5,ESTIMATED(n/a),ESTIMATED(n/a),ESTIMATED(n/a),presentation (veil galaxy 0.02 / standard 0.05),"ESTIMATED(AST-traced, not hand-read)",View@353{section} < ScrollView@228{#settings-notifications-screen} < View@226{root} < ⟨SettingsNotificationsScreen⟩ < <SettingsNotificationsScreen>@src/navigation/tabs/SettingsStack.tsx:134 < ⟨SettingsNotificationsRoute⟩ < SettingsNotificationsRoute@src/navigation/tabs/SettingsStack.tsx:199 < route:SettingsNotifications@src/navigation/tabs/SettingsStack.tsx,bare
SettingsNotifications,src/screens/SettingsNotificationsScreen.tsx:402,SettingsNotificationsScreen,Text,textSecondary,"Text 13/""600""",4.5,ESTIMATED(n/a),ESTIMATED(n/a),ESTIMATED(n/a),presentation (veil galaxy 0.02 / standard 0.05),"ESTIMATED(AST-traced, not hand-read)",View@401{section} < ScrollView@228{#settings-notifications-screen} < View@226{root} < ⟨SettingsNotificationsScreen⟩ < <SettingsNotificationsScreen>@src/navigation/tabs/SettingsStack.tsx:134 < ⟨SettingsNotificationsRoute⟩ < SettingsNotificationsRoute@src/navigation/tabs/SettingsStack.tsx:199 < route:SettingsNotifications@src/navigation/tabs/SettingsStack.tsx,bare
SettingsNotifications,src/screens/SettingsNotificationsScreen.tsx:494,SettingsNotificationsScreen,Text,textSecondary,"Text 13/""600""",4.5,ESTIMATED(n/a),ESTIMATED(n/a),ESTIMATED(n/a),presentation (veil galaxy 0.02 / standard 0.05),"ESTIMATED(AST-traced, not hand-read)",View@493{section} < ScrollView@228{#settings-notifications-screen} < View@226{root} < ⟨SettingsNotificationsScreen⟩ < <SettingsNotificationsScreen>@src/navigation/tabs/SettingsStack.tsx:134 < ⟨SettingsNotificationsRoute⟩ < SettingsNotificationsRoute@src/navigation/tabs/SettingsStack.tsx:199 < route:SettingsNotifications@src/navigation/tabs/SettingsStack.tsx,bare
SettingsNotifications,src/screens/SettingsNotificationsScreen.tsx:547,SettingsNotificationsScreen,Text,textSecondary,"Text 13/""600""",4.5,ESTIMATED(n/a),ESTIMATED(n/a),ESTIMATED(n/a),presentation (veil galaxy 0.02 / standard 0.05),"ESTIMATED(AST-traced, not hand-read)",View@546{section} < ScrollView@228{#settings-notifications-screen} < View@226{root} < ⟨SettingsNotificationsScreen⟩ < <SettingsNotificationsScreen>@src/navigation/tabs/SettingsStack.tsx:134 < ⟨SettingsNotificationsRoute⟩ < SettingsNotificationsRoute@src/navigation/tabs/SettingsStack.tsx:199 < route:SettingsNotifications@src/navigation/tabs/SettingsStack.tsx,bare
SettingsNotifications,src/screens/SettingsNotificationsScreen.tsx:664,SettingsNotificationsScreen,Text,textSecondary,"Text 13/""400""",4.5,ESTIMATED(n/a),ESTIMATED(n/a),ESTIMATED(n/a),presentation (veil galaxy 0.02 / standard 0.05),"ESTIMATED(AST-traced, not hand-read)",View@546{section} < ScrollView@228{#settings-notifications-screen} < View@226{root} < ⟨SettingsNotificationsScreen⟩ < <SettingsNotificationsScreen>@src/navigation/tabs/SettingsStack.tsx:134 < ⟨SettingsNotificationsRoute⟩ < SettingsNotificationsRoute@src/navigation/tabs/SettingsStack.tsx:199 < route:SettingsNotifications@src/navigation/tabs/SettingsStack.tsx,bare
SettingsNotifications,src/screens/SettingsNotificationsScreen.tsx:681,SettingsNotificationsScreen,Text,textSecondary,"Text 13/""600""",4.5,ESTIMATED(n/a),ESTIMATED(n/a),ESTIMATED(n/a),presentation (veil galaxy 0.02 / standard 0.05),VERIFIED(hand-read 38.5-01),HAND 38.5-01 [sample(c) seed 385001]: section heading in View{section} < ScrollView; string: section heading; analyzer error: none (carried from v2) || AST: View@680{section} < ScrollView@228{#settings-notifications-screen} < View@226{root} < ⟨SettingsNotificationsScreen⟩ < <SettingsNotificationsScreen>@src/navigation/tabs/SettingsStack.tsx:134 < ⟨SettingsNotificationsRoute⟩ < SettingsNotificationsRoute@src/navigation/tabs/SettingsStack.tsx:199 < route:SettingsNotifications@src/navigation/tabs/SettingsStack.tsx,bare
SettingsOrrery,src/screens/SettingsOrreryScreen.tsx:85,SettingsOrreryScreen,Text,textSecondary,"Text 13/""600""",4.5,ESTIMATED(n/a),ESTIMATED(n/a),ESTIMATED(n/a),presentation (veil galaxy 0.02 / standard 0.05),VERIFIED(hand-read 38.5-01),HAND 38.5-01 [sample(c) seed 385001]: section heading in View{section} < ScrollView; string: section heading; analyzer error: none (carried from v2) || AST: View@84{section} < ScrollView@75{#settings-orrery-screen} < View@73{root} < ⟨SettingsOrreryScreen⟩ < <SettingsOrreryScreen>@src/navigation/tabs/SettingsStack.tsx:138 < ⟨SettingsOrreryRoute⟩ < SettingsOrreryRoute@src/navigation/tabs/SettingsStack.tsx:201 < route:SettingsOrrery@src/navigation/tabs/SettingsStack.tsx,bare
SettingsOrrery,src/screens/SettingsOrreryScreen.tsx:171,SettingsOrreryScreen,Text,textSecondary,"Text 13/""400""",4.5,ESTIMATED(n/a),ESTIMATED(n/a),ESTIMATED(n/a),presentation (veil galaxy 0.02 / standard 0.05),"ESTIMATED(AST-traced, not hand-read)",View@84{section} < ScrollView@75{#settings-orrery-screen} < View@73{root} < ⟨SettingsOrreryScreen⟩ < <SettingsOrreryScreen>@src/navigation/tabs/SettingsStack.tsx:138 < ⟨SettingsOrreryRoute⟩ < SettingsOrreryRoute@src/navigation/tabs/SettingsStack.tsx:201 < route:SettingsOrrery@src/navigation/tabs/SettingsStack.tsx,bare
SettingsOrrery,src/screens/SettingsOrreryScreen.tsx:219,SettingsOrreryScreen,Text,textSecondary,"Text 13/""600""",4.5,ESTIMATED(n/a),ESTIMATED(n/a),ESTIMATED(n/a),presentation (veil galaxy 0.02 / standard 0.05),"ESTIMATED(AST-traced, not hand-read)",View@218{section} < ScrollView@75{#settings-orrery-screen} < View@73{root} < ⟨SettingsOrreryScreen⟩ < <SettingsOrreryScreen>@src/navigation/tabs/SettingsStack.tsx:138 < ⟨SettingsOrreryRoute⟩ < SettingsOrreryRoute@src/navigation/tabs/SettingsStack.tsx:201 < route:SettingsOrrery@src/navigation/tabs/SettingsStack.tsx,bare
SurvivorSelect,src/screens/SurvivorSelectScreen.tsx:58,SurvivorSelectScreen,Text,textPrimary,"Text 24/""600""",3.0,ESTIMATED(n/a),ESTIMATED(n/a),ESTIMATED(n/a),dense (veil galaxy 0.22 / standard 0.3),"ESTIMATED(AST-traced, not hand-read)",View@57{root} < ⟨SurvivorSelectScreen⟩ < SurvivorSelectScreen@src/navigation/tabs/DashboardStack.tsx:65 < route:SurvivorSelect@src/navigation/tabs/DashboardStack.tsx || View@57{root} < ⟨SurvivorSelectScreen⟩ < SurvivorSelectScreen@src/navigation/tabs/DigestStack.tsx:43 < route:SurvivorSelect@src/navigation/tabs/DigestStack.tsx || View@57{root} < ⟨SurvivorSelectScreen⟩ < SurvivorSelectScreen@src/navigation/tabs/EventsStack.tsx:43 < route:SurvivorSelect@src/navigation/tabs/EventsStack.tsx || View@57{root} < ⟨SurvivorSelectScreen⟩ < SurvivorSelectScreen@src/navigation/tabs/OrreryStack.tsx:79 < route:SurvivorSelect@src/navigation/tabs/OrreryStack.tsx || View@57{root} < ⟨SurvivorSelectScreen⟩ < SurvivorSelectScreen@src/navigation/tabs/SettingsStack.tsx:274 < route:SurvivorSelect@src/navigation/tabs/SettingsStack.tsx,bare
SurvivorSelect,src/screens/SurvivorSelectScreen.tsx:83,SurvivorSelectScreen,Text,textPrimary,"Text 24/""600""",3.0,ESTIMATED(n/a),ESTIMATED(n/a),ESTIMATED(n/a),dense (veil galaxy 0.22 / standard 0.3),VERIFIED(hand-read 38.5-01),"HAND 38.5-01 [sample(c) seed 385001]: title < View{root} return root; string: ""Which contact survives?""; analyzer error: none (carried from v2) || AST: View@82{root} < ⟨SurvivorSelectScreen⟩ < SurvivorSelectScreen@src/navigation/tabs/DashboardStack.tsx:65 < route:SurvivorSelect@src/navigation/tabs/DashboardStack.tsx || View@82{root} < ⟨SurvivorSelectScreen⟩ < SurvivorSelectScreen@src/navigation/tabs/DigestStack.tsx:43 < route:SurvivorSelect@src/navigation/tabs/DigestStack.tsx || View@82{root} < ⟨SurvivorSelectScreen⟩ < SurvivorSelectScreen@src/navigation/tabs/EventsStack.tsx:43 < route:SurvivorSelect@src/navigation/tabs/EventsStack.tsx || View@82{root} < ⟨SurvivorSelectScreen⟩ < SurvivorSelectScreen@src/navigation/tabs/OrreryStack.tsx:79 < route:SurvivorSelect@src/navigation/tabs/OrreryStack.tsx || View@82{root} < ⟨SurvivorSelectScreen⟩ < SurvivorSelectScreen@src/navigation/tabs/SettingsStack.tsx:274 < route:SurvivorSelect@src/navigation/tabs/SettingsStack.tsx",bare
SystemsManagement,src/screens/SystemsManagementScreen.tsx:559,SystemsManagementScreen,AppText,danger,body 16/400,4.5,ESTIMATED(n/a),ESTIMATED(n/a),ESTIMATED(n/a),dense (veil galaxy 0.22 / standard 0.3),VERIFIED(hand-read 38.5-01),"HAND 38.5-01 [danger (a)]: View{content} < View{root} < route SystemsManagement (Orrery + Settings stacks; the route is not Orrery, so the art shows); drifted from :556; string: dynamic {error}: ""Couldn't load Systems. Please try again."" / ""Give this System a name."" / ""Couldn't delete this System. Please try again."" and others; analyzer error: none (carried from v2) || AST: View@557{content} < View@555{root} < ⟨SystemsManagementScreen⟩ < SystemsManagementScreen@src/navigation/tabs/OrreryStack.tsx:55 < route:SystemsManagement@src/navigation/tabs/OrreryStack.tsx || View@557{content} < View@555{root} < ⟨SystemsManagementScreen⟩ < SystemsManagementScreen@src/navigation/tabs/SettingsStack.tsx:231 < route:SystemsManagement@src/navigation/tabs/SettingsStack.tsx",bare
SystemsManagement,src/screens/SystemsManagementScreen.tsx:572,SystemsManagementScreen,AppText,textPrimary(default),body 16/400,4.5,ESTIMATED(n/a),ESTIMATED(n/a),ESTIMATED(n/a),dense (veil galaxy 0.22 / standard 0.3),VERIFIED(hand-read 38.5-01),"HAND 38.5-01 [sample(c) seed 385001]: View{content} < View{root}; string: ""Loading Systems…""; analyzer error: none (carried from v2) || AST: View@557{content} < View@555{root} < ⟨SystemsManagementScreen⟩ < SystemsManagementScreen@src/navigation/tabs/OrreryStack.tsx:55 < route:SystemsManagement@src/navigation/tabs/OrreryStack.tsx || View@557{content} < View@555{root} < ⟨SystemsManagementScreen⟩ < SystemsManagementScreen@src/navigation/tabs/SettingsStack.tsx:231 < route:SystemsManagement@src/navigation/tabs/SettingsStack.tsx",bare
ThingsToRemember,src/components/MemoryEditor.tsx:299,MemoryEditor,AppText,accentText,body 16/400,4.5,ESTIMATED(n/a),ESTIMATED(n/a),ESTIMATED(n/a),presentation (veil galaxy 0.02 / standard 0.05),VERIFIED(hand-read 38.5-01),"HAND 38.5-01: token accent->accentText since the brief (38.4-16 d822085 / 38.4-review 6407fb1 misrole swap); Pressable{action} border only < View{container}; bare under Memory:283 and ThingsToRemember:640/:687 (border-only group Views), backed under Create/Edit (AccordionSection); string: memory action label; analyzer error: none (carried from v2) || AST: Pressable@293{action} < View@283{container} < ⟨MemoryEditor⟩ < <MemoryEditor>@src/screens/CreateContactScreen.tsx:716 < backed:opaque AccordionSection@710 via AccordionSection.children || Pressable@293{action} < View@283{container} < ⟨MemoryEditor⟩ < <MemoryEditor>@src/screens/EditContactScreen.tsx:1602 < backed:opaque AccordionSection@1595 via AccordionSection.children || Pressable@293{action} < View@283{container} < ⟨MemoryEditor⟩ < <MemoryEditor>@src/screens/MemoryScreen.tsx:283 < ScrollView@257 < View@255{root} < ⟨MemoryScreen⟩ < MemoryScreen@src/navigation/tabs/DashboardStack.tsx:45 < route:Memory@src/navigation/tabs/DashboardStack.tsx || Pressable@293{action} < View@283{container} < ⟨MemoryEditor⟩ < <MemoryEditor>@src/screens/ThingsToRememberScreen.tsx:640 < View@634{group} < ScrollView@439{#things-to-remember-screen} < ⟨ThingsToRememberScreen⟩ < ThingsToRememberScreen@src/navigation/tabs/DashboardStack.tsx:49 < route:ThingsToRemember@src/navigation/tabs/DashboardStack.tsx || Pressable@293{action} < View@283{container} < ⟨MemoryEditor⟩ < <MemoryEditor>@src/screens/ThingsToRememberScreen.tsx:640 < View@634{group} < ScrollView@439{#things-to-remember-screen} < ⟨ThingsToRememberScreen⟩ < ThingsToRememberScreen@src/navigation/tabs/DigestStack.tsx:39 < route:ThingsToRemember@src/navigation/tabs/DigestStack.tsx || Pressable@293{action} < View@283{container} < ⟨MemoryEditor⟩ < <MemoryEditor>@src/screens/ThingsToRememberScreen.tsx:640 < View@634{group} < ScrollView@439{#things-to-remember-screen} < ⟨ThingsToRememberScreen⟩ < ThingsToRememberScreen@src/navigation/tabs/EventsStack.tsx:39 < route:ThingsToRemember@src/navigation/tabs/EventsStack.tsx || Pressable@293{action} < View@283{container} < ⟨MemoryEditor⟩ < <MemoryEditor>@src/screens/ThingsToRememberScreen.tsx:640 < View@634{group} < ScrollView@439{#things-to-remember-screen} < ⟨ThingsToRememberScreen⟩ < ThingsToRememberScreen@src/navigation/tabs/OrreryStack.tsx:63 < route:ThingsToRemember@src/navigation/tabs/OrreryStack.tsx || Pressable@293{action} < View@283{container} < ⟨MemoryEditor⟩ < <MemoryEditor>@src/screens/ThingsToRememberScreen.tsx:640 < View@634{group} < ScrollView@439{#things-to-remember-screen} < ⟨ThingsToRememberScreen⟩ < ThingsToRememberScreen@src/navigation/tabs/SettingsStack.tsx:249 < route:ThingsToRemember@src/navigation/tabs/SettingsStack.tsx || Pressable@293{action} < View@283{container} < ⟨MemoryEditor⟩ < <MemoryEditor>@src/screens/ThingsToRememberScreen.tsx:687 < ScrollView@439{#things-to-remember-screen} < ⟨ThingsToRememberScreen⟩ < ThingsToRememberScreen@src/navigation/tabs/DashboardStack.tsx:49 < route:ThingsToRemember@src/navigation/tabs/DashboardStack.tsx || Pressable@293{action} < View@283{container} < ⟨MemoryEditor⟩ < <MemoryEditor>@src/screens/ThingsToRememberScreen.tsx:687 < ScrollView@439{#things-to-remember-screen} < ⟨ThingsToRememberScreen⟩ < ThingsToRememberScreen@src/navigation/tabs/DigestStack.tsx:39 < route:ThingsToRemember@src/navigation/tabs/DigestStack.tsx || Pressable@293{action} < View@283{container} < ⟨MemoryEditor⟩ < <MemoryEditor>@src/screens/ThingsToRememberScreen.tsx:687 < ScrollView@439{#things-to-remember-screen} < ⟨ThingsToRememberScreen⟩ < ThingsToRememberScreen@src/navigation/tabs/EventsStack.tsx:39 < route:ThingsToRemember@src/navigation/tabs/EventsStack.tsx || Pressable@293{action} < View@283{container} < ⟨MemoryEditor⟩ < <MemoryEditor>@src/screens/ThingsToRememberScreen.tsx:687 < ScrollView@439{#things-to-remember-screen} < ⟨ThingsToRememberScreen⟩ < ThingsToRememberScreen@src/navigation/tabs/OrreryStack.tsx:63 < route:ThingsToRemember@src/navigation/tabs/OrreryStack.tsx || (+2 more chains)",mixed
ThingsToRemember,src/screens/ThingsToRememberScreen.tsx:483,ThingsToRememberScreen,AppText,textPrimary(default),heading 20/600,4.5*,ESTIMATED(n/a),ESTIMATED(n/a),ESTIMATED(n/a),presentation (veil galaxy 0.02 / standard 0.05),"ESTIMATED(AST-traced, not hand-read)",View@482{visibilityCopy} < View@481{switchRow} < View@477{group} < ScrollView@439{#things-to-remember-screen} < ⟨ThingsToRememberScreen⟩ < ThingsToRememberScreen@src/navigation/tabs/DashboardStack.tsx:49 < route:ThingsToRemember@src/navigation/tabs/DashboardStack.tsx || View@482{visibilityCopy} < View@481{switchRow} < View@477{group} < ScrollView@439{#things-to-remember-screen} < ⟨ThingsToRememberScreen⟩ < ThingsToRememberScreen@src/navigation/tabs/DigestStack.tsx:39 < route:ThingsToRemember@src/navigation/tabs/DigestStack.tsx || View@482{visibilityCopy} < View@481{switchRow} < View@477{group} < ScrollView@439{#things-to-remember-screen} < ⟨ThingsToRememberScreen⟩ < ThingsToRememberScreen@src/navigation/tabs/EventsStack.tsx:39 < route:ThingsToRemember@src/navigation/tabs/EventsStack.tsx || View@482{visibilityCopy} < View@481{switchRow} < View@477{group} < ScrollView@439{#things-to-remember-screen} < ⟨ThingsToRememberScreen⟩ < ThingsToRememberScreen@src/navigation/tabs/OrreryStack.tsx:63 < route:ThingsToRemember@src/navigation/tabs/OrreryStack.tsx || View@482{visibilityCopy} < View@481{switchRow} < View@477{group} < ScrollView@439{#things-to-remember-screen} < ⟨ThingsToRememberScreen⟩ < ThingsToRememberScreen@src/navigation/tabs/SettingsStack.tsx:249 < route:ThingsToRemember@src/navigation/tabs/SettingsStack.tsx,bare
ThingsToRemember,src/screens/ThingsToRememberScreen.tsx:484,ThingsToRememberScreen,AppText,textSecondary,caption 14/400,4.5,ESTIMATED(n/a),ESTIMATED(n/a),ESTIMATED(n/a),presentation (veil galaxy 0.02 / standard 0.05),"ESTIMATED(AST-traced, not hand-read)",View@482{visibilityCopy} < View@481{switchRow} < View@477{group} < ScrollView@439{#things-to-remember-screen} < ⟨ThingsToRememberScreen⟩ < ThingsToRememberScreen@src/navigation/tabs/DashboardStack.tsx:49 < route:ThingsToRemember@src/navigation/tabs/DashboardStack.tsx || View@482{visibilityCopy} < View@481{switchRow} < View@477{group} < ScrollView@439{#things-to-remember-screen} < ⟨ThingsToRememberScreen⟩ < ThingsToRememberScreen@src/navigation/tabs/DigestStack.tsx:39 < route:ThingsToRemember@src/navigation/tabs/DigestStack.tsx || View@482{visibilityCopy} < View@481{switchRow} < View@477{group} < ScrollView@439{#things-to-remember-screen} < ⟨ThingsToRememberScreen⟩ < ThingsToRememberScreen@src/navigation/tabs/EventsStack.tsx:39 < route:ThingsToRemember@src/navigation/tabs/EventsStack.tsx || View@482{visibilityCopy} < View@481{switchRow} < View@477{group} < ScrollView@439{#things-to-remember-screen} < ⟨ThingsToRememberScreen⟩ < ThingsToRememberScreen@src/navigation/tabs/OrreryStack.tsx:63 < route:ThingsToRemember@src/navigation/tabs/OrreryStack.tsx || View@482{visibilityCopy} < View@481{switchRow} < View@477{group} < ScrollView@439{#things-to-remember-screen} < ⟨ThingsToRememberScreen⟩ < ThingsToRememberScreen@src/navigation/tabs/SettingsStack.tsx:249 < route:ThingsToRemember@src/navigation/tabs/SettingsStack.tsx,bare
ThingsToRemember,src/screens/ThingsToRememberScreen.tsx:515,ThingsToRememberScreen,AppText,textPrimary(default),heading 20/600,4.5*,ESTIMATED(n/a),ESTIMATED(n/a),ESTIMATED(n/a),presentation (veil galaxy 0.02 / standard 0.05),VERIFIED(hand-read 38.5-01),"HAND 38.5-01 [sample(c) seed 385001]: View{group} border only < ScrollView; string: ""Featured & current""; analyzer error: none (carried from v2) || AST: View@514{group} < ScrollView@439{#things-to-remember-screen} < ⟨ThingsToRememberScreen⟩ < ThingsToRememberScreen@src/navigation/tabs/DashboardStack.tsx:49 < route:ThingsToRemember@src/navigation/tabs/DashboardStack.tsx || View@514{group} < ScrollView@439{#things-to-remember-screen} < ⟨ThingsToRememberScreen⟩ < ThingsToRememberScreen@src/navigation/tabs/DigestStack.tsx:39 < route:ThingsToRemember@src/navigation/tabs/DigestStack.tsx || View@514{group} < ScrollView@439{#things-to-remember-screen} < ⟨ThingsToRememberScreen⟩ < ThingsToRememberScreen@src/navigation/tabs/EventsStack.tsx:39 < route:ThingsToRemember@src/navigation/tabs/EventsStack.tsx || View@514{group} < ScrollView@439{#things-to-remember-screen} < ⟨ThingsToRememberScreen⟩ < ThingsToRememberScreen@src/navigation/tabs/OrreryStack.tsx:63 < route:ThingsToRemember@src/navigation/tabs/OrreryStack.tsx || View@514{group} < ScrollView@439{#things-to-remember-screen} < ⟨ThingsToRememberScreen⟩ < ThingsToRememberScreen@src/navigation/tabs/SettingsStack.tsx:249 < route:ThingsToRemember@src/navigation/tabs/SettingsStack.tsx",bare
ThingsToRemember,src/screens/ThingsToRememberScreen.tsx:518,ThingsToRememberScreen,AppText,textSecondary,label 14/600,4.5,ESTIMATED(n/a),ESTIMATED(n/a),ESTIMATED(n/a),presentation (veil galaxy 0.02 / standard 0.05),"ESTIMATED(AST-traced, not hand-read)",View@517{readOnlyRow} < View@514{group} < ScrollView@439{#things-to-remember-screen} < ⟨ThingsToRememberScreen⟩ < ThingsToRememberScreen@src/navigation/tabs/DashboardStack.tsx:49 < route:ThingsToRemember@src/navigation/tabs/DashboardStack.tsx || View@517{readOnlyRow} < View@514{group} < ScrollView@439{#things-to-remember-screen} < ⟨ThingsToRememberScreen⟩ < ThingsToRememberScreen@src/navigation/tabs/DigestStack.tsx:39 < route:ThingsToRemember@src/navigation/tabs/DigestStack.tsx || View@517{readOnlyRow} < View@514{group} < ScrollView@439{#things-to-remember-screen} < ⟨ThingsToRememberScreen⟩ < ThingsToRememberScreen@src/navigation/tabs/EventsStack.tsx:39 < route:ThingsToRemember@src/navigation/tabs/EventsStack.tsx || View@517{readOnlyRow} < View@514{group} < ScrollView@439{#things-to-remember-screen} < ⟨ThingsToRememberScreen⟩ < ThingsToRememberScreen@src/navigation/tabs/OrreryStack.tsx:63 < route:ThingsToRemember@src/navigation/tabs/OrreryStack.tsx || View@517{readOnlyRow} < View@514{group} < ScrollView@439{#things-to-remember-screen} < ⟨ThingsToRememberScreen⟩ < ThingsToRememberScreen@src/navigation/tabs/SettingsStack.tsx:249 < route:ThingsToRemember@src/navigation/tabs/SettingsStack.tsx,bare
ThingsToRemember,src/screens/ThingsToRememberScreen.tsx:521,ThingsToRememberScreen,AppText,textPrimary(default),body 16/400,4.5,ESTIMATED(n/a),ESTIMATED(n/a),ESTIMATED(n/a),presentation (veil galaxy 0.02 / standard 0.05),VERIFIED(hand-read 38.5-01),HAND 38.5-01 [sample(c) seed 385001]: View{readOnlyRow} < View{group} border only < ScrollView; string: row value; analyzer error: none (carried from v2) || AST: View@517{readOnlyRow} < View@514{group} < ScrollView@439{#things-to-remember-screen} < ⟨ThingsToRememberScreen⟩ < ThingsToRememberScreen@src/navigation/tabs/DashboardStack.tsx:49 < route:ThingsToRemember@src/navigation/tabs/DashboardStack.tsx || View@517{readOnlyRow} < View@514{group} < ScrollView@439{#things-to-remember-screen} < ⟨ThingsToRememberScreen⟩ < ThingsToRememberScreen@src/navigation/tabs/DigestStack.tsx:39 < route:ThingsToRemember@src/navigation/tabs/DigestStack.tsx || View@517{readOnlyRow} < View@514{group} < ScrollView@439{#things-to-remember-screen} < ⟨ThingsToRememberScreen⟩ < ThingsToRememberScreen@src/navigation/tabs/EventsStack.tsx:39 < route:ThingsToRemember@src/navigation/tabs/EventsStack.tsx || View@517{readOnlyRow} < View@514{group} < ScrollView@439{#things-to-remember-screen} < ⟨ThingsToRememberScreen⟩ < ThingsToRememberScreen@src/navigation/tabs/OrreryStack.tsx:63 < route:ThingsToRemember@src/navigation/tabs/OrreryStack.tsx || View@517{readOnlyRow} < View@514{group} < ScrollView@439{#things-to-remember-screen} < ⟨ThingsToRememberScreen⟩ < ThingsToRememberScreen@src/navigation/tabs/SettingsStack.tsx:249 < route:ThingsToRemember@src/navigation/tabs/SettingsStack.tsx,bare
ThingsToRemember,src/screens/ThingsToRememberScreen.tsx:529,ThingsToRememberScreen,AppText,textPrimary(default),label 14/600,4.5,ESTIMATED(n/a),ESTIMATED(n/a),ESTIMATED(n/a),presentation (veil galaxy 0.02 / standard 0.05),"ESTIMATED(AST-traced, not hand-read)",View@528{currentStateRow} < View@514{group} < ScrollView@439{#things-to-remember-screen} < ⟨ThingsToRememberScreen⟩ < ThingsToRememberScreen@src/navigation/tabs/DashboardStack.tsx:49 < route:ThingsToRemember@src/navigation/tabs/DashboardStack.tsx || View@528{currentStateRow} < View@514{group} < ScrollView@439{#things-to-remember-screen} < ⟨ThingsToRememberScreen⟩ < ThingsToRememberScreen@src/navigation/tabs/DigestStack.tsx:39 < route:ThingsToRemember@src/navigation/tabs/DigestStack.tsx || View@528{currentStateRow} < View@514{group} < ScrollView@439{#things-to-remember-screen} < ⟨ThingsToRememberScreen⟩ < ThingsToRememberScreen@src/navigation/tabs/EventsStack.tsx:39 < route:ThingsToRemember@src/navigation/tabs/EventsStack.tsx || View@528{currentStateRow} < View@514{group} < ScrollView@439{#things-to-remember-screen} < ⟨ThingsToRememberScreen⟩ < ThingsToRememberScreen@src/navigation/tabs/OrreryStack.tsx:63 < route:ThingsToRemember@src/navigation/tabs/OrreryStack.tsx || View@528{currentStateRow} < View@514{group} < ScrollView@439{#things-to-remember-screen} < ⟨ThingsToRememberScreen⟩ < ThingsToRememberScreen@src/navigation/tabs/SettingsStack.tsx:249 < route:ThingsToRemember@src/navigation/tabs/SettingsStack.tsx,bare
ThingsToRemember,src/screens/ThingsToRememberScreen.tsx:532,ThingsToRememberScreen,AppText,textPrimary(default),body 16/400,4.5,ESTIMATED(n/a),ESTIMATED(n/a),ESTIMATED(n/a),presentation (veil galaxy 0.02 / standard 0.05),"ESTIMATED(AST-traced, not hand-read)",View@528{currentStateRow} < View@514{group} < ScrollView@439{#things-to-remember-screen} < ⟨ThingsToRememberScreen⟩ < ThingsToRememberScreen@src/navigation/tabs/DashboardStack.tsx:49 < route:ThingsToRemember@src/navigation/tabs/DashboardStack.tsx || View@528{currentStateRow} < View@514{group} < ScrollView@439{#things-to-remember-screen} < ⟨ThingsToRememberScreen⟩ < ThingsToRememberScreen@src/navigation/tabs/DigestStack.tsx:39 < route:ThingsToRemember@src/navigation/tabs/DigestStack.tsx || View@528{currentStateRow} < View@514{group} < ScrollView@439{#things-to-remember-screen} < ⟨ThingsToRememberScreen⟩ < ThingsToRememberScreen@src/navigation/tabs/EventsStack.tsx:39 < route:ThingsToRemember@src/navigation/tabs/EventsStack.tsx || View@528{currentStateRow} < View@514{group} < ScrollView@439{#things-to-remember-screen} < ⟨ThingsToRememberScreen⟩ < ThingsToRememberScreen@src/navigation/tabs/OrreryStack.tsx:63 < route:ThingsToRemember@src/navigation/tabs/OrreryStack.tsx || View@528{currentStateRow} < View@514{group} < ScrollView@439{#things-to-remember-screen} < ⟨ThingsToRememberScreen⟩ < ThingsToRememberScreen@src/navigation/tabs/SettingsStack.tsx:249 < route:ThingsToRemember@src/navigation/tabs/SettingsStack.tsx,bare
ThingsToRemember,src/screens/ThingsToRememberScreen.tsx:533,ThingsToRememberScreen,AppText,textSecondary,caption 14/400,4.5,ESTIMATED(n/a),ESTIMATED(n/a),ESTIMATED(n/a),presentation (veil galaxy 0.02 / standard 0.05),"ESTIMATED(AST-traced, not hand-read)",View@528{currentStateRow} < View@514{group} < ScrollView@439{#things-to-remember-screen} < ⟨ThingsToRememberScreen⟩ < ThingsToRememberScreen@src/navigation/tabs/DashboardStack.tsx:49 < route:ThingsToRemember@src/navigation/tabs/DashboardStack.tsx || View@528{currentStateRow} < View@514{group} < ScrollView@439{#things-to-remember-screen} < ⟨ThingsToRememberScreen⟩ < ThingsToRememberScreen@src/navigation/tabs/DigestStack.tsx:39 < route:ThingsToRemember@src/navigation/tabs/DigestStack.tsx || View@528{currentStateRow} < View@514{group} < ScrollView@439{#things-to-remember-screen} < ⟨ThingsToRememberScreen⟩ < ThingsToRememberScreen@src/navigation/tabs/EventsStack.tsx:39 < route:ThingsToRemember@src/navigation/tabs/EventsStack.tsx || View@528{currentStateRow} < View@514{group} < ScrollView@439{#things-to-remember-screen} < ⟨ThingsToRememberScreen⟩ < ThingsToRememberScreen@src/navigation/tabs/OrreryStack.tsx:63 < route:ThingsToRemember@src/navigation/tabs/OrreryStack.tsx || View@528{currentStateRow} < View@514{group} < ScrollView@439{#things-to-remember-screen} < ⟨ThingsToRememberScreen⟩ < ThingsToRememberScreen@src/navigation/tabs/SettingsStack.tsx:249 < route:ThingsToRemember@src/navigation/tabs/SettingsStack.tsx,bare
ThingsToRemember,src/screens/ThingsToRememberScreen.tsx:546,ThingsToRememberScreen,AppText,accentText,caption 14/400,4.5,ESTIMATED(n/a),ESTIMATED(n/a),ESTIMATED(n/a),presentation (veil galaxy 0.02 / standard 0.05),VERIFIED(hand-read 38.5-01),HAND 38.5-01: token accent->accentText since the brief (38.4-16 d822085 / 38.4-review 6407fb1 misrole swap); caption link in Pressable{action} border only < View{actions} < View{currentStateRow} < View{group} (border only) < ScrollView (the ChromeScrim at :446 wraps the header only); string: current-state action; analyzer error: none (carried from v2) || AST: Pressable@537{action} < View@536{actions} < View@528{currentStateRow} < View@514{group} < ScrollView@439{#things-to-remember-screen} < ⟨ThingsToRememberScreen⟩ < ThingsToRememberScreen@src/navigation/tabs/DashboardStack.tsx:49 < route:ThingsToRemember@src/navigation/tabs/DashboardStack.tsx || Pressable@537{action} < View@536{actions} < View@528{currentStateRow} < View@514{group} < ScrollView@439{#things-to-remember-screen} < ⟨ThingsToRememberScreen⟩ < ThingsToRememberScreen@src/navigation/tabs/DigestStack.tsx:39 < route:ThingsToRemember@src/navigation/tabs/DigestStack.tsx || Pressable@537{action} < View@536{actions} < View@528{currentStateRow} < View@514{group} < ScrollView@439{#things-to-remember-screen} < ⟨ThingsToRememberScreen⟩ < ThingsToRememberScreen@src/navigation/tabs/EventsStack.tsx:39 < route:ThingsToRemember@src/navigation/tabs/EventsStack.tsx || Pressable@537{action} < View@536{actions} < View@528{currentStateRow} < View@514{group} < ScrollView@439{#things-to-remember-screen} < ⟨ThingsToRememberScreen⟩ < ThingsToRememberScreen@src/navigation/tabs/OrreryStack.tsx:63 < route:ThingsToRemember@src/navigation/tabs/OrreryStack.tsx || Pressable@537{action} < View@536{actions} < View@528{currentStateRow} < View@514{group} < ScrollView@439{#things-to-remember-screen} < ⟨ThingsToRememberScreen⟩ < ThingsToRememberScreen@src/navigation/tabs/SettingsStack.tsx:249 < route:ThingsToRemember@src/navigation/tabs/SettingsStack.tsx,bare
ThingsToRemember,src/screens/ThingsToRememberScreen.tsx:561,ThingsToRememberScreen,AppText,accentText,caption 14/400,4.5,ESTIMATED(n/a),ESTIMATED(n/a),ESTIMATED(n/a),presentation (veil galaxy 0.02 / standard 0.05),VERIFIED(hand-read 38.5-01),HAND 38.5-01: token accent->accentText since the brief (38.4-16 d822085 / 38.4-review 6407fb1 misrole swap); same chain as :546; string: current-state action; analyzer error: none (carried from v2) || AST: Pressable@550{action} < View@536{actions} < View@528{currentStateRow} < View@514{group} < ScrollView@439{#things-to-remember-screen} < ⟨ThingsToRememberScreen⟩ < ThingsToRememberScreen@src/navigation/tabs/DashboardStack.tsx:49 < route:ThingsToRemember@src/navigation/tabs/DashboardStack.tsx || Pressable@550{action} < View@536{actions} < View@528{currentStateRow} < View@514{group} < ScrollView@439{#things-to-remember-screen} < ⟨ThingsToRememberScreen⟩ < ThingsToRememberScreen@src/navigation/tabs/DigestStack.tsx:39 < route:ThingsToRemember@src/navigation/tabs/DigestStack.tsx || Pressable@550{action} < View@536{actions} < View@528{currentStateRow} < View@514{group} < ScrollView@439{#things-to-remember-screen} < ⟨ThingsToRememberScreen⟩ < ThingsToRememberScreen@src/navigation/tabs/EventsStack.tsx:39 < route:ThingsToRemember@src/navigation/tabs/EventsStack.tsx || Pressable@550{action} < View@536{actions} < View@528{currentStateRow} < View@514{group} < ScrollView@439{#things-to-remember-screen} < ⟨ThingsToRememberScreen⟩ < ThingsToRememberScreen@src/navigation/tabs/OrreryStack.tsx:63 < route:ThingsToRemember@src/navigation/tabs/OrreryStack.tsx || Pressable@550{action} < View@536{actions} < View@528{currentStateRow} < View@514{group} < ScrollView@439{#things-to-remember-screen} < ⟨ThingsToRememberScreen⟩ < ThingsToRememberScreen@src/navigation/tabs/SettingsStack.tsx:249 < route:ThingsToRemember@src/navigation/tabs/SettingsStack.tsx,bare
ThingsToRemember,src/screens/ThingsToRememberScreen.tsx:589,ThingsToRememberScreen,AppText,accentText,caption 14/400,4.5,ESTIMATED(n/a),ESTIMATED(n/a),ESTIMATED(n/a),presentation (veil galaxy 0.02 / standard 0.05),VERIFIED(hand-read 38.5-01),HAND 38.5-01: token accent->accentText since the brief (38.4-16 d822085 / 38.4-review 6407fb1 misrole swap); Pressable{action} < View{inlineDraft} < View{currentStateRow} < View{group} border only < ScrollView; string: inline draft action; analyzer error: none (carried from v2) || AST: Pressable@583{action} < View@567{inlineDraft} < View@528{currentStateRow} < View@514{group} < ScrollView@439{#things-to-remember-screen} < ⟨ThingsToRememberScreen⟩ < ThingsToRememberScreen@src/navigation/tabs/DashboardStack.tsx:49 < route:ThingsToRemember@src/navigation/tabs/DashboardStack.tsx || Pressable@583{action} < View@567{inlineDraft} < View@528{currentStateRow} < View@514{group} < ScrollView@439{#things-to-remember-screen} < ⟨ThingsToRememberScreen⟩ < ThingsToRememberScreen@src/navigation/tabs/DigestStack.tsx:39 < route:ThingsToRemember@src/navigation/tabs/DigestStack.tsx || Pressable@583{action} < View@567{inlineDraft} < View@528{currentStateRow} < View@514{group} < ScrollView@439{#things-to-remember-screen} < ⟨ThingsToRememberScreen⟩ < ThingsToRememberScreen@src/navigation/tabs/EventsStack.tsx:39 < route:ThingsToRemember@src/navigation/tabs/EventsStack.tsx || Pressable@583{action} < View@567{inlineDraft} < View@528{currentStateRow} < View@514{group} < ScrollView@439{#things-to-remember-screen} < ⟨ThingsToRememberScreen⟩ < ThingsToRememberScreen@src/navigation/tabs/OrreryStack.tsx:63 < route:ThingsToRemember@src/navigation/tabs/OrreryStack.tsx || Pressable@583{action} < View@567{inlineDraft} < View@528{currentStateRow} < View@514{group} < ScrollView@439{#things-to-remember-screen} < ⟨ThingsToRememberScreen⟩ < ThingsToRememberScreen@src/navigation/tabs/SettingsStack.tsx:249 < route:ThingsToRemember@src/navigation/tabs/SettingsStack.tsx,bare
ThingsToRemember,src/screens/ThingsToRememberScreen.tsx:607,ThingsToRememberScreen,AppText,textPrimary(default),heading 20/600,4.5*,ESTIMATED(n/a),ESTIMATED(n/a),ESTIMATED(n/a),presentation (veil galaxy 0.02 / standard 0.05),"ESTIMATED(AST-traced, not hand-read)",View@603{group} < ScrollView@439{#things-to-remember-screen} < ⟨ThingsToRememberScreen⟩ < ThingsToRememberScreen@src/navigation/tabs/DashboardStack.tsx:49 < route:ThingsToRemember@src/navigation/tabs/DashboardStack.tsx || View@603{group} < ScrollView@439{#things-to-remember-screen} < ⟨ThingsToRememberScreen⟩ < ThingsToRememberScreen@src/navigation/tabs/DigestStack.tsx:39 < route:ThingsToRemember@src/navigation/tabs/DigestStack.tsx || View@603{group} < ScrollView@439{#things-to-remember-screen} < ⟨ThingsToRememberScreen⟩ < ThingsToRememberScreen@src/navigation/tabs/EventsStack.tsx:39 < route:ThingsToRemember@src/navigation/tabs/EventsStack.tsx || View@603{group} < ScrollView@439{#things-to-remember-screen} < ⟨ThingsToRememberScreen⟩ < ThingsToRememberScreen@src/navigation/tabs/OrreryStack.tsx:63 < route:ThingsToRemember@src/navigation/tabs/OrreryStack.tsx || View@603{group} < ScrollView@439{#things-to-remember-screen} < ⟨ThingsToRememberScreen⟩ < ThingsToRememberScreen@src/navigation/tabs/SettingsStack.tsx:249 < route:ThingsToRemember@src/navigation/tabs/SettingsStack.tsx,bare
ThingsToRemember,src/screens/ThingsToRememberScreen.tsx:610,ThingsToRememberScreen,AppText,textSecondary,label 14/600,4.5,ESTIMATED(n/a),ESTIMATED(n/a),ESTIMATED(n/a),presentation (veil galaxy 0.02 / standard 0.05),"ESTIMATED(AST-traced, not hand-read)",View@609{readOnlyRow} < View@603{group} < ScrollView@439{#things-to-remember-screen} < ⟨ThingsToRememberScreen⟩ < ThingsToRememberScreen@src/navigation/tabs/DashboardStack.tsx:49 < route:ThingsToRemember@src/navigation/tabs/DashboardStack.tsx || View@609{readOnlyRow} < View@603{group} < ScrollView@439{#things-to-remember-screen} < ⟨ThingsToRememberScreen⟩ < ThingsToRememberScreen@src/navigation/tabs/DigestStack.tsx:39 < route:ThingsToRemember@src/navigation/tabs/DigestStack.tsx || View@609{readOnlyRow} < View@603{group} < ScrollView@439{#things-to-remember-screen} < ⟨ThingsToRememberScreen⟩ < ThingsToRememberScreen@src/navigation/tabs/EventsStack.tsx:39 < route:ThingsToRemember@src/navigation/tabs/EventsStack.tsx || View@609{readOnlyRow} < View@603{group} < ScrollView@439{#things-to-remember-screen} < ⟨ThingsToRememberScreen⟩ < ThingsToRememberScreen@src/navigation/tabs/OrreryStack.tsx:63 < route:ThingsToRemember@src/navigation/tabs/OrreryStack.tsx || View@609{readOnlyRow} < View@603{group} < ScrollView@439{#things-to-remember-screen} < ⟨ThingsToRememberScreen⟩ < ThingsToRememberScreen@src/navigation/tabs/SettingsStack.tsx:249 < route:ThingsToRemember@src/navigation/tabs/SettingsStack.tsx,bare
ThingsToRemember,src/screens/ThingsToRememberScreen.tsx:613,ThingsToRememberScreen,AppText,textPrimary(default),body 16/400,4.5,ESTIMATED(n/a),ESTIMATED(n/a),ESTIMATED(n/a),presentation (veil galaxy 0.02 / standard 0.05),"ESTIMATED(AST-traced, not hand-read)",View@609{readOnlyRow} < View@603{group} < ScrollView@439{#things-to-remember-screen} < ⟨ThingsToRememberScreen⟩ < ThingsToRememberScreen@src/navigation/tabs/DashboardStack.tsx:49 < route:ThingsToRemember@src/navigation/tabs/DashboardStack.tsx || View@609{readOnlyRow} < View@603{group} < ScrollView@439{#things-to-remember-screen} < ⟨ThingsToRememberScreen⟩ < ThingsToRememberScreen@src/navigation/tabs/DigestStack.tsx:39 < route:ThingsToRemember@src/navigation/tabs/DigestStack.tsx || View@609{readOnlyRow} < View@603{group} < ScrollView@439{#things-to-remember-screen} < ⟨ThingsToRememberScreen⟩ < ThingsToRememberScreen@src/navigation/tabs/EventsStack.tsx:39 < route:ThingsToRemember@src/navigation/tabs/EventsStack.tsx || View@609{readOnlyRow} < View@603{group} < ScrollView@439{#things-to-remember-screen} < ⟨ThingsToRememberScreen⟩ < ThingsToRememberScreen@src/navigation/tabs/OrreryStack.tsx:63 < route:ThingsToRemember@src/navigation/tabs/OrreryStack.tsx || View@609{readOnlyRow} < View@603{group} < ScrollView@439{#things-to-remember-screen} < ⟨ThingsToRememberScreen⟩ < ThingsToRememberScreen@src/navigation/tabs/SettingsStack.tsx:249 < route:ThingsToRemember@src/navigation/tabs/SettingsStack.tsx,bare
ThingsToRemember,src/screens/ThingsToRememberScreen.tsx:619,ThingsToRememberScreen,AppText,textPrimary(default),heading 20/600,4.5*,ESTIMATED(n/a),ESTIMATED(n/a),ESTIMATED(n/a),presentation (veil galaxy 0.02 / standard 0.05),VERIFIED(hand-read 38.5-01),HAND 38.5-01 [sample(c) seed 385001]: View{group} border only < ScrollView; string: relationships group name; analyzer error: none (carried from v2) || AST: View@618{group} < ScrollView@439{#things-to-remember-screen} < ⟨ThingsToRememberScreen⟩ < ThingsToRememberScreen@src/navigation/tabs/DashboardStack.tsx:49 < route:ThingsToRemember@src/navigation/tabs/DashboardStack.tsx || View@618{group} < ScrollView@439{#things-to-remember-screen} < ⟨ThingsToRememberScreen⟩ < ThingsToRememberScreen@src/navigation/tabs/DigestStack.tsx:39 < route:ThingsToRemember@src/navigation/tabs/DigestStack.tsx || View@618{group} < ScrollView@439{#things-to-remember-screen} < ⟨ThingsToRememberScreen⟩ < ThingsToRememberScreen@src/navigation/tabs/EventsStack.tsx:39 < route:ThingsToRemember@src/navigation/tabs/EventsStack.tsx || View@618{group} < ScrollView@439{#things-to-remember-screen} < ⟨ThingsToRememberScreen⟩ < ThingsToRememberScreen@src/navigation/tabs/OrreryStack.tsx:63 < route:ThingsToRemember@src/navigation/tabs/OrreryStack.tsx || View@618{group} < ScrollView@439{#things-to-remember-screen} < ⟨ThingsToRememberScreen⟩ < ThingsToRememberScreen@src/navigation/tabs/SettingsStack.tsx:249 < route:ThingsToRemember@src/navigation/tabs/SettingsStack.tsx,bare
ThingsToRemember,src/screens/ThingsToRememberScreen.tsx:639,ThingsToRememberScreen,AppText,textPrimary(default),heading 20/600,4.5*,ESTIMATED(n/a),ESTIMATED(n/a),ESTIMATED(n/a),presentation (veil galaxy 0.02 / standard 0.05),"ESTIMATED(AST-traced, not hand-read)",View@634{group} < ScrollView@439{#things-to-remember-screen} < ⟨ThingsToRememberScreen⟩ < ThingsToRememberScreen@src/navigation/tabs/DashboardStack.tsx:49 < route:ThingsToRemember@src/navigation/tabs/DashboardStack.tsx || View@634{group} < ScrollView@439{#things-to-remember-screen} < ⟨ThingsToRememberScreen⟩ < ThingsToRememberScreen@src/navigation/tabs/DigestStack.tsx:39 < route:ThingsToRemember@src/navigation/tabs/DigestStack.tsx || View@634{group} < ScrollView@439{#things-to-remember-screen} < ⟨ThingsToRememberScreen⟩ < ThingsToRememberScreen@src/navigation/tabs/EventsStack.tsx:39 < route:ThingsToRemember@src/navigation/tabs/EventsStack.tsx || View@634{group} < ScrollView@439{#things-to-remember-screen} < ⟨ThingsToRememberScreen⟩ < ThingsToRememberScreen@src/navigation/tabs/OrreryStack.tsx:63 < route:ThingsToRemember@src/navigation/tabs/OrreryStack.tsx || View@634{group} < ScrollView@439{#things-to-remember-screen} < ⟨ThingsToRememberScreen⟩ < ThingsToRememberScreen@src/navigation/tabs/SettingsStack.tsx:249 < route:ThingsToRemember@src/navigation/tabs/SettingsStack.tsx,bare
ThingsToRemember,src/screens/ThingsToRememberScreen.tsx:663,ThingsToRememberScreen,AppText,accentText,caption 14/400,4.5,ESTIMATED(n/a),ESTIMATED(n/a),ESTIMATED(n/a),presentation (veil galaxy 0.02 / standard 0.05),VERIFIED(hand-read 38.5-01),HAND 38.5-01: token accent->accentText since the brief (38.4-16 d822085 / 38.4-review 6407fb1 misrole swap); Pressable{action} < memory group View (border only) < ScrollView; string: group action; analyzer error: none (carried from v2) || AST: Pressable@656{action} < View@634{group} < ScrollView@439{#things-to-remember-screen} < ⟨ThingsToRememberScreen⟩ < ThingsToRememberScreen@src/navigation/tabs/DashboardStack.tsx:49 < route:ThingsToRemember@src/navigation/tabs/DashboardStack.tsx || Pressable@656{action} < View@634{group} < ScrollView@439{#things-to-remember-screen} < ⟨ThingsToRememberScreen⟩ < ThingsToRememberScreen@src/navigation/tabs/DigestStack.tsx:39 < route:ThingsToRemember@src/navigation/tabs/DigestStack.tsx || Pressable@656{action} < View@634{group} < ScrollView@439{#things-to-remember-screen} < ⟨ThingsToRememberScreen⟩ < ThingsToRememberScreen@src/navigation/tabs/EventsStack.tsx:39 < route:ThingsToRemember@src/navigation/tabs/EventsStack.tsx || Pressable@656{action} < View@634{group} < ScrollView@439{#things-to-remember-screen} < ⟨ThingsToRememberScreen⟩ < ThingsToRememberScreen@src/navigation/tabs/OrreryStack.tsx:63 < route:ThingsToRemember@src/navigation/tabs/OrreryStack.tsx || Pressable@656{action} < View@634{group} < ScrollView@439{#things-to-remember-screen} < ⟨ThingsToRememberScreen⟩ < ThingsToRememberScreen@src/navigation/tabs/SettingsStack.tsx:249 < route:ThingsToRemember@src/navigation/tabs/SettingsStack.tsx,bare
ThingsToRemember,src/screens/ThingsToRememberScreen.tsx:678,ThingsToRememberScreen,AppText,accentText,body 16/400,4.5,ESTIMATED(n/a),ESTIMATED(n/a),ESTIMATED(n/a),presentation (veil galaxy 0.02 / standard 0.05),VERIFIED(hand-read 38.5-01),HAND 38.5-01: token accent->accentText since the brief (38.4-16 d822085 / 38.4-review 6407fb1 misrole swap); Pressable (no fill) < memory group View (border only) < ScrollView; string: group add action; analyzer error: none (carried from v2) || AST: Pressable@670{tertiary} < View@634{group} < ScrollView@439{#things-to-remember-screen} < ⟨ThingsToRememberScreen⟩ < ThingsToRememberScreen@src/navigation/tabs/DashboardStack.tsx:49 < route:ThingsToRemember@src/navigation/tabs/DashboardStack.tsx || Pressable@670{tertiary} < View@634{group} < ScrollView@439{#things-to-remember-screen} < ⟨ThingsToRememberScreen⟩ < ThingsToRememberScreen@src/navigation/tabs/DigestStack.tsx:39 < route:ThingsToRemember@src/navigation/tabs/DigestStack.tsx || Pressable@670{tertiary} < View@634{group} < ScrollView@439{#things-to-remember-screen} < ⟨ThingsToRememberScreen⟩ < ThingsToRememberScreen@src/navigation/tabs/EventsStack.tsx:39 < route:ThingsToRemember@src/navigation/tabs/EventsStack.tsx || Pressable@670{tertiary} < View@634{group} < ScrollView@439{#things-to-remember-screen} < ⟨ThingsToRememberScreen⟩ < ThingsToRememberScreen@src/navigation/tabs/OrreryStack.tsx:63 < route:ThingsToRemember@src/navigation/tabs/OrreryStack.tsx || Pressable@670{tertiary} < View@634{group} < ScrollView@439{#things-to-remember-screen} < ⟨ThingsToRememberScreen⟩ < ThingsToRememberScreen@src/navigation/tabs/SettingsStack.tsx:249 < route:ThingsToRemember@src/navigation/tabs/SettingsStack.tsx,bare
UnboundContacts,src/screens/UnboundContactsScreen.tsx:137,UnboundContactsScreen,Text,textSecondary,Text ?,4.5,ESTIMATED(n/a),ESTIMATED(n/a),ESTIMATED(n/a),presentation (veil galaxy 0.02 / standard 0.05),VERIFIED(hand-read 38.5-01),HAND 38.5-01 [sample(c) seed 385001]: search-clear Pressable (no fill) < View{searchRow} < View{content} < View{root}; string: clear glyph; analyzer error: none (carried from v2) || AST: Pressable@130{searchClear} < View@111{searchRow} < View@110{content} < View@68{root} < ⟨UnboundContactsScreen⟩ < UnboundContactsScreen@src/navigation/tabs/DashboardStack.tsx:64 < route:UnboundContacts@src/navigation/tabs/DashboardStack.tsx,bare
UpdateContact,src/components/ContactMethodsEditor.tsx:64,ContactMethodsEditor,Text,textPrimary,"Text 16/""600""",4.5,ESTIMATED(n/a),ESTIMATED(n/a),ESTIMATED(n/a),dense (veil galaxy 0.22 / standard 0.3),VERIFIED(hand-read 38.5-01),"HAND 38.5-01 [multi-render-site (c)]: View{group} (no fill) < View{container}; bare under ImportReview:549 (View{field} < ScrollView) and UpdateContact:595 (EditorFrame), backed under Create:613 / Edit:1498 (AccordionSection surface); string: group heading; analyzer error: none (carried from v2) || AST: View@63{group} < {group}@203 < View@202{container} < ⟨ContactMethodsEditor⟩ < <ContactMethodsEditor>@src/screens/CreateContactScreen.tsx:613 < backed:opaque AccordionSection@606 via AccordionSection.children || View@63{group} < {group}@203 < View@202{container} < ⟨ContactMethodsEditor⟩ < <ContactMethodsEditor>@src/screens/EditContactScreen.tsx:1498 < backed:opaque AccordionSection@1491 via AccordionSection.children || View@63{group} < {group}@203 < View@202{container} < ⟨ContactMethodsEditor⟩ < <ContactMethodsEditor>@src/screens/ImportReviewScreen.tsx:549 < View@548{field} < ScrollView@381 < ⟨ImportReviewScreen⟩ < ImportReviewScreen@src/navigation/tabs/SettingsStack.tsx:268 < route:ImportReview@src/navigation/tabs/SettingsStack.tsx || View@63{group} < {group}@203 < View@202{container} < ⟨ContactMethodsEditor⟩ < <ContactMethodsEditor>@src/screens/UpdateContactScreen.tsx:595 < EditorFrame@594 < ⟨ContactMethodFocusedEditor⟩ < <ContactMethodFocusedEditor>@src/screens/UpdateContactScreen.tsx:915 < {renderActiveEditor}@960 < ScrollView@958 < View@956{root} < ⟨UpdateContactScreen⟩ < UpdateContactScreen@src/navigation/tabs/DashboardStack.tsx:44 < route:UpdateContact@src/navigation/tabs/DashboardStack.tsx || View@63{group} < {group}@204 < View@202{container} < ⟨ContactMethodsEditor⟩ < <ContactMethodsEditor>@src/screens/CreateContactScreen.tsx:613 < backed:opaque AccordionSection@606 via AccordionSection.children || View@63{group} < {group}@204 < View@202{container} < ⟨ContactMethodsEditor⟩ < <ContactMethodsEditor>@src/screens/EditContactScreen.tsx:1498 < backed:opaque AccordionSection@1491 via AccordionSection.children || View@63{group} < {group}@204 < View@202{container} < ⟨ContactMethodsEditor⟩ < <ContactMethodsEditor>@src/screens/ImportReviewScreen.tsx:549 < View@548{field} < ScrollView@381 < ⟨ImportReviewScreen⟩ < ImportReviewScreen@src/navigation/tabs/SettingsStack.tsx:268 < route:ImportReview@src/navigation/tabs/SettingsStack.tsx || View@63{group} < {group}@204 < View@202{container} < ⟨ContactMethodsEditor⟩ < <ContactMethodsEditor>@src/screens/UpdateContactScreen.tsx:595 < EditorFrame@594 < ⟨ContactMethodFocusedEditor⟩ < <ContactMethodFocusedEditor>@src/screens/UpdateContactScreen.tsx:915 < {renderActiveEditor}@960 < ScrollView@958 < View@956{root} < ⟨UpdateContactScreen⟩ < UpdateContactScreen@src/navigation/tabs/DashboardStack.tsx:44 < route:UpdateContact@src/navigation/tabs/DashboardStack.tsx",mixed
UpdateContact,src/components/ContactMethodsEditor.tsx:68,ContactMethodsEditor,Text,textSecondary,Text 13,4.5,ESTIMATED(n/a),ESTIMATED(n/a),ESTIMATED(n/a),dense (veil galaxy 0.22 / standard 0.3),VERIFIED(hand-read 38.5-01),"HAND 38.5-01 [multi-render-site (c)]: View{group} (no fill) < View{container}; bare under ImportReview:549 (View{field} < ScrollView) and UpdateContact:595 (EditorFrame), backed under Create:613 / Edit:1498 (AccordionSection surface); string: empty copy; analyzer error: none (carried from v2) || AST: View@63{group} < {group}@203 < View@202{container} < ⟨ContactMethodsEditor⟩ < <ContactMethodsEditor>@src/screens/CreateContactScreen.tsx:613 < backed:opaque AccordionSection@606 via AccordionSection.children || View@63{group} < {group}@203 < View@202{container} < ⟨ContactMethodsEditor⟩ < <ContactMethodsEditor>@src/screens/EditContactScreen.tsx:1498 < backed:opaque AccordionSection@1491 via AccordionSection.children || View@63{group} < {group}@203 < View@202{container} < ⟨ContactMethodsEditor⟩ < <ContactMethodsEditor>@src/screens/ImportReviewScreen.tsx:549 < View@548{field} < ScrollView@381 < ⟨ImportReviewScreen⟩ < ImportReviewScreen@src/navigation/tabs/SettingsStack.tsx:268 < route:ImportReview@src/navigation/tabs/SettingsStack.tsx || View@63{group} < {group}@203 < View@202{container} < ⟨ContactMethodsEditor⟩ < <ContactMethodsEditor>@src/screens/UpdateContactScreen.tsx:595 < EditorFrame@594 < ⟨ContactMethodFocusedEditor⟩ < <ContactMethodFocusedEditor>@src/screens/UpdateContactScreen.tsx:915 < {renderActiveEditor}@960 < ScrollView@958 < View@956{root} < ⟨UpdateContactScreen⟩ < UpdateContactScreen@src/navigation/tabs/DashboardStack.tsx:44 < route:UpdateContact@src/navigation/tabs/DashboardStack.tsx || View@63{group} < {group}@204 < View@202{container} < ⟨ContactMethodsEditor⟩ < <ContactMethodsEditor>@src/screens/CreateContactScreen.tsx:613 < backed:opaque AccordionSection@606 via AccordionSection.children || View@63{group} < {group}@204 < View@202{container} < ⟨ContactMethodsEditor⟩ < <ContactMethodsEditor>@src/screens/EditContactScreen.tsx:1498 < backed:opaque AccordionSection@1491 via AccordionSection.children || View@63{group} < {group}@204 < View@202{container} < ⟨ContactMethodsEditor⟩ < <ContactMethodsEditor>@src/screens/ImportReviewScreen.tsx:549 < View@548{field} < ScrollView@381 < ⟨ImportReviewScreen⟩ < ImportReviewScreen@src/navigation/tabs/SettingsStack.tsx:268 < route:ImportReview@src/navigation/tabs/SettingsStack.tsx || View@63{group} < {group}@204 < View@202{container} < ⟨ContactMethodsEditor⟩ < <ContactMethodsEditor>@src/screens/UpdateContactScreen.tsx:595 < EditorFrame@594 < ⟨ContactMethodFocusedEditor⟩ < <ContactMethodFocusedEditor>@src/screens/UpdateContactScreen.tsx:915 < {renderActiveEditor}@960 < ScrollView@958 < View@956{root} < ⟨UpdateContactScreen⟩ < UpdateContactScreen@src/navigation/tabs/DashboardStack.tsx:44 < route:UpdateContact@src/navigation/tabs/DashboardStack.tsx",mixed
UpdateContact,src/components/ContactMethodsEditor.tsx:183,ContactMethodsEditor,Text,textSecondary,Text 13,4.5,ESTIMATED(n/a),ESTIMATED(n/a),ESTIMATED(n/a),dense (veil galaxy 0.22 / standard 0.3),VERIFIED(hand-read 38.5-01),"HAND 38.5-01 [multi-render-site (c)]: View{group} (no fill) < View{container}; bare under ImportReview:549 (View{field} < ScrollView) and UpdateContact:595 (EditorFrame), backed under Create:613 / Edit:1498 (AccordionSection surface); string: duplicate helper copy; analyzer error: none (carried from v2) || AST: View@63{group} < {group}@203 < View@202{container} < ⟨ContactMethodsEditor⟩ < <ContactMethodsEditor>@src/screens/CreateContactScreen.tsx:613 < backed:opaque AccordionSection@606 via AccordionSection.children || View@63{group} < {group}@203 < View@202{container} < ⟨ContactMethodsEditor⟩ < <ContactMethodsEditor>@src/screens/EditContactScreen.tsx:1498 < backed:opaque AccordionSection@1491 via AccordionSection.children || View@63{group} < {group}@203 < View@202{container} < ⟨ContactMethodsEditor⟩ < <ContactMethodsEditor>@src/screens/ImportReviewScreen.tsx:549 < View@548{field} < ScrollView@381 < ⟨ImportReviewScreen⟩ < ImportReviewScreen@src/navigation/tabs/SettingsStack.tsx:268 < route:ImportReview@src/navigation/tabs/SettingsStack.tsx || View@63{group} < {group}@203 < View@202{container} < ⟨ContactMethodsEditor⟩ < <ContactMethodsEditor>@src/screens/UpdateContactScreen.tsx:595 < EditorFrame@594 < ⟨ContactMethodFocusedEditor⟩ < <ContactMethodFocusedEditor>@src/screens/UpdateContactScreen.tsx:915 < {renderActiveEditor}@960 < ScrollView@958 < View@956{root} < ⟨UpdateContactScreen⟩ < UpdateContactScreen@src/navigation/tabs/DashboardStack.tsx:44 < route:UpdateContact@src/navigation/tabs/DashboardStack.tsx || View@63{group} < {group}@204 < View@202{container} < ⟨ContactMethodsEditor⟩ < <ContactMethodsEditor>@src/screens/CreateContactScreen.tsx:613 < backed:opaque AccordionSection@606 via AccordionSection.children || View@63{group} < {group}@204 < View@202{container} < ⟨ContactMethodsEditor⟩ < <ContactMethodsEditor>@src/screens/EditContactScreen.tsx:1498 < backed:opaque AccordionSection@1491 via AccordionSection.children || View@63{group} < {group}@204 < View@202{container} < ⟨ContactMethodsEditor⟩ < <ContactMethodsEditor>@src/screens/ImportReviewScreen.tsx:549 < View@548{field} < ScrollView@381 < ⟨ImportReviewScreen⟩ < ImportReviewScreen@src/navigation/tabs/SettingsStack.tsx:268 < route:ImportReview@src/navigation/tabs/SettingsStack.tsx || View@63{group} < {group}@204 < View@202{container} < ⟨ContactMethodsEditor⟩ < <ContactMethodsEditor>@src/screens/UpdateContactScreen.tsx:595 < EditorFrame@594 < ⟨ContactMethodFocusedEditor⟩ < <ContactMethodFocusedEditor>@src/screens/UpdateContactScreen.tsx:915 < {renderActiveEditor}@960 < ScrollView@958 < View@956{root} < ⟨UpdateContactScreen⟩ < UpdateContactScreen@src/navigation/tabs/DashboardStack.tsx:44 < route:UpdateContact@src/navigation/tabs/DashboardStack.tsx",mixed
UpdateContact,src/components/ContactMethodsEditor.tsx:194,ContactMethodsEditor,Text,accentText,"Text ?/""600""",4.5,ESTIMATED(n/a),ESTIMATED(n/a),ESTIMATED(n/a),dense (veil galaxy 0.22 / standard 0.3),VERIFIED(hand-read 38.5-01),"HAND 38.5-01: token accent->accentText since the brief (38.4-16 d822085 / 38.4-review 6407fb1 misrole swap); ""+ Add"" Pressable{add} (no fill) < View{group}; same render sites as :64 (bare on ImportReview, UpdateContact); string: copy.add (""+ Add phone"" / ""+ Add email""); analyzer error: none (carried from v2) || AST: Pressable@187{add} < View@63{group} < {group}@203 < View@202{container} < ⟨ContactMethodsEditor⟩ < <ContactMethodsEditor>@src/screens/CreateContactScreen.tsx:613 < backed:opaque AccordionSection@606 via AccordionSection.children || Pressable@187{add} < View@63{group} < {group}@203 < View@202{container} < ⟨ContactMethodsEditor⟩ < <ContactMethodsEditor>@src/screens/EditContactScreen.tsx:1498 < backed:opaque AccordionSection@1491 via AccordionSection.children || Pressable@187{add} < View@63{group} < {group}@203 < View@202{container} < ⟨ContactMethodsEditor⟩ < <ContactMethodsEditor>@src/screens/ImportReviewScreen.tsx:549 < View@548{field} < ScrollView@381 < ⟨ImportReviewScreen⟩ < ImportReviewScreen@src/navigation/tabs/SettingsStack.tsx:268 < route:ImportReview@src/navigation/tabs/SettingsStack.tsx || Pressable@187{add} < View@63{group} < {group}@203 < View@202{container} < ⟨ContactMethodsEditor⟩ < <ContactMethodsEditor>@src/screens/UpdateContactScreen.tsx:595 < EditorFrame@594 < ⟨ContactMethodFocusedEditor⟩ < <ContactMethodFocusedEditor>@src/screens/UpdateContactScreen.tsx:915 < {renderActiveEditor}@960 < ScrollView@958 < View@956{root} < ⟨UpdateContactScreen⟩ < UpdateContactScreen@src/navigation/tabs/DashboardStack.tsx:44 < route:UpdateContact@src/navigation/tabs/DashboardStack.tsx || Pressable@187{add} < View@63{group} < {group}@204 < View@202{container} < ⟨ContactMethodsEditor⟩ < <ContactMethodsEditor>@src/screens/CreateContactScreen.tsx:613 < backed:opaque AccordionSection@606 via AccordionSection.children || Pressable@187{add} < View@63{group} < {group}@204 < View@202{container} < ⟨ContactMethodsEditor⟩ < <ContactMethodsEditor>@src/screens/EditContactScreen.tsx:1498 < backed:opaque AccordionSection@1491 via AccordionSection.children || Pressable@187{add} < View@63{group} < {group}@204 < View@202{container} < ⟨ContactMethodsEditor⟩ < <ContactMethodsEditor>@src/screens/ImportReviewScreen.tsx:549 < View@548{field} < ScrollView@381 < ⟨ImportReviewScreen⟩ < ImportReviewScreen@src/navigation/tabs/SettingsStack.tsx:268 < route:ImportReview@src/navigation/tabs/SettingsStack.tsx || Pressable@187{add} < View@63{group} < {group}@204 < View@202{container} < ⟨ContactMethodsEditor⟩ < <ContactMethodsEditor>@src/screens/UpdateContactScreen.tsx:595 < EditorFrame@594 < ⟨ContactMethodFocusedEditor⟩ < <ContactMethodFocusedEditor>@src/screens/UpdateContactScreen.tsx:915 < {renderActiveEditor}@960 < ScrollView@958 < View@956{root} < ⟨UpdateContactScreen⟩ < UpdateContactScreen@src/navigation/tabs/DashboardStack.tsx:44 < route:UpdateContact@src/navigation/tabs/DashboardStack.tsx",mixed
UpdateContact,src/components/FrequencyPicker.tsx:224,FrequencyPicker,Text,danger,"Text 13/""600""",4.5,ESTIMATED(n/a),ESTIMATED(n/a),ESTIMATED(n/a),dense (veil galaxy 0.22 / standard 0.3),VERIFIED(hand-read 38.5-01),"HAND 38.5-01 [danger (a)]: View{customArea} < View{group}; bare under BulkImportSetup:541 (View{field} < ScrollView; route row NEW vs brief), ImportReview:538 (View{field} < ScrollView) and UpdateContact:667 (EditorFrame, no fill); backed under ContactProfile:503 (surface lifecycle card) and Create:590 / Edit:1462 (AccordionSection surface fill); drifted from :212; string: ""Enter a whole number greater than 0."" (INVALID_INTERVAL_MESSAGE); analyzer error: none (carried from v2) || AST: View@170{customArea} < View@112{group} < ⟨FrequencyPicker⟩ < <FrequencyPicker>@src/screens/BulkImportSetupScreen.tsx:541 < View@485{field} < ScrollView@478 < ⟨BulkImportSetupScreen⟩ < BulkImportSetupScreen@src/navigation/tabs/SettingsStack.tsx:269 < route:BulkImportSetup@src/navigation/tabs/SettingsStack.tsx || View@170{customArea} < View@112{group} < ⟨FrequencyPicker⟩ < <FrequencyPicker>@src/screens/ContactProfileScreen.tsx:503 < backed:opaque View@488{bg surface} || View@170{customArea} < View@112{group} < ⟨FrequencyPicker⟩ < <FrequencyPicker>@src/screens/CreateContactScreen.tsx:590 < View@586{field} < backed:opaque AccordionSection@511 via AccordionSection.children || View@170{customArea} < View@112{group} < ⟨FrequencyPicker⟩ < <FrequencyPicker>@src/screens/EditContactScreen.tsx:1462 < View@1458{field} < backed:opaque AccordionSection@1392 via AccordionSection.children || View@170{customArea} < View@112{group} < ⟨FrequencyPicker⟩ < <FrequencyPicker>@src/screens/ImportReviewScreen.tsx:538 < View@534{field} < ScrollView@381 < ⟨ImportReviewScreen⟩ < ImportReviewScreen@src/navigation/tabs/SettingsStack.tsx:268 < route:ImportReview@src/navigation/tabs/SettingsStack.tsx || View@170{customArea} < View@112{group} < ⟨FrequencyPicker⟩ < <FrequencyPicker>@src/screens/UpdateContactScreen.tsx:667 < EditorFrame@666 < ⟨ContactFrequencyFocusedEditor⟩ < <ContactFrequencyFocusedEditor>@src/screens/UpdateContactScreen.tsx:923 < {renderActiveEditor}@960 < ScrollView@958 < View@956{root} < ⟨UpdateContactScreen⟩ < UpdateContactScreen@src/navigation/tabs/DashboardStack.tsx:44 < route:UpdateContact@src/navigation/tabs/DashboardStack.tsx",mixed
UpdateContact,src/components/PhotoSourcePicker.tsx:320,PhotoSourcePicker,Text,accentText,"Text 16/""600""",4.5,ESTIMATED(n/a),ESTIMATED(n/a),ESTIMATED(n/a),dense (veil galaxy 0.22 / standard 0.3),VERIFIED(hand-read 38.5-01),"HAND 38.5-01: token accent->accentText since the brief (38.4-16 d822085 / 38.4-review 6407fb1 misrole swap); add/change Pressable{actionBtn} (no fill); bare only on UpdateContact custom photo field; string: ""Add photo"" / ""Change photo""; analyzer error: none (carried from v2) || AST: Pressable@313{actionBtn} < View@312{actions} < View@303{root} < ⟨PhotoSourcePicker⟩ < <PhotoSourcePicker>@src/screens/EditContactScreen.tsx:1193 < View@1189{field} < backed:opaque AccordionSection@1179 via AccordionSection.children || Pressable@313{actionBtn} < View@312{actions} < View@303{root} < ⟨PhotoSourcePicker⟩ < <PhotoSourcePicker>@src/screens/SettingsAppearanceScreen.tsx:879 < backed:opaque View@869{bg surface} || Pressable@313{actionBtn} < View@312{actions} < View@303{root} < ⟨PhotoSourcePicker⟩ < <PhotoSourcePicker>@src/components/field-widgets/PhotoFieldWidget.tsx:84 < View@83 < ⟨PhotoFieldWidget⟩ < <PhotoFieldWidget>@src/components/FieldValueInput.tsx:94 < ⟨FieldValueInput⟩ < <FieldValueInput>@src/screens/CreateContactScreen.tsx:757 < View@750{field} < View@745{customBlock} < backed:opaque AccordionSection@739 via AccordionSection.children || Pressable@313{actionBtn} < View@312{actions} < View@303{root} < ⟨PhotoSourcePicker⟩ < <PhotoSourcePicker>@src/components/field-widgets/PhotoFieldWidget.tsx:84 < View@83 < ⟨PhotoFieldWidget⟩ < <PhotoFieldWidget>@src/components/FieldValueInput.tsx:94 < ⟨FieldValueInput⟩ < <FieldValueInput>@src/screens/EditContactScreen.tsx:1629 < View@1625{field} < View@1623{customBlock} < backed:opaque AccordionSection@1616 via AccordionSection.children || Pressable@313{actionBtn} < View@312{actions} < View@303{root} < ⟨PhotoSourcePicker⟩ < <PhotoSourcePicker>@src/components/field-widgets/PhotoFieldWidget.tsx:84 < View@83 < ⟨PhotoFieldWidget⟩ < <PhotoFieldWidget>@src/components/FieldValueInput.tsx:94 < ⟨FieldValueInput⟩ < <FieldValueInput>@src/screens/UpdateContactScreen.tsx:741 < EditorFrame@740 < ⟨CustomFieldFocusedEditor⟩ < <CustomFieldFocusedEditor>@src/screens/UpdateContactScreen.tsx:778 < ⟨GenericCustomFieldsFocusedEditor⟩ < <GenericCustomFieldsFocusedEditor>@src/screens/UpdateContactScreen.tsx:943 < {renderActiveEditor}@960 < ScrollView@958 < View@956{root} < ⟨UpdateContactScreen⟩ < UpdateContactScreen@src/navigation/tabs/DashboardStack.tsx:44 < route:UpdateContact@src/navigation/tabs/DashboardStack.tsx || Pressable@313{actionBtn} < View@312{actions} < View@303{root} < ⟨PhotoSourcePicker⟩ < <PhotoSourcePicker>@src/components/field-widgets/PhotoFieldWidget.tsx:84 < View@83 < ⟨PhotoFieldWidget⟩ < <PhotoFieldWidget>@src/components/FieldValueInput.tsx:94 < ⟨FieldValueInput⟩ < <FieldValueInput>@src/screens/UpdateContactScreen.tsx:741 < EditorFrame@740 < ⟨CustomFieldFocusedEditor⟩ < <CustomFieldFocusedEditor>@src/screens/UpdateContactScreen.tsx:933 < {renderActiveEditor}@960 < ScrollView@958 < View@956{root} < ⟨UpdateContactScreen⟩ < UpdateContactScreen@src/navigation/tabs/DashboardStack.tsx:44 < route:UpdateContact@src/navigation/tabs/DashboardStack.tsx || Pressable@313{actionBtn} < View@312{actions} < View@303{root} < ⟨PhotoSourcePicker⟩ < <PhotoSourcePicker>@src/components/field-widgets/PhotoFieldWidget.tsx:84 < View@83 < ⟨PhotoFieldWidget⟩ < <PhotoFieldWidget>@src/components/FieldValueInput.tsx:94 < ⟨FieldValueInput⟩ < <FieldValueInput>@src/components/FieldDefForm.tsx:382 < backed:opaque View@376{bg surface}",mixed
UpdateContact,src/components/PhotoSourcePicker.tsx:333,PhotoSourcePicker,Text,danger,"Text 16/""600""",4.5,ESTIMATED(n/a),ESTIMATED(n/a),ESTIMATED(n/a),dense (veil galaxy 0.22 / standard 0.3),VERIFIED(hand-read 38.5-01),"HAND 38.5-01 [danger (a)]: Pressable{actionBtn} (no fill) < View{actions} < View{root}; bare only via PhotoFieldWidget < FieldValueInput < UpdateContact:741 CustomFieldFocusedEditor EditorFrame (no fill) < ScrollView; backed under Edit/Create (AccordionSection surface), SettingsAppearance:868 (surface View), FieldDefForm; string: ""Remove photo""; analyzer error: none (carried from v2) || AST: Pressable@326{actionBtn} < View@312{actions} < View@303{root} < ⟨PhotoSourcePicker⟩ < <PhotoSourcePicker>@src/screens/EditContactScreen.tsx:1193 < View@1189{field} < backed:opaque AccordionSection@1179 via AccordionSection.children || Pressable@326{actionBtn} < View@312{actions} < View@303{root} < ⟨PhotoSourcePicker⟩ < <PhotoSourcePicker>@src/screens/SettingsAppearanceScreen.tsx:879 < backed:opaque View@869{bg surface} || Pressable@326{actionBtn} < View@312{actions} < View@303{root} < ⟨PhotoSourcePicker⟩ < <PhotoSourcePicker>@src/components/field-widgets/PhotoFieldWidget.tsx:84 < View@83 < ⟨PhotoFieldWidget⟩ < <PhotoFieldWidget>@src/components/FieldValueInput.tsx:94 < ⟨FieldValueInput⟩ < <FieldValueInput>@src/screens/CreateContactScreen.tsx:757 < View@750{field} < View@745{customBlock} < backed:opaque AccordionSection@739 via AccordionSection.children || Pressable@326{actionBtn} < View@312{actions} < View@303{root} < ⟨PhotoSourcePicker⟩ < <PhotoSourcePicker>@src/components/field-widgets/PhotoFieldWidget.tsx:84 < View@83 < ⟨PhotoFieldWidget⟩ < <PhotoFieldWidget>@src/components/FieldValueInput.tsx:94 < ⟨FieldValueInput⟩ < <FieldValueInput>@src/screens/EditContactScreen.tsx:1629 < View@1625{field} < View@1623{customBlock} < backed:opaque AccordionSection@1616 via AccordionSection.children || Pressable@326{actionBtn} < View@312{actions} < View@303{root} < ⟨PhotoSourcePicker⟩ < <PhotoSourcePicker>@src/components/field-widgets/PhotoFieldWidget.tsx:84 < View@83 < ⟨PhotoFieldWidget⟩ < <PhotoFieldWidget>@src/components/FieldValueInput.tsx:94 < ⟨FieldValueInput⟩ < <FieldValueInput>@src/screens/UpdateContactScreen.tsx:741 < EditorFrame@740 < ⟨CustomFieldFocusedEditor⟩ < <CustomFieldFocusedEditor>@src/screens/UpdateContactScreen.tsx:778 < ⟨GenericCustomFieldsFocusedEditor⟩ < <GenericCustomFieldsFocusedEditor>@src/screens/UpdateContactScreen.tsx:943 < {renderActiveEditor}@960 < ScrollView@958 < View@956{root} < ⟨UpdateContactScreen⟩ < UpdateContactScreen@src/navigation/tabs/DashboardStack.tsx:44 < route:UpdateContact@src/navigation/tabs/DashboardStack.tsx || Pressable@326{actionBtn} < View@312{actions} < View@303{root} < ⟨PhotoSourcePicker⟩ < <PhotoSourcePicker>@src/components/field-widgets/PhotoFieldWidget.tsx:84 < View@83 < ⟨PhotoFieldWidget⟩ < <PhotoFieldWidget>@src/components/FieldValueInput.tsx:94 < ⟨FieldValueInput⟩ < <FieldValueInput>@src/screens/UpdateContactScreen.tsx:741 < EditorFrame@740 < ⟨CustomFieldFocusedEditor⟩ < <CustomFieldFocusedEditor>@src/screens/UpdateContactScreen.tsx:933 < {renderActiveEditor}@960 < ScrollView@958 < View@956{root} < ⟨UpdateContactScreen⟩ < UpdateContactScreen@src/navigation/tabs/DashboardStack.tsx:44 < route:UpdateContact@src/navigation/tabs/DashboardStack.tsx || Pressable@326{actionBtn} < View@312{actions} < View@303{root} < ⟨PhotoSourcePicker⟩ < <PhotoSourcePicker>@src/components/field-widgets/PhotoFieldWidget.tsx:84 < View@83 < ⟨PhotoFieldWidget⟩ < <PhotoFieldWidget>@src/components/FieldValueInput.tsx:94 < ⟨FieldValueInput⟩ < <FieldValueInput>@src/components/FieldDefForm.tsx:382 < backed:opaque View@376{bg surface}",mixed
UpdateContact,src/components/PhotoSourcePicker.tsx:388,PhotoSourcePicker,Text,textSecondary,"Text 16/""600""",4.5,ESTIMATED(n/a),ESTIMATED(n/a),ESTIMATED(n/a),dense (veil galaxy 0.22 / standard 0.3),VERIFIED(hand-read 38.5-01),HAND 38.5-01 [multi-render-site (c)]: add-photo Pressable (no fill) < View{actions} < View{root}; same render sites as :333 (bare only on UpdateContact custom photo field); string: add/change photo label; analyzer error: none (carried from v2) || AST: Pressable@381{actionBtn} < View@312{actions} < View@303{root} < ⟨PhotoSourcePicker⟩ < <PhotoSourcePicker>@src/screens/EditContactScreen.tsx:1193 < View@1189{field} < backed:opaque AccordionSection@1179 via AccordionSection.children || Pressable@381{actionBtn} < View@312{actions} < View@303{root} < ⟨PhotoSourcePicker⟩ < <PhotoSourcePicker>@src/screens/SettingsAppearanceScreen.tsx:879 < backed:opaque View@869{bg surface} || Pressable@381{actionBtn} < View@312{actions} < View@303{root} < ⟨PhotoSourcePicker⟩ < <PhotoSourcePicker>@src/components/field-widgets/PhotoFieldWidget.tsx:84 < View@83 < ⟨PhotoFieldWidget⟩ < <PhotoFieldWidget>@src/components/FieldValueInput.tsx:94 < ⟨FieldValueInput⟩ < <FieldValueInput>@src/screens/CreateContactScreen.tsx:757 < View@750{field} < View@745{customBlock} < backed:opaque AccordionSection@739 via AccordionSection.children || Pressable@381{actionBtn} < View@312{actions} < View@303{root} < ⟨PhotoSourcePicker⟩ < <PhotoSourcePicker>@src/components/field-widgets/PhotoFieldWidget.tsx:84 < View@83 < ⟨PhotoFieldWidget⟩ < <PhotoFieldWidget>@src/components/FieldValueInput.tsx:94 < ⟨FieldValueInput⟩ < <FieldValueInput>@src/screens/EditContactScreen.tsx:1629 < View@1625{field} < View@1623{customBlock} < backed:opaque AccordionSection@1616 via AccordionSection.children || Pressable@381{actionBtn} < View@312{actions} < View@303{root} < ⟨PhotoSourcePicker⟩ < <PhotoSourcePicker>@src/components/field-widgets/PhotoFieldWidget.tsx:84 < View@83 < ⟨PhotoFieldWidget⟩ < <PhotoFieldWidget>@src/components/FieldValueInput.tsx:94 < ⟨FieldValueInput⟩ < <FieldValueInput>@src/screens/UpdateContactScreen.tsx:741 < EditorFrame@740 < ⟨CustomFieldFocusedEditor⟩ < <CustomFieldFocusedEditor>@src/screens/UpdateContactScreen.tsx:778 < ⟨GenericCustomFieldsFocusedEditor⟩ < <GenericCustomFieldsFocusedEditor>@src/screens/UpdateContactScreen.tsx:943 < {renderActiveEditor}@960 < ScrollView@958 < View@956{root} < ⟨UpdateContactScreen⟩ < UpdateContactScreen@src/navigation/tabs/DashboardStack.tsx:44 < route:UpdateContact@src/navigation/tabs/DashboardStack.tsx || Pressable@381{actionBtn} < View@312{actions} < View@303{root} < ⟨PhotoSourcePicker⟩ < <PhotoSourcePicker>@src/components/field-widgets/PhotoFieldWidget.tsx:84 < View@83 < ⟨PhotoFieldWidget⟩ < <PhotoFieldWidget>@src/components/FieldValueInput.tsx:94 < ⟨FieldValueInput⟩ < <FieldValueInput>@src/screens/UpdateContactScreen.tsx:741 < EditorFrame@740 < ⟨CustomFieldFocusedEditor⟩ < <CustomFieldFocusedEditor>@src/screens/UpdateContactScreen.tsx:933 < {renderActiveEditor}@960 < ScrollView@958 < View@956{root} < ⟨UpdateContactScreen⟩ < UpdateContactScreen@src/navigation/tabs/DashboardStack.tsx:44 < route:UpdateContact@src/navigation/tabs/DashboardStack.tsx || Pressable@381{actionBtn} < View@312{actions} < View@303{root} < ⟨PhotoSourcePicker⟩ < <PhotoSourcePicker>@src/components/field-widgets/PhotoFieldWidget.tsx:84 < View@83 < ⟨PhotoFieldWidget⟩ < <PhotoFieldWidget>@src/components/FieldValueInput.tsx:94 < ⟨FieldValueInput⟩ < <FieldValueInput>@src/components/FieldDefForm.tsx:382 < backed:opaque View@376{bg surface},mixed
UpdateContact,src/screens/UpdateContactScreen.tsx:127,EditorFrame,AppText,textPrimary(default),heading 20/600,4.5*,ESTIMATED(n/a),ESTIMATED(n/a),ESTIMATED(n/a),dense (veil galaxy 0.22 / standard 0.3),VERIFIED(hand-read 38.5-01),HAND 38.5-01 [multi-render-site (c)]: EditorFrame heading < View{editor} (no fill); 7 focused-editor render sites < renderActiveEditor < ScrollView; string: editor title; analyzer error: none (carried from v2) || AST: View@126{editor} < ⟨EditorFrame⟩ < <EditorFrame>@src/screens/UpdateContactScreen.tsx:245 < ⟨CurrentStateFocusedEditor⟩ < <CurrentStateFocusedEditor>@src/screens/UpdateContactScreen.tsx:889 < {renderActiveEditor}@960 < ScrollView@958 < View@956{root} < ⟨UpdateContactScreen⟩ < UpdateContactScreen@src/navigation/tabs/DashboardStack.tsx:44 < route:UpdateContact@src/navigation/tabs/DashboardStack.tsx || View@126{editor} < ⟨EditorFrame⟩ < <EditorFrame>@src/screens/UpdateContactScreen.tsx:378 < ⟨KeyPeopleFocusedEditor⟩ < <KeyPeopleFocusedEditor>@src/screens/UpdateContactScreen.tsx:899 < {renderActiveEditor}@960 < ScrollView@958 < View@956{root} < ⟨UpdateContactScreen⟩ < UpdateContactScreen@src/navigation/tabs/DashboardStack.tsx:44 < route:UpdateContact@src/navigation/tabs/DashboardStack.tsx || View@126{editor} < ⟨EditorFrame⟩ < <EditorFrame>@src/screens/UpdateContactScreen.tsx:467 < ⟨OffLimitsFocusedEditor⟩ < <OffLimitsFocusedEditor>@src/screens/UpdateContactScreen.tsx:907 < {renderActiveEditor}@960 < ScrollView@958 < View@956{root} < ⟨UpdateContactScreen⟩ < UpdateContactScreen@src/navigation/tabs/DashboardStack.tsx:44 < route:UpdateContact@src/navigation/tabs/DashboardStack.tsx || View@126{editor} < ⟨EditorFrame⟩ < <EditorFrame>@src/screens/UpdateContactScreen.tsx:594 < ⟨ContactMethodFocusedEditor⟩ < <ContactMethodFocusedEditor>@src/screens/UpdateContactScreen.tsx:915 < {renderActiveEditor}@960 < ScrollView@958 < View@956{root} < ⟨UpdateContactScreen⟩ < UpdateContactScreen@src/navigation/tabs/DashboardStack.tsx:44 < route:UpdateContact@src/navigation/tabs/DashboardStack.tsx || View@126{editor} < ⟨EditorFrame⟩ < <EditorFrame>@src/screens/UpdateContactScreen.tsx:666 < ⟨ContactFrequencyFocusedEditor⟩ < <ContactFrequencyFocusedEditor>@src/screens/UpdateContactScreen.tsx:923 < {renderActiveEditor}@960 < ScrollView@958 < View@956{root} < ⟨UpdateContactScreen⟩ < UpdateContactScreen@src/navigation/tabs/DashboardStack.tsx:44 < route:UpdateContact@src/navigation/tabs/DashboardStack.tsx || View@126{editor} < ⟨EditorFrame⟩ < <EditorFrame>@src/screens/UpdateContactScreen.tsx:740 < ⟨CustomFieldFocusedEditor⟩ < <CustomFieldFocusedEditor>@src/screens/UpdateContactScreen.tsx:778 < ⟨GenericCustomFieldsFocusedEditor⟩ < <GenericCustomFieldsFocusedEditor>@src/screens/UpdateContactScreen.tsx:943 < {renderActiveEditor}@960 < ScrollView@958 < View@956{root} < ⟨UpdateContactScreen⟩ < UpdateContactScreen@src/navigation/tabs/DashboardStack.tsx:44 < route:UpdateContact@src/navigation/tabs/DashboardStack.tsx || View@126{editor} < ⟨EditorFrame⟩ < <EditorFrame>@src/screens/UpdateContactScreen.tsx:740 < ⟨CustomFieldFocusedEditor⟩ < <CustomFieldFocusedEditor>@src/screens/UpdateContactScreen.tsx:933 < {renderActiveEditor}@960 < ScrollView@958 < View@956{root} < ⟨UpdateContactScreen⟩ < UpdateContactScreen@src/navigation/tabs/DashboardStack.tsx:44 < route:UpdateContact@src/navigation/tabs/DashboardStack.tsx || View@126{editor} < ⟨EditorFrame⟩ < <EditorFrame>@src/screens/UpdateContactScreen.tsx:788 < ⟨GenericCustomFieldsFocusedEditor⟩ < <GenericCustomFieldsFocusedEditor>@src/screens/UpdateContactScreen.tsx:943 < {renderActiveEditor}@960 < ScrollView@958 < View@956{root} < ⟨UpdateContactScreen⟩ < UpdateContactScreen@src/navigation/tabs/DashboardStack.tsx:44 < route:UpdateContact@src/navigation/tabs/DashboardStack.tsx,bare
UpdateContact,src/screens/UpdateContactScreen.tsx:132,EditorFrame,AppText,danger,caption 14/400,4.5,ESTIMATED(n/a),ESTIMATED(n/a),ESTIMATED(n/a),dense (veil galaxy 0.22 / standard 0.3),VERIFIED(hand-read 38.5-01),"HAND 38.5-01 [danger (a)]: EditorFrame View{editor} (radius only, no fill) < 7 focused editors (:245 :378 :467 :594 :666 :740 :788) each returned from renderActiveEditor() < ScrollView{content} < View{root} < route UpdateContact; string: ""Couldn't save. Please try again."" (FAILURE_COPY); analyzer error: none (carried from v2) || AST: View@126{editor} < ⟨EditorFrame⟩ < <EditorFrame>@src/screens/UpdateContactScreen.tsx:245 < ⟨CurrentStateFocusedEditor⟩ < <CurrentStateFocusedEditor>@src/screens/UpdateContactScreen.tsx:889 < {renderActiveEditor}@960 < ScrollView@958 < View@956{root} < ⟨UpdateContactScreen⟩ < UpdateContactScreen@src/navigation/tabs/DashboardStack.tsx:44 < route:UpdateContact@src/navigation/tabs/DashboardStack.tsx || View@126{editor} < ⟨EditorFrame⟩ < <EditorFrame>@src/screens/UpdateContactScreen.tsx:378 < ⟨KeyPeopleFocusedEditor⟩ < <KeyPeopleFocusedEditor>@src/screens/UpdateContactScreen.tsx:899 < {renderActiveEditor}@960 < ScrollView@958 < View@956{root} < ⟨UpdateContactScreen⟩ < UpdateContactScreen@src/navigation/tabs/DashboardStack.tsx:44 < route:UpdateContact@src/navigation/tabs/DashboardStack.tsx || View@126{editor} < ⟨EditorFrame⟩ < <EditorFrame>@src/screens/UpdateContactScreen.tsx:467 < ⟨OffLimitsFocusedEditor⟩ < <OffLimitsFocusedEditor>@src/screens/UpdateContactScreen.tsx:907 < {renderActiveEditor}@960 < ScrollView@958 < View@956{root} < ⟨UpdateContactScreen⟩ < UpdateContactScreen@src/navigation/tabs/DashboardStack.tsx:44 < route:UpdateContact@src/navigation/tabs/DashboardStack.tsx || View@126{editor} < ⟨EditorFrame⟩ < <EditorFrame>@src/screens/UpdateContactScreen.tsx:594 < ⟨ContactMethodFocusedEditor⟩ < <ContactMethodFocusedEditor>@src/screens/UpdateContactScreen.tsx:915 < {renderActiveEditor}@960 < ScrollView@958 < View@956{root} < ⟨UpdateContactScreen⟩ < UpdateContactScreen@src/navigation/tabs/DashboardStack.tsx:44 < route:UpdateContact@src/navigation/tabs/DashboardStack.tsx || View@126{editor} < ⟨EditorFrame⟩ < <EditorFrame>@src/screens/UpdateContactScreen.tsx:666 < ⟨ContactFrequencyFocusedEditor⟩ < <ContactFrequencyFocusedEditor>@src/screens/UpdateContactScreen.tsx:923 < {renderActiveEditor}@960 < ScrollView@958 < View@956{root} < ⟨UpdateContactScreen⟩ < UpdateContactScreen@src/navigation/tabs/DashboardStack.tsx:44 < route:UpdateContact@src/navigation/tabs/DashboardStack.tsx || View@126{editor} < ⟨EditorFrame⟩ < <EditorFrame>@src/screens/UpdateContactScreen.tsx:740 < ⟨CustomFieldFocusedEditor⟩ < <CustomFieldFocusedEditor>@src/screens/UpdateContactScreen.tsx:778 < ⟨GenericCustomFieldsFocusedEditor⟩ < <GenericCustomFieldsFocusedEditor>@src/screens/UpdateContactScreen.tsx:943 < {renderActiveEditor}@960 < ScrollView@958 < View@956{root} < ⟨UpdateContactScreen⟩ < UpdateContactScreen@src/navigation/tabs/DashboardStack.tsx:44 < route:UpdateContact@src/navigation/tabs/DashboardStack.tsx || View@126{editor} < ⟨EditorFrame⟩ < <EditorFrame>@src/screens/UpdateContactScreen.tsx:740 < ⟨CustomFieldFocusedEditor⟩ < <CustomFieldFocusedEditor>@src/screens/UpdateContactScreen.tsx:933 < {renderActiveEditor}@960 < ScrollView@958 < View@956{root} < ⟨UpdateContactScreen⟩ < UpdateContactScreen@src/navigation/tabs/DashboardStack.tsx:44 < route:UpdateContact@src/navigation/tabs/DashboardStack.tsx || View@126{editor} < ⟨EditorFrame⟩ < <EditorFrame>@src/screens/UpdateContactScreen.tsx:788 < ⟨GenericCustomFieldsFocusedEditor⟩ < <GenericCustomFieldsFocusedEditor>@src/screens/UpdateContactScreen.tsx:943 < {renderActiveEditor}@960 < ScrollView@958 < View@956{root} < ⟨UpdateContactScreen⟩ < UpdateContactScreen@src/navigation/tabs/DashboardStack.tsx:44 < route:UpdateContact@src/navigation/tabs/DashboardStack.tsx",bare
UpdateContact,src/screens/UpdateContactScreen.tsx:142,EditorFrame,AppText,textSecondary,body 16/400,4.5,ESTIMATED(n/a),ESTIMATED(n/a),ESTIMATED(n/a),dense (veil galaxy 0.22 / standard 0.3),VERIFIED(hand-read 38.5-01),"HAND 38.5-01 [multi-render-site (c)]: EditorFrame Cancel Pressable{secondary} border only < View{editor}; string: ""Cancel""; analyzer error: none (carried from v2) || AST: Pressable@136{secondary} < View@126{editor} < ⟨EditorFrame⟩ < <EditorFrame>@src/screens/UpdateContactScreen.tsx:245 < ⟨CurrentStateFocusedEditor⟩ < <CurrentStateFocusedEditor>@src/screens/UpdateContactScreen.tsx:889 < {renderActiveEditor}@960 < ScrollView@958 < View@956{root} < ⟨UpdateContactScreen⟩ < UpdateContactScreen@src/navigation/tabs/DashboardStack.tsx:44 < route:UpdateContact@src/navigation/tabs/DashboardStack.tsx || Pressable@136{secondary} < View@126{editor} < ⟨EditorFrame⟩ < <EditorFrame>@src/screens/UpdateContactScreen.tsx:378 < ⟨KeyPeopleFocusedEditor⟩ < <KeyPeopleFocusedEditor>@src/screens/UpdateContactScreen.tsx:899 < {renderActiveEditor}@960 < ScrollView@958 < View@956{root} < ⟨UpdateContactScreen⟩ < UpdateContactScreen@src/navigation/tabs/DashboardStack.tsx:44 < route:UpdateContact@src/navigation/tabs/DashboardStack.tsx || Pressable@136{secondary} < View@126{editor} < ⟨EditorFrame⟩ < <EditorFrame>@src/screens/UpdateContactScreen.tsx:467 < ⟨OffLimitsFocusedEditor⟩ < <OffLimitsFocusedEditor>@src/screens/UpdateContactScreen.tsx:907 < {renderActiveEditor}@960 < ScrollView@958 < View@956{root} < ⟨UpdateContactScreen⟩ < UpdateContactScreen@src/navigation/tabs/DashboardStack.tsx:44 < route:UpdateContact@src/navigation/tabs/DashboardStack.tsx || Pressable@136{secondary} < View@126{editor} < ⟨EditorFrame⟩ < <EditorFrame>@src/screens/UpdateContactScreen.tsx:594 < ⟨ContactMethodFocusedEditor⟩ < <ContactMethodFocusedEditor>@src/screens/UpdateContactScreen.tsx:915 < {renderActiveEditor}@960 < ScrollView@958 < View@956{root} < ⟨UpdateContactScreen⟩ < UpdateContactScreen@src/navigation/tabs/DashboardStack.tsx:44 < route:UpdateContact@src/navigation/tabs/DashboardStack.tsx || Pressable@136{secondary} < View@126{editor} < ⟨EditorFrame⟩ < <EditorFrame>@src/screens/UpdateContactScreen.tsx:666 < ⟨ContactFrequencyFocusedEditor⟩ < <ContactFrequencyFocusedEditor>@src/screens/UpdateContactScreen.tsx:923 < {renderActiveEditor}@960 < ScrollView@958 < View@956{root} < ⟨UpdateContactScreen⟩ < UpdateContactScreen@src/navigation/tabs/DashboardStack.tsx:44 < route:UpdateContact@src/navigation/tabs/DashboardStack.tsx || Pressable@136{secondary} < View@126{editor} < ⟨EditorFrame⟩ < <EditorFrame>@src/screens/UpdateContactScreen.tsx:740 < ⟨CustomFieldFocusedEditor⟩ < <CustomFieldFocusedEditor>@src/screens/UpdateContactScreen.tsx:778 < ⟨GenericCustomFieldsFocusedEditor⟩ < <GenericCustomFieldsFocusedEditor>@src/screens/UpdateContactScreen.tsx:943 < {renderActiveEditor}@960 < ScrollView@958 < View@956{root} < ⟨UpdateContactScreen⟩ < UpdateContactScreen@src/navigation/tabs/DashboardStack.tsx:44 < route:UpdateContact@src/navigation/tabs/DashboardStack.tsx || Pressable@136{secondary} < View@126{editor} < ⟨EditorFrame⟩ < <EditorFrame>@src/screens/UpdateContactScreen.tsx:740 < ⟨CustomFieldFocusedEditor⟩ < <CustomFieldFocusedEditor>@src/screens/UpdateContactScreen.tsx:933 < {renderActiveEditor}@960 < ScrollView@958 < View@956{root} < ⟨UpdateContactScreen⟩ < UpdateContactScreen@src/navigation/tabs/DashboardStack.tsx:44 < route:UpdateContact@src/navigation/tabs/DashboardStack.tsx || Pressable@136{secondary} < View@126{editor} < ⟨EditorFrame⟩ < <EditorFrame>@src/screens/UpdateContactScreen.tsx:788 < ⟨GenericCustomFieldsFocusedEditor⟩ < <GenericCustomFieldsFocusedEditor>@src/screens/UpdateContactScreen.tsx:943 < {renderActiveEditor}@960 < ScrollView@958 < View@956{root} < ⟨UpdateContactScreen⟩ < UpdateContactScreen@src/navigation/tabs/DashboardStack.tsx:44 < route:UpdateContact@src/navigation/tabs/DashboardStack.tsx",bare
UpdateContact,src/screens/UpdateContactScreen.tsx:246,CurrentStateFocusedEditor,AppText,textSecondary,caption 14/400,4.5,ESTIMATED(n/a),ESTIMATED(n/a),ESTIMATED(n/a),dense (veil galaxy 0.22 / standard 0.3),"ESTIMATED(AST-traced, not hand-read)",EditorFrame@245 < ⟨CurrentStateFocusedEditor⟩ < <CurrentStateFocusedEditor>@src/screens/UpdateContactScreen.tsx:889 < {renderActiveEditor}@960 < ScrollView@958 < View@956{root} < ⟨UpdateContactScreen⟩ < UpdateContactScreen@src/navigation/tabs/DashboardStack.tsx:44 < route:UpdateContact@src/navigation/tabs/DashboardStack.tsx,bare
UpdateContact,src/screens/UpdateContactScreen.tsx:482,OffLimitsFocusedEditor,AppText,textPrimary(default),body 16/400,4.5,ESTIMATED(n/a),ESTIMATED(n/a),ESTIMATED(n/a),dense (veil galaxy 0.22 / standard 0.3),VERIFIED(hand-read 38.5-01),HAND 38.5-01 [sample(c) seed 385001]: Pressable{listRowMain} < View{listRow} border only < EditorFrame < ScrollView; string: off-limits topic text; analyzer error: none (carried from v2) || AST: Pressable@473{listRowMain} < View@469{listRow} < EditorFrame@467 < ⟨OffLimitsFocusedEditor⟩ < <OffLimitsFocusedEditor>@src/screens/UpdateContactScreen.tsx:907 < {renderActiveEditor}@960 < ScrollView@958 < View@956{root} < ⟨UpdateContactScreen⟩ < UpdateContactScreen@src/navigation/tabs/DashboardStack.tsx:44 < route:UpdateContact@src/navigation/tabs/DashboardStack.tsx,bare
UpdateContact,src/screens/UpdateContactScreen.tsx:490,OffLimitsFocusedEditor,AppText,textSecondary,caption 14/400,4.5,ESTIMATED(n/a),ESTIMATED(n/a),ESTIMATED(n/a),dense (veil galaxy 0.22 / standard 0.3),"ESTIMATED(AST-traced, not hand-read)",Pressable@484{smallAction} < View@469{listRow} < EditorFrame@467 < ⟨OffLimitsFocusedEditor⟩ < <OffLimitsFocusedEditor>@src/screens/UpdateContactScreen.tsx:907 < {renderActiveEditor}@960 < ScrollView@958 < View@956{root} < ⟨UpdateContactScreen⟩ < UpdateContactScreen@src/navigation/tabs/DashboardStack.tsx:44 < route:UpdateContact@src/navigation/tabs/DashboardStack.tsx,bare
UpdateContact,src/screens/UpdateContactScreen.tsx:790,GenericCustomFieldsFocusedEditor,AppText,textSecondary,body 16/400,4.5,ESTIMATED(n/a),ESTIMATED(n/a),ESTIMATED(n/a),dense (veil galaxy 0.22 / standard 0.3),"ESTIMATED(AST-traced, not hand-read)",EditorFrame@788 < ⟨GenericCustomFieldsFocusedEditor⟩ < <GenericCustomFieldsFocusedEditor>@src/screens/UpdateContactScreen.tsx:943 < {renderActiveEditor}@960 < ScrollView@958 < View@956{root} < ⟨UpdateContactScreen⟩ < UpdateContactScreen@src/navigation/tabs/DashboardStack.tsx:44 < route:UpdateContact@src/navigation/tabs/DashboardStack.tsx,bare
UpdateContact,src/screens/UpdateContactScreen.tsx:802,GenericCustomFieldsFocusedEditor,AppText,textPrimary(default),body 16/400,4.5,ESTIMATED(n/a),ESTIMATED(n/a),ESTIMATED(n/a),dense (veil galaxy 0.22 / standard 0.3),"ESTIMATED(AST-traced, not hand-read)",Pressable@795{listRow} < EditorFrame@788 < ⟨GenericCustomFieldsFocusedEditor⟩ < <GenericCustomFieldsFocusedEditor>@src/screens/UpdateContactScreen.tsx:943 < {renderActiveEditor}@960 < ScrollView@958 < View@956{root} < ⟨UpdateContactScreen⟩ < UpdateContactScreen@src/navigation/tabs/DashboardStack.tsx:44 < route:UpdateContact@src/navigation/tabs/DashboardStack.tsx,bare
UpdateContact,src/screens/UpdateContactScreen.tsx:997,UpdateContactScreen,AppText,accentText,body 16/400,4.5,ESTIMATED(n/a),ESTIMATED(n/a),ESTIMATED(n/a),dense (veil galaxy 0.22 / standard 0.3),"ESTIMATED(AST-traced, not hand-read)",Pressable@991{done} < ScrollView@958 < View@956{root} < ⟨UpdateContactScreen⟩ < UpdateContactScreen@src/navigation/tabs/DashboardStack.tsx:44 < route:UpdateContact@src/navigation/tabs/DashboardStack.tsx,bare
